Length: 81920 bytes
0000  04 02 00 00 00 00 00 00 00 00 00 00 00 00 00 00  ................
0010  00 00 00 00 00 00 00 00 00 00 00 00 00 00 00 00  ................
0020  00 00 00 00 00 00 00 00 00 00 00 00 00 00 00 00  ................
0030  00 00 00 00 00 00 00 00 00 00 00 00 00 00 00 00  ................
0040  00 00 00 00 00 00 00 00 00 00 00 00 00 00 00 00  ................
0050  00 00 00 00 00 00 00 00 00 00 00 00 00 00 00 00  ................
0060  00 00 00 00 00 00 00 00 00 00 00 00 00 00 00 00  ................
0070  00 00 00 00 00 00 00 00 00 00 00 00 00 00 00 00  ................
0080  04 02 00 00 00 00 00 00 00 00 00 00 00 00 00 00  ................
0090  00 00 00 00 00 00 00 00 00 00 00 00 00 00 00 00  ................
00a0  00 00 00 00 00 00 00 00 00 00 00 00 00 00 00 00  ................
00b0  00 00 00 00 00 00 00 00 00 00 00 00 00 00 00 00  ................
00c0  00 00 00 00 00 00 00 00 00 00 00 00 00 00 00 00  ................
00d0  00 00 00 00 00 00 00 00 00 00 00 00 00 00 00 00  ................
00e0  00 00 00 00 00 00 00 00 00 00 00 00 00 00 00 00  ................
00f0  00 00 00 00 00 00 00 00 00 00 00 00 00 00 00 00  ................
0100  04 02 00 00 00 00 00 00 00 00 00 00 00 00 00 00  ................
0110  00 00 00 00 00 00 00 00 00 00 00 00 00 00 00 00  ................
0120  00 00 00 00 00 00 00 00 00 00 00 00 00 00 00 00  ................
0130  00 00 00 00 00 00 00 00 00 00 00 00 00 00 00 00  ................
0140  00 00 00 00 00 00 00 00 00 00 00 00 00 00 00 00  ................
0150  00 00 00 00 00 00 00 00 00 00 00 00 00 00 00 00  ................
0160  00 00 00 00 00 00 00 00 00 00 00 00 00 00 00 00  ................
0170  00 00 00 00 00 00 00 00 00 00 00 00 00 00 00 00  ................
0180  04 02 00 00 00 00 00 00 00 00 00 00 00 00 00 00  ................
0190  00 00 00 00 00 00 00 00 00 00 00 00 00 00 00 00  ................
01a0  00 00 00 00 00 00 00 00 00 00 00 00 00 00 00 00  ................
01b0  00 00 00 00 00 00 00 00 00 00 00 00 00 00 00 00  ................
01c0  00 00 00 00 00 00 00 00 00 00 00 00 00 00 00 00  ................
01d0  00 00 00 00 00 00 00 00 00 00 00 00 00 00 00 00  ................
01e0  00 00 00 00 00 00 00 00 00 00 00 00 00 00 00 00  ................
01f0  00 00 00 00 00 00 00 00 00 00 00 00 00 00 00 00  ................
0200  04 02 00 00 00 00 00 00 00 00 00 00 00 00 00 00  ................
0210  00 00 00 00 00 00 00 00 00 00 00 00 00 00 00 00  ................
0220  00 00 00 00 00 00 00 00 00 00 00 00 00 00 00 00  ................
0230  00 00 00 00 00 00 00 00 00 00 00 00 00 00 00 00  ................
0240  00 00 00 00 00 00 00 00 00 00 00 00 00 00 00 00  ................
0250  00 00 00 00 00 00 00 00 00 00 00 00 00 00 00 00  ................
0260  00 00 00 00 00 00 00 00 00 00 00 00 00 00 00 00  ................
0270  00 00 00 00 00 00 00 00 00 00 00 00 00 00 00 00  ................
0280  04 02 00 00 00 00 00 00 00 00 00 00 00 00 00 00  ................
0290  00 00 00 00 00 00 00 00 00 00 00 00 00 00 00 00  ................
02a0  00 00 00 00 00 00 00 00 00 00 00 00 00 00 00 00  ................
02b0  00 00 00 00 00 00 00 00 00 00 00 00 00 00 00 00  ................
02c0  00 00 00 00 00 00 00 00 00 00 00 00 00 00 00 00  ................
02d0  00 00 00 00 00 00 00 00 00 00 00 00 00 00 00 00  ................
02e0  00 00 00 00 00 00 00 00 00 00 00 00 00 00 00 00  ................
02f0  00 00 00 00 00 00 00 00 00 00 00 00 00 00 00 00  ................
0300  04 02 00 00 00 00 00 00 00 00 00 00 00 00 00 00  ................
0310  00 00 00 00 00 00 00 00 00 00 00 00 00 00 00 00  ................
0320  00 00 00 00 00 00 00 00 00 00 00 00 00 00 00 00  ................
0330  00 00 00 00 00 00 00 00 00 00 00 00 00 00 00 00  ................
0340  00 00 00 00 00 00 00 00 00 00 00 00 00 00 00 00  ................
0350  00 00 00 00 00 00 00 00 00 00 00 00 00 00 00 00  ................
0360  00 00 00 00 00 00 00 00 00 00 00 00 00 00 00 00  ................
0370  00 00 00 00 00 00 00 00 00 00 00 00 00 00 00 00  ................
0380  04 02 00 00 00 00 00 00 00 00 00 00 00 00 00 00  ................
0390  00 00 00 00 00 00 00 00 00 00 00 00 00 00 00 00  ................
03a0  00 00 00 00 00 00 00 00 00 00 00 00 00 00 00 00  ................
03b0  00 00 00 00 00 00 00 00 00 00 00 00 00 00 00 00  ................
03c0  00 00 00 00 00 00 00 00 00 00 00 00 00 00 00 00  ................
03d0  00 00 00 00 00 00 00 00 00 00 00 00 00 00 00 00  ................
03e0  00 00 00 00 00 00 00 00 00 00 00 00 00 00 00 00  ................
03f0  00 00 00 00 00 00 00 00 00 00 00 00 00 00 00 00  ................
0400  04 02 00 00 00 00 00 00 00 00 00 00 00 00 00 00  ................
0410  00 00 00 00 00 00 00 00 00 00 00 00 00 00 00 00  ................
0420  00 00 00 00 00 00 00 00 00 00 00 00 00 00 00 00  ................
0430  00 00 00 00 00 00 00 00 00 00 00 00 00 00 00 00  ................
0440  00 00 00 00 00 00 00 00 00 00 00 00 00 00 00 00  ................
0450  00 00 00 00 00 00 00 00 00 00 00 00 00 00 00 00  ................
0460  00 00 00 00 00 00 00 00 00 00 00 00 00 00 00 00  ................
0470  00 00 00 00 00 00 00 00 00 00 00 00 00 00 00 00  ................
0480  04 02 00 00 00 00 00 00 00 00 00 00 00 00 00 00  ................
0490  00 00 00 00 00 00 00 00 00 00 00 00 00 00 00 00  ................
04a0  00 00 00 00 00 00 00 00 00 00 00 00 00 00 00 00  ................
04b0  00 00 00 00 00 00 00 00 00 00 00 00 00 00 00 00  ................
04c0  00 00 00 00 00 00 00 00 00 00 00 00 00 00 00 00  ................
04d0  00 00 00 00 00 00 00 00 00 00 00 00 00 00 00 00  ................
04e0  00 00 00 00 00 00 00 00 00 00 00 00 00 00 00 00  ................
04f0  00 00 00 00 00 00 00 00 00 00 00 00 00 00 00 00  ................
0500  04 02 00 00 00 00 00 00 00 00 00 00 00 00 00 00  ................
0510  00 00 00 00 00 00 00 00 00 00 00 00 00 00 00 00  ................
0520  00 00 00 00 00 00 00 00 00 00 00 00 00 00 00 00  ................
0530  00 00 00 00 00 00 00 00 00 00 00 00 00 00 00 00  ................
0540  00 00 00 00 00 00 00 00 00 00 00 00 00 00 00 00  ................
0550  00 00 00 00 00 00 00 00 00 00 00 00 00 00 00 00  ................
0560  00 00 00 00 00 00 00 00 00 00 00 00 00 00 00 00  ................
0570  00 00 00 00 00 00 00 00 00 00 00 00 00 00 00 00  ................
0580  04 02 00 00 00 00 00 00 00 00 00 00 00 00 00 00  ................
0590  00 00 00 00 00 00 00 00 00 00 00 00 00 00 00 00  ................
05a0  00 00 00 00 00 00 00 00 00 00 00 00 00 00 00 00  ................
05b0  00 00 00 00 00 00 00 00 00 00 00 00 00 00 00 00  ................
05c0  00 00 00 00 00 00 00 00 00 00 00 00 00 00 00 00  ................
05d0  00 00 00 00 00 00 00 00 00 00 00 00 00 00 00 00  ................
05e0  00 00 00 00 00 00 00 00 00 00 00 00 00 00 00 00  ................
05f0  00 00 00 00 00 00 00 00 00 00 00 00 00 00 00 00  ................
0600  04 02 00 00 00 00 00 00 00 00 00 00 00 00 00 00  ................
0610  00 00 00 00 00 00 00 00 00 00 00 00 00 00 00 00  ................
0620  00 00 00 00 00 00 00 00 00 00 00 00 00 00 00 00  ................
0630  00 00 00 00 00 00 00 00 00 00 00 00 00 00 00 00  ................
0640  00 00 00 00 00 00 00 00 00 00 00 00 00 00 00 00  ................
0650  00 00 00 00 00 00 00 00 00 00 00 00 00 00 00 00  ................
0660  00 00 00 00 00 00 00 00 00 00 00 00 00 00 00 00  ................
0670  00 00 00 00 00 00 00 00 00 00 00 00 00 00 00 00  ................
0680  04 02 00 00 00 00 00 00 00 00 00 00 00 00 00 00  ................
0690  00 00 00 00 00 00 00 00 00 00 00 00 00 00 00 00  ................
06a0  00 00 00 00 00 00 00 00 00 00 00 00 00 00 00 00  ................
06b0  00 00 00 00 00 00 00 00 00 00 00 00 00 00 00 00  ................
06c0  00 00 00 00 00 00 00 00 00 00 00 00 00 00 00 00  ................
06d0  00 00 00 00 00 00 00 00 00 00 00 00 00 00 00 00  ................
06e0  00 00 00 00 00 00 00 00 00 00 00 00 00 00 00 00  ................
06f0  00 00 00 00 00 00 00 00 00 00 00 00 00 00 00 00  ................
0700  04 02 00 00 00 00 00 00 00 00 00 00 00 00 00 00  ................
0710  00 00 00 00 00 00 00 00 00 00 00 00 00 00 00 00  ................
0720  00 00 00 00 00 00 00 00 00 00 00 00 00 00 00 00  ................
0730  00 00 00 00 00 00 00 00 00 00 00 00 00 00 00 00  ................
0740  00 00 00 00 00 00 00 00 00 00 00 00 00 00 00 00  ................
0750  00 00 00 00 00 00 00 00 00 00 00 00 00 00 00 00  ................
0760  00 00 00 00 00 00 00 00 00 00 00 00 00 00 00 00  ................
0770  00 00 00 00 00 00 00 00 00 00 00 00 00 00 00 00  ................
0780  04 02 00 00 00 00 00 00 00 00 00 00 00 00 00 00  ................
0790  00 00 00 00 00 00 00 00 00 00 00 00 00 00 00 00  ................
07a0  00 00 00 00 00 00 00 00 00 00 00 00 00 00 00 00  ................
07b0  00 00 00 00 00 00 00 00 00 00 00 00 00 00 00 00  ................
07c0  00 00 00 00 00 00 00 00 00 00 00 00 00 00 00 00  ................
07d0  00 00 00 00 00 00 00 00 00 00 00 00 00 00 00 00  ................
07e0  00 00 00 00 00 00 00 00 00 00 00 00 00 00 00 00  ................
07f0  00 00 00 00 00 00 00 00 00 00 00 00 00 00 00 00  ................
0800  04 02 00 00 00 00 00 00 00 00 00 00 00 00 00 00  ................
0810  00 00 00 00 00 00 00 00 00 00 00 00 00 00 00 00  ................
0820  00 00 00 00 00 00 00 00 00 00 00 00 00 00 00 00  ................
0830  00 00 00 00 00 00 00 00 00 00 00 00 00 00 00 00  ................
0840  00 00 00 00 00 00 00 00 00 00 00 00 00 00 00 00  ................
0850  00 00 00 00 00 00 00 00 00 00 00 00 00 00 00 00  ................
0860  00 00 00 00 00 00 00 00 00 00 00 00 00 00 00 00  ................
0870  00 00 00 00 00 00 00 00 00 00 00 00 00 00 00 00  ................
0880  04 02 00 00 00 00 00 00 00 00 00 00 00 00 00 00  ................
0890  00 00 00 00 00 00 00 00 00 00 00 00 00 00 00 00  ................
08a0  00 00 00 00 00 00 00 00 00 00 00 00 00 00 00 00  ................
08b0  00 00 00 00 00 00 00 00 00 00 00 00 00 00 00 00  ................
08c0  00 00 00 00 00 00 00 00 00 00 00 00 00 00 00 00  ................
08d0  00 00 00 00 00 00 00 00 00 00 00 00 00 00 00 00  ................
08e0  00 00 00 00 00 00 00 00 00 00 00 00 00 00 00 00  ................
08f0  00 00 00 00 00 00 00 00 00 00 00 00 00 00 00 00  ................
0900  04 02 00 00 00 00 00 00 00 00 00 00 00 00 00 00  ................
0910  00 00 00 00 00 00 00 00 00 00 00 00 00 00 00 00  ................
0920  00 00 00 00 00 00 00 00 00 00 00 00 00 00 00 00  ................
0930  00 00 00 00 00 00 00 00 00 00 00 00 00 00 00 00  ................
0940  00 00 00 00 00 00 00 00 00 00 00 00 00 00 00 00  ................
0950  00 00 00 00 00 00 00 00 00 00 00 00 00 00 00 00  ................
0960  00 00 00 00 00 00 00 00 00 00 00 00 00 00 00 00  ................
0970  00 00 00 00 00 00 00 00 00 00 00 00 00 00 00 00  ................
0980  04 02 00 00 00 00 00 00 00 00 00 00 00 00 00 00  ................
0990  00 00 00 00 00 00 00 00 00 00 00 00 00 00 00 00  ................
09a0  00 00 00 00 00 00 00 00 00 00 00 00 00 00 00 00  ................
09b0  00 00 00 00 00 00 00 00 00 00 00 00 00 00 00 00  ................
09c0  00 00 00 00 00 00 00 00 00 00 00 00 00 00 00 00  ................
09d0  00 00 00 00 00 00 00 00 00 00 00 00 00 00 00 00  ................
09e0  00 00 00 00 00 00 00 00 00 00 00 00 00 00 00 00  ................
09f0  00 00 00 00 00 00 00 00 00 00 00 00 00 00 00 00  ................
0a00  04 02 00 00 00 00 00 00 00 00 00 00 00 00 00 00  ................
0a10  00 00 00 00 00 00 00 00 00 00 00 00 00 00 00 00  ................
0a20  00 00 00 00 00 00 00 00 00 00 00 00 00 00 00 00  ................
0a30  00 00 00 00 00 00 00 00 00 00 00 00 00 00 00 00  ................
0a40  00 00 00 00 00 00 00 00 00 00 00 00 00 00 00 00  ................
0a50  00 00 00 00 00 00 00 00 00 00 00 00 00 00 00 00  ................
0a60  00 00 00 00 00 00 00 00 00 00 00 00 00 00 00 00  ................
0a70  00 00 00 00 00 00 00 00 00 00 00 00 00 00 00 00  ................
0a80  04 02 00 00 00 00 00 00 00 00 00 00 00 00 00 00  ................
0a90  00 00 00 00 00 00 00 00 00 00 00 00 00 00 00 00  ................
0aa0  00 00 00 00 00 00 00 00 00 00 00 00 00 00 00 00  ................
0ab0  00 00 00 00 00 00 00 00 00 00 00 00 00 00 00 00  ................
0ac0  00 00 00 00 00 00 00 00 00 00 00 00 00 00 00 00  ................
0ad0  00 00 00 00 00 00 00 00 00 00 00 00 00 00 00 00  ................
0ae0  00 00 00 00 00 00 00 00 00 00 00 00 00 00 00 00  ................
0af0  00 00 00 00 00 00 00 00 00 00 00 00 00 00 00 00  ................
0b00  04 02 00 00 00 00 00 00 00 00 00 00 00 00 00 00  ................
0b10  00 00 00 00 00 00 00 00 00 00 00 00 00 00 00 00  ................
0b20  00 00 00 00 00 00 00 00 00 00 00 00 00 00 00 00  ................
0b30  00 00 00 00 00 00 00 00 00 00 00 00 00 00 00 00  ................
0b40  00 00 00 00 00 00 00 00 00 00 00 00 00 00 00 00  ................
0b50  00 00 00 00 00 00 00 00 00 00 00 00 00 00 00 00  ................
0b60  00 00 00 00 00 00 00 00 00 00 00 00 00 00 00 00  ................
0b70  00 00 00 00 00 00 00 00 00 00 00 00 00 00 00 00  ................
0b80  04 02 00 00 00 00 00 00 00 00 00 00 00 00 00 00  ................
0b90  00 00 00 00 00 00 00 00 00 00 00 00 00 00 00 00  ................
0ba0  00 00 00 00 00 00 00 00 00 00 00 00 00 00 00 00  ................
0bb0  00 00 00 00 00 00 00 00 00 00 00 00 00 00 00 00  ................
0bc0  00 00 00 00 00 00 00 00 00 00 00 00 00 00 00 00  ................
0bd0  00 00 00 00 00 00 00 00 00 00 00 00 00 00 00 00  ................
0be0  00 00 00 00 00 00 00 00 00 00 00 00 00 00 00 00  ................
0bf0  00 00 00 00 00 00 00 00 00 00 00 00 00 00 00 00  ................
0c00  04 02 00 00 00 00 00 00 00 00 00 00 00 00 00 00  ................
0c10  00 00 00 00 00 00 00 00 00 00 00 00 00 00 00 00  ................
0c20  00 00 00 00 00 00 00 00 00 00 00 00 00 00 00 00  ................
0c30  00 00 00 00 00 00 00 00 00 00 00 00 00 00 00 00  ................
0c40  00 00 00 00 00 00 00 00 00 00 00 00 00 00 00 00  ................
0c50  00 00 00 00 00 00 00 00 00 00 00 00 00 00 00 00  ................
0c60  00 00 00 00 00 00 00 00 00 00 00 00 00 00 00 00  ................
0c70  00 00 00 00 00 00 00 00 00 00 00 00 00 00 00 00  ................
0c80  04 02 00 00 00 00 00 00 00 00 00 00 00 00 00 00  ................
0c90  00 00 00 00 00 00 00 00 00 00 00 00 00 00 00 00  ................
0ca0  00 00 00 00 00 00 00 00 00 00 00 00 00 00 00 00  ................
0cb0  00 00 00 00 00 00 00 00 00 00 00 00 00 00 00 00  ................
0cc0  00 00 00 00 00 00 00 00 00 00 00 00 00 00 00 00  ................
0cd0  00 00 00 00 00 00 00 00 00 00 00 00 00 00 00 00  ................
0ce0  00 00 00 00 00 00 00 00 00 00 00 00 00 00 00 00  ................
0cf0  00 00 00 00 00 00 00 00 00 00 00 00 00 00 00 00  ................
0d00  04 02 00 00 00 00 00 00 00 00 00 00 00 00 00 00  ................
0d10  00 00 00 00 00 00 00 00 00 00 00 00 00 00 00 00  ................
0d20  00 00 00 00 00 00 00 00 00 00 00 00 00 00 00 00  ................
0d30  00 00 00 00 00 00 00 00 00 00 00 00 00 00 00 00  ................
0d40  00 00 00 00 00 00 00 00 00 00 00 00 00 00 00 00  ................
0d50  00 00 00 00 00 00 00 00 00 00 00 00 00 00 00 00  ................
0d60  00 00 00 00 00 00 00 00 00 00 00 00 00 00 00 00  ................
0d70  00 00 00 00 00 00 00 00 00 00 00 00 00 00 00 00  ................
0d80  04 02 00 00 00 00 00 00 00 00 00 00 00 00 00 00  ................
0d90  00 00 00 00 00 00 00 00 00 00 00 00 00 00 00 00  ................
0da0  00 00 00 00 00 00 00 00 00 00 00 00 00 00 00 00  ................
0db0  00 00 00 00 00 00 00 00 00 00 00 00 00 00 00 00  ................
0dc0  00 00 00 00 00 00 00 00 00 00 00 00 00 00 00 00  ................
0dd0  00 00 00 00 00 00 00 00 00 00 00 00 00 00 00 00  ................
0de0  00 00 00 00 00 00 00 00 00 00 00 00 00 00 00 00  ................
0df0  00 00 00 00 00 00 00 00 00 00 00 00 00 00 00 00  ................
0e00  04 02 00 00 00 00 00 00 00 00 00 00 00 00 00 00  ................
0e10  00 00 00 00 00 00 00 00 00 00 00 00 00 00 00 00  ................
0e20  00 00 00 00 00 00 00 00 00 00 00 00 00 00 00 00  ................
0e30  00 00 00 00 00 00 00 00 00 00 00 00 00 00 00 00  ................
0e40  00 00 00 00 00 00 00 00 00 00 00 00 00 00 00 00  ................
0e50  00 00 00 00 00 00 00 00 00 00 00 00 00 00 00 00  ................
0e60  00 00 00 00 00 00 00 00 00 00 00 00 00 00 00 00  ................
0e70  00 00 00 00 00 00 00 00 00 00 00 00 00 00 00 00  ................
0e80  04 02 00 00 00 00 00 00 00 00 00 00 00 00 00 00  ................
0e90  00 00 00 00 00 00 00 00 00 00 00 00 00 00 00 00  ................
0ea0  00 00 00 00 00 00 00 00 00 00 00 00 00 00 00 00  ................
0eb0  00 00 00 00 00 00 00 00 00 00 00 00 00 00 00 00  ................
0ec0  00 00 00 00 00 00 00 00 00 00 00 00 00 00 00 00  ................
0ed0  00 00 00 00 00 00 00 00 00 00 00 00 00 00 00 00  ................
0ee0  00 00 00 00 00 00 00 00 00 00 00 00 00 00 00 00  ................
0ef0  00 00 00 00 00 00 00 00 00 00 00 00 00 00 00 00  ................
0f00  04 02 00 00 00 00 00 00 00 00 00 00 00 00 00 00  ................
0f10  00 00 00 00 00 00 00 00 00 00 00 00 00 00 00 00  ................
0f20  00 00 00 00 00 00 00 00 00 00 00 00 00 00 00 00  ................
0f30  00 00 00 00 00 00 00 00 00 00 00 00 00 00 00 00  ................
0f40  00 00 00 00 00 00 00 00 00 00 00 00 00 00 00 00  ................
0f50  00 00 00 00 00 00 00 00 00 00 00 00 00 00 00 00  ................
0f60  00 00 00 00 00 00 00 00 00 00 00 00 00 00 00 00  ................
0f70  00 00 00 00 00 00 00 00 00 00 00 00 00 00 00 00  ................
0f80  04 02 00 00 00 00 00 00 00 00 00 00 00 00 00 00  ................
0f90  00 00 00 00 00 00 00 00 00 00 00 00 00 00 00 00  ................
0fa0  00 00 00 00 00 00 00 00 00 00 00 00 00 00 00 00  ................
0fb0  00 00 00 00 00 00 00 00 00 00 00 00 00 00 00 00  ................
0fc0  00 00 00 00 00 00 00 00 00 00 00 00 00 00 00 00  ................
0fd0  00 00 00 00 00 00 00 00 00 00 00 00 00 00 00 00  ................
0fe0  00 00 00 00 00 00 00 00 00 00 00 00 00 00 00 00  ................
0ff0  00 00 00 00 00 00 00 00 00 00 00 00 00 00 00 00  ................
1000  04 02 00 00 00 00 00 00 00 00 00 00 00 00 00 00  ................
1010  00 00 00 00 00 00 00 00 00 00 00 00 00 00 00 00  ................
1020  00 00 00 00 00 00 00 00 00 00 00 00 00 00 00 00  ................
1030  00 00 00 00 00 00 00 00 00 00 00 00 00 00 00 00  ................
1040  00 00 00 00 00 00 00 00 00 00 00 00 00 00 00 00  ................
1050  00 00 00 00 00 00 00 00 00 00 00 00 00 00 00 00  ................
1060  00 00 00 00 00 00 00 00 00 00 00 00 00 00 00 00  ................
1070  00 00 00 00 00 00 00 00 00 00 00 00 00 00 00 00  ................
1080  04 02 00 00 00 00 00 00 00 00 00 00 00 00 00 00  ................
1090  00 00 00 00 00 00 00 00 00 00 00 00 00 00 00 00  ................
10a0  00 00 00 00 00 00 00 00 00 00 00 00 00 00 00 00  ................
10b0  00 00 00 00 00 00 00 00 00 00 00 00 00 00 00 00  ................
10c0  00 00 00 00 00 00 00 00 00 00 00 00 00 00 00 00  ................
10d0  00 00 00 00 00 00 00 00 00 00 00 00 00 00 00 00  ................
10e0  00 00 00 00 00 00 00 00 00 00 00 00 00 00 00 00  ................
10f0  00 00 00 00 00 00 00 00 00 00 00 00 00 00 00 00  ................
1100  04 02 00 00 00 00 00 00 00 00 00 00 00 00 00 00  ................
1110  00 00 00 00 00 00 00 00 00 00 00 00 00 00 00 00  ................
1120  00 00 00 00 00 00 00 00 00 00 00 00 00 00 00 00  ................
1130  00 00 00 00 00 00 00 00 00 00 00 00 00 00 00 00  ................
1140  00 00 00 00 00 00 00 00 00 00 00 00 00 00 00 00  ................
1150  00 00 00 00 00 00 00 00 00 00 00 00 00 00 00 00  ................
1160  00 00 00 00 00 00 00 00 00 00 00 00 00 00 00 00  ................
1170  00 00 00 00 00 00 00 00 00 00 00 00 00 00 00 00  ................
1180  04 02 00 00 00 00 00 00 00 00 00 00 00 00 00 00  ................
1190  00 00 00 00 00 00 00 00 00 00 00 00 00 00 00 00  ................
11a0  00 00 00 00 00 00 00 00 00 00 00 00 00 00 00 00  ................
11b0  00 00 00 00 00 00 00 00 00 00 00 00 00 00 00 00  ................
11c0  00 00 00 00 00 00 00 00 00 00 00 00 00 00 00 00  ................
11d0  00 00 00 00 00 00 00 00 00 00 00 00 00 00 00 00  ................
11e0  00 00 00 00 00 00 00 00 00 00 00 00 00 00 00 00  ................
11f0  00 00 00 00 00 00 00 00 00 00 00 00 00 00 00 00  ................
1200  04 02 00 00 00 00 00 00 00 00 00 00 00 00 00 00  ................
1210  00 00 00 00 00 00 00 00 00 00 00 00 00 00 00 00  ................
1220  00 00 00 00 00 00 00 00 00 00 00 00 00 00 00 00  ................
1230  00 00 00 00 00 00 00 00 00 00 00 00 00 00 00 00  ................
1240  00 00 00 00 00 00 00 00 00 00 00 00 00 00 00 00  ................
1250  00 00 00 00 00 00 00 00 00 00 00 00 00 00 00 00  ................
1260  00 00 00 00 00 00 00 00 00 00 00 00 00 00 00 00  ................
1270  00 00 00 00 00 00 00 00 00 00 00 00 00 00 00 00  ................
1280  04 02 00 00 00 00 00 00 00 00 00 00 00 00 00 00  ................
1290  00 00 00 00 00 00 00 00 00 00 00 00 00 00 00 00  ................
12a0  00 00 00 00 00 00 00 00 00 00 00 00 00 00 00 00  ................
12b0  00 00 00 00 00 00 00 00 00 00 00 00 00 00 00 00  ................
12c0  00 00 00 00 00 00 00 00 00 00 00 00 00 00 00 00  ................
12d0  00 00 00 00 00 00 00 00 00 00 00 00 00 00 00 00  ................
12e0  00 00 00 00 00 00 00 00 00 00 00 00 00 00 00 00  ................
12f0  00 00 00 00 00 00 00 00 00 00 00 00 00 00 00 00  ................
1300  04 02 00 00 00 00 00 00 00 00 00 00 00 00 00 00  ................
1310  00 00 00 00 00 00 00 00 00 00 00 00 00 00 00 00  ................
1320  00 00 00 00 00 00 00 00 00 00 00 00 00 00 00 00  ................
1330  00 00 00 00 00 00 00 00 00 00 00 00 00 00 00 00  ................
1340  00 00 00 00 00 00 00 00 00 00 00 00 00 00 00 00  ................
1350  00 00 00 00 00 00 00 00 00 00 00 00 00 00 00 00  ................
1360  00 00 00 00 00 00 00 00 00 00 00 00 00 00 00 00  ................
1370  00 00 00 00 00 00 00 00 00 00 00 00 00 00 00 00  ................
1380  04 02 00 00 00 00 00 00 00 00 00 00 00 00 00 00  ................
1390  00 00 00 00 00 00 00 00 00 00 00 00 00 00 00 00  ................
13a0  00 00 00 00 00 00 00 00 00 00 00 00 00 00 00 00  ................
13b0  00 00 00 00 00 00 00 00 00 00 00 00 00 00 00 00  ................
13c0  00 00 00 00 00 00 00 00 00 00 00 00 00 00 00 00  ................
13d0  00 00 00 00 00 00 00 00 00 00 00 00 00 00 00 00  ................
13e0  00 00 00 00 00 00 00 00 00 00 00 00 00 00 00 00  ................
13f0  00 00 00 00 00 00 00 00 00 00 00 00 00 00 00 00  ................
1400  04 02 00 00 00 00 00 00 00 00 00 00 00 00 00 00  ................
1410  00 00 00 00 00 00 00 00 00 00 00 00 00 00 00 00  ................
1420  00 00 00 00 00 00 00 00 00 00 00 00 00 00 00 00  ................
1430  00 00 00 00 00 00 00 00 00 00 00 00 00 00 00 00  ................
1440  00 00 00 00 00 00 00 00 00 00 00 00 00 00 00 00  ................
1450  00 00 00 00 00 00 00 00 00 00 00 00 00 00 00 00  ................
1460  00 00 00 00 00 00 00 00 00 00 00 00 00 00 00 00  ................
1470  00 00 00 00 00 00 00 00 00 00 00 00 00 00 00 00  ................
1480  04 02 00 00 00 00 00 00 00 00 00 00 00 00 00 00  ................
1490  00 00 00 00 00 00 00 00 00 00 00 00 00 00 00 00  ................
14a0  00 00 00 00 00 00 00 00 00 00 00 00 00 00 00 00  ................
14b0  00 00 00 00 00 00 00 00 00 00 00 00 00 00 00 00  ................
14c0  00 00 00 00 00 00 00 00 00 00 00 00 00 00 00 00  ................
14d0  00 00 00 00 00 00 00 00 00 00 00 00 00 00 00 00  ................
14e0  00 00 00 00 00 00 00 00 00 00 00 00 00 00 00 00  ................
14f0  00 00 00 00 00 00 00 00 00 00 00 00 00 00 00 00  ................
1500  04 02 00 00 00 00 00 00 00 00 00 00 00 00 00 00  ................
1510  00 00 00 00 00 00 00 00 00 00 00 00 00 00 00 00  ................
1520  00 00 00 00 00 00 00 00 00 00 00 00 00 00 00 00  ................
1530  00 00 00 00 00 00 00 00 00 00 00 00 00 00 00 00  ................
1540  00 00 00 00 00 00 00 00 00 00 00 00 00 00 00 00  ................
1550  00 00 00 00 00 00 00 00 00 00 00 00 00 00 00 00  ................
1560  00 00 00 00 00 00 00 00 00 00 00 00 00 00 00 00  ................
1570  00 00 00 00 00 00 00 00 00 00 00 00 00 00 00 00  ................
1580  04 02 00 00 00 00 00 00 00 00 00 00 00 00 00 00  ................
1590  00 00 00 00 00 00 00 00 00 00 00 00 00 00 00 00  ................
15a0  00 00 00 00 00 00 00 00 00 00 00 00 00 00 00 00  ................
15b0  00 00 00 00 00 00 00 00 00 00 00 00 00 00 00 00  ................
15c0  00 00 00 00 00 00 00 00 00 00 00 00 00 00 00 00  ................
15d0  00 00 00 00 00 00 00 00 00 00 00 00 00 00 00 00  ................
15e0  00 00 00 00 00 00 00 00 00 00 00 00 00 00 00 00  ................
15f0  00 00 00 00 00 00 00 00 00 00 00 00 00 00 00 00  ................
1600  04 02 00 00 00 00 00 00 00 00 00 00 00 00 00 00  ................
1610  00 00 00 00 00 00 00 00 00 00 00 00 00 00 00 00  ................
1620  00 00 00 00 00 00 00 00 00 00 00 00 00 00 00 00  ................
1630  00 00 00 00 00 00 00 00 00 00 00 00 00 00 00 00  ................
1640  00 00 00 00 00 00 00 00 00 00 00 00 00 00 00 00  ................
1650  00 00 00 00 00 00 00 00 00 00 00 00 00 00 00 00  ................
1660  00 00 00 00 00 00 00 00 00 00 00 00 00 00 00 00  ................
1670  00 00 00 00 00 00 00 00 00 00 00 00 00 00 00 00  ................
1680  04 02 00 00 00 00 00 00 00 00 00 00 00 00 00 00  ................
1690  00 00 00 00 00 00 00 00 00 00 00 00 00 00 00 00  ................
16a0  00 00 00 00 00 00 00 00 00 00 00 00 00 00 00 00  ................
16b0  00 00 00 00 00 00 00 00 00 00 00 00 00 00 00 00  ................
16c0  00 00 00 00 00 00 00 00 00 00 00 00 00 00 00 00  ................
16d0  00 00 00 00 00 00 00 00 00 00 00 00 00 00 00 00  ................
16e0  00 00 00 00 00 00 00 00 00 00 00 00 00 00 00 00  ................
16f0  00 00 00 00 00 00 00 00 00 00 00 00 00 00 00 00  ................
1700  04 02 00 00 00 00 00 00 00 00 00 00 00 00 00 00  ................
1710  00 00 00 00 00 00 00 00 00 00 00 00 00 00 00 00  ................
1720  00 00 00 00 00 00 00 00 00 00 00 00 00 00 00 00  ................
1730  00 00 00 00 00 00 00 00 00 00 00 00 00 00 00 00  ................
1740  00 00 00 00 00 00 00 00 00 00 00 00 00 00 00 00  ................
1750  00 00 00 00 00 00 00 00 00 00 00 00 00 00 00 00  ................
1760  00 00 00 00 00 00 00 00 00 00 00 00 00 00 00 00  ................
1770  00 00 00 00 00 00 00 00 00 00 00 00 00 00 00 00  ................
1780  04 02 00 00 00 00 00 00 00 00 00 00 00 00 00 00  ................
1790  00 00 00 00 00 00 00 00 00 00 00 00 00 00 00 00  ................
17a0  00 00 00 00 00 00 00 00 00 00 00 00 00 00 00 00  ................
17b0  00 00 00 00 00 00 00 00 00 00 00 00 00 00 00 00  ................
17c0  00 00 00 00 00 00 00 00 00 00 00 00 00 00 00 00  ................
17d0  00 00 00 00 00 00 00 00 00 00 00 00 00 00 00 00  ................
17e0  00 00 00 00 00 00 00 00 00 00 00 00 00 00 00 00  ................
17f0  00 00 00 00 00 00 00 00 00 00 00 00 00 00 00 00  ................
1800  04 02 00 00 00 00 00 00 00 00 00 00 00 00 00 00  ................
1810  00 00 00 00 00 00 00 00 00 00 00 00 00 00 00 00  ................
1820  00 00 00 00 00 00 00 00 00 00 00 00 00 00 00 00  ................
1830  00 00 00 00 00 00 00 00 00 00 00 00 00 00 00 00  ................
1840  00 00 00 00 00 00 00 00 00 00 00 00 00 00 00 00  ................
1850  00 00 00 00 00 00 00 00 00 00 00 00 00 00 00 00  ................
1860  00 00 00 00 00 00 00 00 00 00 00 00 00 00 00 00  ................
1870  00 00 00 00 00 00 00 00 00 00 00 00 00 00 00 00  ................
1880  04 02 00 00 00 00 00 00 00 00 00 00 00 00 00 00  ................
1890  00 00 00 00 00 00 00 00 00 00 00 00 00 00 00 00  ................
18a0  00 00 00 00 00 00 00 00 00 00 00 00 00 00 00 00  ................
18b0  00 00 00 00 00 00 00 00 00 00 00 00 00 00 00 00  ................
18c0  00 00 00 00 00 00 00 00 00 00 00 00 00 00 00 00  ................
18d0  00 00 00 00 00 00 00 00 00 00 00 00 00 00 00 00  ................
18e0  00 00 00 00 00 00 00 00 00 00 00 00 00 00 00 00  ................
18f0  00 00 00 00 00 00 00 00 00 00 00 00 00 00 00 00  ................
1900  04 02 00 00 00 00 00 00 00 00 00 00 00 00 00 00  ................
1910  00 00 00 00 00 00 00 00 00 00 00 00 00 00 00 00  ................
1920  00 00 00 00 00 00 00 00 00 00 00 00 00 00 00 00  ................
1930  00 00 00 00 00 00 00 00 00 00 00 00 00 00 00 00  ................
1940  00 00 00 00 00 00 00 00 00 00 00 00 00 00 00 00  ................
1950  00 00 00 00 00 00 00 00 00 00 00 00 00 00 00 00  ................
1960  00 00 00 00 00 00 00 00 00 00 00 00 00 00 00 00  ................
1970  00 00 00 00 00 00 00 00 00 00 00 00 00 00 00 00  ................
1980  04 02 00 00 00 00 00 00 00 00 00 00 00 00 00 00  ................
1990  00 00 00 00 00 00 00 00 00 00 00 00 00 00 00 00  ................
19a0  00 00 00 00 00 00 00 00 00 00 00 00 00 00 00 00  ................
19b0  00 00 00 00 00 00 00 00 00 00 00 00 00 00 00 00  ................
19c0  00 00 00 00 00 00 00 00 00 00 00 00 00 00 00 00  ................
19d0  00 00 00 00 00 00 00 00 00 00 00 00 00 00 00 00  ................
19e0  00 00 00 00 00 00 00 00 00 00 00 00 00 00 00 00  ................
19f0  00 00 00 00 00 00 00 00 00 00 00 00 00 00 00 00  ................
1a00  04 02 00 00 00 00 00 00 00 00 00 00 00 00 00 00  ................
1a10  00 00 00 00 00 00 00 00 00 00 00 00 00 00 00 00  ................
1a20  00 00 00 00 00 00 00 00 00 00 00 00 00 00 00 00  ................
1a30  00 00 00 00 00 00 00 00 00 00 00 00 00 00 00 00  ................
1a40  00 00 00 00 00 00 00 00 00 00 00 00 00 00 00 00  ................
1a50  00 00 00 00 00 00 00 00 00 00 00 00 00 00 00 00  ................
1a60  00 00 00 00 00 00 00 00 00 00 00 00 00 00 00 00  ................
1a70  00 00 00 00 00 00 00 00 00 00 00 00 00 00 00 00  ................
1a80  04 02 00 00 00 00 00 00 00 00 00 00 00 00 00 00  ................
1a90  00 00 00 00 00 00 00 00 00 00 00 00 00 00 00 00  ................
1aa0  00 00 00 00 00 00 00 00 00 00 00 00 00 00 00 00  ................
1ab0  00 00 00 00 00 00 00 00 00 00 00 00 00 00 00 00  ................
1ac0  00 00 00 00 00 00 00 00 00 00 00 00 00 00 00 00  ................
1ad0  00 00 00 00 00 00 00 00 00 00 00 00 00 00 00 00  ................
1ae0  00 00 00 00 00 00 00 00 00 00 00 00 00 00 00 00  ................
1af0  00 00 00 00 00 00 00 00 00 00 00 00 00 00 00 00  ................
1b00  04 02 00 00 00 00 00 00 00 00 00 00 00 00 00 00  ................
1b10  00 00 00 00 00 00 00 00 00 00 00 00 00 00 00 00  ................
1b20  00 00 00 00 00 00 00 00 00 00 00 00 00 00 00 00  ................
1b30  00 00 00 00 00 00 00 00 00 00 00 00 00 00 00 00  ................
1b40  00 00 00 00 00 00 00 00 00 00 00 00 00 00 00 00  ................
1b50  00 00 00 00 00 00 00 00 00 00 00 00 00 00 00 00  ................
1b60  00 00 00 00 00 00 00 00 00 00 00 00 00 00 00 00  ................
1b70  00 00 00 00 00 00 00 00 00 00 00 00 00 00 00 00  ................
1b80  04 02 00 00 00 00 00 00 00 00 00 00 00 00 00 00  ................
1b90  00 00 00 00 00 00 00 00 00 00 00 00 00 00 00 00  ................
1ba0  00 00 00 00 00 00 00 00 00 00 00 00 00 00 00 00  ................
1bb0  00 00 00 00 00 00 00 00 00 00 00 00 00 00 00 00  ................
1bc0  00 00 00 00 00 00 00 00 00 00 00 00 00 00 00 00  ................
1bd0  00 00 00 00 00 00 00 00 00 00 00 00 00 00 00 00  ................
1be0  00 00 00 00 00 00 00 00 00 00 00 00 00 00 00 00  ................
1bf0  00 00 00 00 00 00 00 00 00 00 00 00 00 00 00 00  ................
1c00  04 02 00 00 00 00 00 00 00 00 00 00 00 00 00 00  ................
1c10  00 00 00 00 00 00 00 00 00 00 00 00 00 00 00 00  ................
1c20  00 00 00 00 00 00 00 00 00 00 00 00 00 00 00 00  ................
1c30  00 00 00 00 00 00 00 00 00 00 00 00 00 00 00 00  ................
1c40  00 00 00 00 00 00 00 00 00 00 00 00 00 00 00 00  ................
1c50  00 00 00 00 00 00 00 00 00 00 00 00 00 00 00 00  ................
1c60  00 00 00 00 00 00 00 00 00 00 00 00 00 00 00 00  ................
1c70  00 00 00 00 00 00 00 00 00 00 00 00 00 00 00 00  ................
1c80  04 02 00 00 00 00 00 00 00 00 00 00 00 00 00 00  ................
1c90  00 00 00 00 00 00 00 00 00 00 00 00 00 00 00 00  ................
1ca0  00 00 00 00 00 00 00 00 00 00 00 00 00 00 00 00  ................
1cb0  00 00 00 00 00 00 00 00 00 00 00 00 00 00 00 00  ................
1cc0  00 00 00 00 00 00 00 00 00 00 00 00 00 00 00 00  ................
1cd0  00 00 00 00 00 00 00 00 00 00 00 00 00 00 00 00  ................
1ce0  00 00 00 00 00 00 00 00 00 00 00 00 00 00 00 00  ................
1cf0  00 00 00 00 00 00 00 00 00 00 00 00 00 00 00 00  ................
1d00  04 02 00 00 00 00 00 00 00 00 00 00 00 00 00 00  ................
1d10  00 00 00 00 00 00 00 00 00 00 00 00 00 00 00 00  ................
1d20  00 00 00 00 00 00 00 00 00 00 00 00 00 00 00 00  ................
1d30  00 00 00 00 00 00 00 00 00 00 00 00 00 00 00 00  ................
1d40  00 00 00 00 00 00 00 00 00 00 00 00 00 00 00 00  ................
1d50  00 00 00 00 00 00 00 00 00 00 00 00 00 00 00 00  ................
1d60  00 00 00 00 00 00 00 00 00 00 00 00 00 00 00 00  ................
1d70  00 00 00 00 00 00 00 00 00 00 00 00 00 00 00 00  ................
1d80  04 02 00 00 00 00 00 00 00 00 00 00 00 00 00 00  ................
1d90  00 00 00 00 00 00 00 00 00 00 00 00 00 00 00 00  ................
1da0  00 00 00 00 00 00 00 00 00 00 00 00 00 00 00 00  ................
1db0  00 00 00 00 00 00 00 00 00 00 00 00 00 00 00 00  ................
1dc0  00 00 00 00 00 00 00 00 00 00 00 00 00 00 00 00  ................
1dd0  00 00 00 00 00 00 00 00 00 00 00 00 00 00 00 00  ................
1de0  00 00 00 00 00 00 00 00 00 00 00 00 00 00 00 00  ................
1df0  00 00 00 00 00 00 00 00 00 00 00 00 00 00 00 00  ................
1e00  04 02 00 00 00 00 00 00 00 00 00 00 00 00 00 00  ................
1e10  00 00 00 00 00 00 00 00 00 00 00 00 00 00 00 00  ................
1e20  00 00 00 00 00 00 00 00 00 00 00 00 00 00 00 00  ................
1e30  00 00 00 00 00 00 00 00 00 00 00 00 00 00 00 00  ................
1e40  00 00 00 00 00 00 00 00 00 00 00 00 00 00 00 00  ................
1e50  00 00 00 00 00 00 00 00 00 00 00 00 00 00 00 00  ................
1e60  00 00 00 00 00 00 00 00 00 00 00 00 00 00 00 00  ................
1e70  00 00 00 00 00 00 00 00 00 00 00 00 00 00 00 00  ................
1e80  04 02 00 00 00 00 00 00 00 00 00 00 00 00 00 00  ................
1e90  00 00 00 00 00 00 00 00 00 00 00 00 00 00 00 00  ................
1ea0  00 00 00 00 00 00 00 00 00 00 00 00 00 00 00 00  ................
1eb0  00 00 00 00 00 00 00 00 00 00 00 00 00 00 00 00  ................
1ec0  00 00 00 00 00 00 00 00 00 00 00 00 00 00 00 00  ................
1ed0  00 00 00 00 00 00 00 00 00 00 00 00 00 00 00 00  ................
1ee0  00 00 00 00 00 00 00 00 00 00 00 00 00 00 00 00  ................
1ef0  00 00 00 00 00 00 00 00 00 00 00 00 00 00 00 00  ................
1f00  04 02 00 00 00 00 00 00 00 00 00 00 00 00 00 00  ................
1f10  00 00 00 00 00 00 00 00 00 00 00 00 00 00 00 00  ................
1f20  00 00 00 00 00 00 00 00 00 00 00 00 00 00 00 00  ................
1f30  00 00 00 00 00 00 00 00 00 00 00 00 00 00 00 00  ................
1f40  00 00 00 00 00 00 00 00 00 00 00 00 00 00 00 00  ................
1f50  00 00 00 00 00 00 00 00 00 00 00 00 00 00 00 00  ................
1f60  00 00 00 00 00 00 00 00 00 00 00 00 00 00 00 00  ................
1f70  00 00 00 00 00 00 00 00 00 00 00 00 00 00 00 00  ................
1f80  04 02 00 00 00 00 00 00 00 00 00 00 00 00 00 00  ................
1f90  00 00 00 00 00 00 00 00 00 00 00 00 00 00 00 00  ................
1fa0  00 00 00 00 00 00 00 00 00 00 00 00 00 00 00 00  ................
1fb0  00 00 00 00 00 00 00 00 00 00 00 00 00 00 00 00  ................
1fc0  00 00 00 00 00 00 00 00 00 00 00 00 00 00 00 00  ................
1fd0  00 00 00 00 00 00 00 00 00 00 00 00 00 00 00 00  ................
1fe0  00 00 00 00 00 00 00 00 00 00 00 00 00 00 00 00  ................
1ff0  00 00 00 00 00 00 00 00 00 00 00 00 00 00 00 00  ................
2000  04 02 00 00 00 00 00 00 00 00 00 00 00 00 00 00  ................
2010  00 00 00 00 00 00 00 00 00 00 00 00 00 00 00 00  ................
2020  00 00 00 00 00 00 00 00 00 00 00 00 00 00 00 00  ................
2030  00 00 00 00 00 00 00 00 00 00 00 00 00 00 00 00  ................
2040  00 00 00 00 00 00 00 00 00 00 00 00 00 00 00 00  ................
2050  00 00 00 00 00 00 00 00 00 00 00 00 00 00 00 00  ................
2060  00 00 00 00 00 00 00 00 00 00 00 00 00 00 00 00  ................
2070  00 00 00 00 00 00 00 00 00 00 00 00 00 00 00 00  ................
2080  04 02 00 00 00 00 00 00 00 00 00 00 00 00 00 00  ................
2090  00 00 00 00 00 00 00 00 00 00 00 00 00 00 00 00  ................
20a0  00 00 00 00 00 00 00 00 00 00 00 00 00 00 00 00  ................
20b0  00 00 00 00 00 00 00 00 00 00 00 00 00 00 00 00  ................
20c0  00 00 00 00 00 00 00 00 00 00 00 00 00 00 00 00  ................
20d0  00 00 00 00 00 00 00 00 00 00 00 00 00 00 00 00  ................
20e0  00 00 00 00 00 00 00 00 00 00 00 00 00 00 00 00  ................
20f0  00 00 00 00 00 00 00 00 00 00 00 00 00 00 00 00  ................
2100  04 02 00 00 00 00 00 00 00 00 00 00 00 00 00 00  ................
2110  00 00 00 00 00 00 00 00 00 00 00 00 00 00 00 00  ................
2120  00 00 00 00 00 00 00 00 00 00 00 00 00 00 00 00  ................
2130  00 00 00 00 00 00 00 00 00 00 00 00 00 00 00 00  ................
2140  00 00 00 00 00 00 00 00 00 00 00 00 00 00 00 00  ................
2150  00 00 00 00 00 00 00 00 00 00 00 00 00 00 00 00  ................
2160  00 00 00 00 00 00 00 00 00 00 00 00 00 00 00 00  ................
2170  00 00 00 00 00 00 00 00 00 00 00 00 00 00 00 00  ................
2180  04 02 00 00 00 00 00 00 00 00 00 00 00 00 00 00  ................
2190  00 00 00 00 00 00 00 00 00 00 00 00 00 00 00 00  ................
21a0  00 00 00 00 00 00 00 00 00 00 00 00 00 00 00 00  ................
21b0  00 00 00 00 00 00 00 00 00 00 00 00 00 00 00 00  ................
21c0  00 00 00 00 00 00 00 00 00 00 00 00 00 00 00 00  ................
21d0  00 00 00 00 00 00 00 00 00 00 00 00 00 00 00 00  ................
21e0  00 00 00 00 00 00 00 00 00 00 00 00 00 00 00 00  ................
21f0  00 00 00 00 00 00 00 00 00 00 00 00 00 00 00 00  ................
2200  04 02 00 00 00 00 00 00 00 00 00 00 00 00 00 00  ................
2210  00 00 00 00 00 00 00 00 00 00 00 00 00 00 00 00  ................
2220  00 00 00 00 00 00 00 00 00 00 00 00 00 00 00 00  ................
2230  00 00 00 00 00 00 00 00 00 00 00 00 00 00 00 00  ................
2240  00 00 00 00 00 00 00 00 00 00 00 00 00 00 00 00  ................
2250  00 00 00 00 00 00 00 00 00 00 00 00 00 00 00 00  ................
2260  00 00 00 00 00 00 00 00 00 00 00 00 00 00 00 00  ................
2270  00 00 00 00 00 00 00 00 00 00 00 00 00 00 00 00  ................
2280  04 02 00 00 00 00 00 00 00 00 00 00 00 00 00 00  ................
2290  00 00 00 00 00 00 00 00 00 00 00 00 00 00 00 00  ................
22a0  00 00 00 00 00 00 00 00 00 00 00 00 00 00 00 00  ................
22b0  00 00 00 00 00 00 00 00 00 00 00 00 00 00 00 00  ................
22c0  00 00 00 00 00 00 00 00 00 00 00 00 00 00 00 00  ................
22d0  00 00 00 00 00 00 00 00 00 00 00 00 00 00 00 00  ................
22e0  00 00 00 00 00 00 00 00 00 00 00 00 00 00 00 00  ................
22f0  00 00 00 00 00 00 00 00 00 00 00 00 00 00 00 00  ................
2300  04 02 00 00 00 00 00 00 00 00 00 00 00 00 00 00  ................
2310  00 00 00 00 00 00 00 00 00 00 00 00 00 00 00 00  ................
2320  00 00 00 00 00 00 00 00 00 00 00 00 00 00 00 00  ................
2330  00 00 00 00 00 00 00 00 00 00 00 00 00 00 00 00  ................
2340  00 00 00 00 00 00 00 00 00 00 00 00 00 00 00 00  ................
2350  00 00 00 00 00 00 00 00 00 00 00 00 00 00 00 00  ................
2360  00 00 00 00 00 00 00 00 00 00 00 00 00 00 00 00  ................
2370  00 00 00 00 00 00 00 00 00 00 00 00 00 00 00 00  ................
2380  04 02 00 00 00 00 00 00 00 00 00 00 00 00 00 00  ................
2390  00 00 00 00 00 00 00 00 00 00 00 00 00 00 00 00  ................
23a0  00 00 00 00 00 00 00 00 00 00 00 00 00 00 00 00  ................
23b0  00 00 00 00 00 00 00 00 00 00 00 00 00 00 00 00  ................
23c0  00 00 00 00 00 00 00 00 00 00 00 00 00 00 00 00  ................
23d0  00 00 00 00 00 00 00 00 00 00 00 00 00 00 00 00  ................
23e0  00 00 00 00 00 00 00 00 00 00 00 00 00 00 00 00  ................
23f0  00 00 00 00 00 00 00 00 00 00 00 00 00 00 00 00  ................
2400  04 02 00 00 00 00 00 00 00 00 00 00 00 00 00 00  ................
2410  00 00 00 00 00 00 00 00 00 00 00 00 00 00 00 00  ................
2420  00 00 00 00 00 00 00 00 00 00 00 00 00 00 00 00  ................
2430  00 00 00 00 00 00 00 00 00 00 00 00 00 00 00 00  ................
2440  00 00 00 00 00 00 00 00 00 00 00 00 00 00 00 00  ................
2450  00 00 00 00 00 00 00 00 00 00 00 00 00 00 00 00  ................
2460  00 00 00 00 00 00 00 00 00 00 00 00 00 00 00 00  ................
2470  00 00 00 00 00 00 00 00 00 00 00 00 00 00 00 00  ................
2480  04 02 00 00 00 00 00 00 00 00 00 00 00 00 00 00  ................
2490  00 00 00 00 00 00 00 00 00 00 00 00 00 00 00 00  ................
24a0  00 00 00 00 00 00 00 00 00 00 00 00 00 00 00 00  ................
24b0  00 00 00 00 00 00 00 00 00 00 00 00 00 00 00 00  ................
24c0  00 00 00 00 00 00 00 00 00 00 00 00 00 00 00 00  ................
24d0  00 00 00 00 00 00 00 00 00 00 00 00 00 00 00 00  ................
24e0  00 00 00 00 00 00 00 00 00 00 00 00 00 00 00 00  ................
24f0  00 00 00 00 00 00 00 00 00 00 00 00 00 00 00 00  ................
2500  04 02 00 00 00 00 00 00 00 00 00 00 00 00 00 00  ................
2510  00 00 00 00 00 00 00 00 00 00 00 00 00 00 00 00  ................
2520  00 00 00 00 00 00 00 00 00 00 00 00 00 00 00 00  ................
2530  00 00 00 00 00 00 00 00 00 00 00 00 00 00 00 00  ................
2540  00 00 00 00 00 00 00 00 00 00 00 00 00 00 00 00  ................
2550  00 00 00 00 00 00 00 00 00 00 00 00 00 00 00 00  ................
2560  00 00 00 00 00 00 00 00 00 00 00 00 00 00 00 00  ................
2570  00 00 00 00 00 00 00 00 00 00 00 00 00 00 00 00  ................
2580  04 02 00 00 00 00 00 00 00 00 00 00 00 00 00 00  ................
2590  00 00 00 00 00 00 00 00 00 00 00 00 00 00 00 00  ................
25a0  00 00 00 00 00 00 00 00 00 00 00 00 00 00 00 00  ................
25b0  00 00 00 00 00 00 00 00 00 00 00 00 00 00 00 00  ................
25c0  00 00 00 00 00 00 00 00 00 00 00 00 00 00 00 00  ................
25d0  00 00 00 00 00 00 00 00 00 00 00 00 00 00 00 00  ................
25e0  00 00 00 00 00 00 00 00 00 00 00 00 00 00 00 00  ................
25f0  00 00 00 00 00 00 00 00 00 00 00 00 00 00 00 00  ................
2600  04 02 00 00 00 00 00 00 00 00 00 00 00 00 00 00  ................
2610  00 00 00 00 00 00 00 00 00 00 00 00 00 00 00 00  ................
2620  00 00 00 00 00 00 00 00 00 00 00 00 00 00 00 00  ................
2630  00 00 00 00 00 00 00 00 00 00 00 00 00 00 00 00  ................
2640  00 00 00 00 00 00 00 00 00 00 00 00 00 00 00 00  ................
2650  00 00 00 00 00 00 00 00 00 00 00 00 00 00 00 00  ................
2660  00 00 00 00 00 00 00 00 00 00 00 00 00 00 00 00  ................
2670  00 00 00 00 00 00 00 00 00 00 00 00 00 00 00 00  ................
2680  04 02 00 00 00 00 00 00 00 00 00 00 00 00 00 00  ................
2690  00 00 00 00 00 00 00 00 00 00 00 00 00 00 00 00  ................
26a0  00 00 00 00 00 00 00 00 00 00 00 00 00 00 00 00  ................
26b0  00 00 00 00 00 00 00 00 00 00 00 00 00 00 00 00  ................
26c0  00 00 00 00 00 00 00 00 00 00 00 00 00 00 00 00  ................
26d0  00 00 00 00 00 00 00 00 00 00 00 00 00 00 00 00  ................
26e0  00 00 00 00 00 00 00 00 00 00 00 00 00 00 00 00  ................
26f0  00 00 00 00 00 00 00 00 00 00 00 00 00 00 00 00  ................
2700  04 02 00 00 00 00 00 00 00 00 00 00 00 00 00 00  ................
2710  00 00 00 00 00 00 00 00 00 00 00 00 00 00 00 00  ................
2720  00 00 00 00 00 00 00 00 00 00 00 00 00 00 00 00  ................
2730  00 00 00 00 00 00 00 00 00 00 00 00 00 00 00 00  ................
2740  00 00 00 00 00 00 00 00 00 00 00 00 00 00 00 00  ................
2750  00 00 00 00 00 00 00 00 00 00 00 00 00 00 00 00  ................
2760  00 00 00 00 00 00 00 00 00 00 00 00 00 00 00 00  ................
2770  00 00 00 00 00 00 00 00 00 00 00 00 00 00 00 00  ................
2780  04 02 00 00 00 00 00 00 00 00 00 00 00 00 00 00  ................
2790  00 00 00 00 00 00 00 00 00 00 00 00 00 00 00 00  ................
27a0  00 00 00 00 00 00 00 00 00 00 00 00 00 00 00 00  ................
27b0  00 00 00 00 00 00 00 00 00 00 00 00 00 00 00 00  ................
27c0  00 00 00 00 00 00 00 00 00 00 00 00 00 00 00 00  ................
27d0  00 00 00 00 00 00 00 00 00 00 00 00 00 00 00 00  ................
27e0  00 00 00 00 00 00 00 00 00 00 00 00 00 00 00 00  ................
27f0  00 00 00 00 00 00 00 00 00 00 00 00 00 00 00 00  ................
2800  04 02 00 00 00 00 00 00 00 00 00 00 00 00 00 00  ................
2810  00 00 00 00 00 00 00 00 00 00 00 00 00 00 00 00  ................
2820  00 00 00 00 00 00 00 00 00 00 00 00 00 00 00 00  ................
2830  00 00 00 00 00 00 00 00 00 00 00 00 00 00 00 00  ................
2840  00 00 00 00 00 00 00 00 00 00 00 00 00 00 00 00  ................
2850  00 00 00 00 00 00 00 00 00 00 00 00 00 00 00 00  ................
2860  00 00 00 00 00 00 00 00 00 00 00 00 00 00 00 00  ................
2870  00 00 00 00 00 00 00 00 00 00 00 00 00 00 00 00  ................
2880  04 02 00 00 00 00 00 00 00 00 00 00 00 00 00 00  ................
2890  00 00 00 00 00 00 00 00 00 00 00 00 00 00 00 00  ................
28a0  00 00 00 00 00 00 00 00 00 00 00 00 00 00 00 00  ................
28b0  00 00 00 00 00 00 00 00 00 00 00 00 00 00 00 00  ................
28c0  00 00 00 00 00 00 00 00 00 00 00 00 00 00 00 00  ................
28d0  00 00 00 00 00 00 00 00 00 00 00 00 00 00 00 00  ................
28e0  00 00 00 00 00 00 00 00 00 00 00 00 00 00 00 00  ................
28f0  00 00 00 00 00 00 00 00 00 00 00 00 00 00 00 00  ................
2900  04 02 00 00 00 00 00 00 00 00 00 00 00 00 00 00  ................
2910  00 00 00 00 00 00 00 00 00 00 00 00 00 00 00 00  ................
2920  00 00 00 00 00 00 00 00 00 00 00 00 00 00 00 00  ................
2930  00 00 00 00 00 00 00 00 00 00 00 00 00 00 00 00  ................
2940  00 00 00 00 00 00 00 00 00 00 00 00 00 00 00 00  ................
2950  00 00 00 00 00 00 00 00 00 00 00 00 00 00 00 00  ................
2960  00 00 00 00 00 00 00 00 00 00 00 00 00 00 00 00  ................
2970  00 00 00 00 00 00 00 00 00 00 00 00 00 00 00 00  ................
2980  04 02 00 00 00 00 00 00 00 00 00 00 00 00 00 00  ................
2990  00 00 00 00 00 00 00 00 00 00 00 00 00 00 00 00  ................
29a0  00 00 00 00 00 00 00 00 00 00 00 00 00 00 00 00  ................
29b0  00 00 00 00 00 00 00 00 00 00 00 00 00 00 00 00  ................
29c0  00 00 00 00 00 00 00 00 00 00 00 00 00 00 00 00  ................
29d0  00 00 00 00 00 00 00 00 00 00 00 00 00 00 00 00  ................
29e0  00 00 00 00 00 00 00 00 00 00 00 00 00 00 00 00  ................
29f0  00 00 00 00 00 00 00 00 00 00 00 00 00 00 00 00  ................
2a00  04 02 00 00 00 00 00 00 00 00 00 00 00 00 00 00  ................
2a10  00 00 00 00 00 00 00 00 00 00 00 00 00 00 00 00  ................
2a20  00 00 00 00 00 00 00 00 00 00 00 00 00 00 00 00  ................
2a30  00 00 00 00 00 00 00 00 00 00 00 00 00 00 00 00  ................
2a40  00 00 00 00 00 00 00 00 00 00 00 00 00 00 00 00  ................
2a50  00 00 00 00 00 00 00 00 00 00 00 00 00 00 00 00  ................
2a60  00 00 00 00 00 00 00 00 00 00 00 00 00 00 00 00  ................
2a70  00 00 00 00 00 00 00 00 00 00 00 00 00 00 00 00  ................
2a80  04 02 00 00 00 00 00 00 00 00 00 00 00 00 00 00  ................
2a90  00 00 00 00 00 00 00 00 00 00 00 00 00 00 00 00  ................
2aa0  00 00 00 00 00 00 00 00 00 00 00 00 00 00 00 00  ................
2ab0  00 00 00 00 00 00 00 00 00 00 00 00 00 00 00 00  ................
2ac0  00 00 00 00 00 00 00 00 00 00 00 00 00 00 00 00  ................
2ad0  00 00 00 00 00 00 00 00 00 00 00 00 00 00 00 00  ................
2ae0  00 00 00 00 00 00 00 00 00 00 00 00 00 00 00 00  ................
2af0  00 00 00 00 00 00 00 00 00 00 00 00 00 00 00 00  ................
2b00  04 02 00 00 00 00 00 00 00 00 00 00 00 00 00 00  ................
2b10  00 00 00 00 00 00 00 00 00 00 00 00 00 00 00 00  ................
2b20  00 00 00 00 00 00 00 00 00 00 00 00 00 00 00 00  ................
2b30  00 00 00 00 00 00 00 00 00 00 00 00 00 00 00 00  ................
2b40  00 00 00 00 00 00 00 00 00 00 00 00 00 00 00 00  ................
2b50  00 00 00 00 00 00 00 00 00 00 00 00 00 00 00 00  ................
2b60  00 00 00 00 00 00 00 00 00 00 00 00 00 00 00 00  ................
2b70  00 00 00 00 00 00 00 00 00 00 00 00 00 00 00 00  ................
2b80  04 02 00 00 00 00 00 00 00 00 00 00 00 00 00 00  ................
2b90  00 00 00 00 00 00 00 00 00 00 00 00 00 00 00 00  ................
2ba0  00 00 00 00 00 00 00 00 00 00 00 00 00 00 00 00  ................
2bb0  00 00 00 00 00 00 00 00 00 00 00 00 00 00 00 00  ................
2bc0  00 00 00 00 00 00 00 00 00 00 00 00 00 00 00 00  ................
2bd0  00 00 00 00 00 00 00 00 00 00 00 00 00 00 00 00  ................
2be0  00 00 00 00 00 00 00 00 00 00 00 00 00 00 00 00  ................
2bf0  00 00 00 00 00 00 00 00 00 00 00 00 00 00 00 00  ................
2c00  04 02 00 00 00 00 00 00 00 00 00 00 00 00 00 00  ................
2c10  00 00 00 00 00 00 00 00 00 00 00 00 00 00 00 00  ................
2c20  00 00 00 00 00 00 00 00 00 00 00 00 00 00 00 00  ................
2c30  00 00 00 00 00 00 00 00 00 00 00 00 00 00 00 00  ................
2c40  00 00 00 00 00 00 00 00 00 00 00 00 00 00 00 00  ................
2c50  00 00 00 00 00 00 00 00 00 00 00 00 00 00 00 00  ................
2c60  00 00 00 00 00 00 00 00 00 00 00 00 00 00 00 00  ................
2c70  00 00 00 00 00 00 00 00 00 00 00 00 00 00 00 00  ................
2c80  04 02 00 00 00 00 00 00 00 00 00 00 00 00 00 00  ................
2c90  00 00 00 00 00 00 00 00 00 00 00 00 00 00 00 00  ................
2ca0  00 00 00 00 00 00 00 00 00 00 00 00 00 00 00 00  ................
2cb0  00 00 00 00 00 00 00 00 00 00 00 00 00 00 00 00  ................
2cc0  00 00 00 00 00 00 00 00 00 00 00 00 00 00 00 00  ................
2cd0  00 00 00 00 00 00 00 00 00 00 00 00 00 00 00 00  ................
2ce0  00 00 00 00 00 00 00 00 00 00 00 00 00 00 00 00  ................
2cf0  00 00 00 00 00 00 00 00 00 00 00 00 00 00 00 00  ................
2d00  04 02 00 00 00 00 00 00 00 00 00 00 00 00 00 00  ................
2d10  00 00 00 00 00 00 00 00 00 00 00 00 00 00 00 00  ................
2d20  00 00 00 00 00 00 00 00 00 00 00 00 00 00 00 00  ................
2d30  00 00 00 00 00 00 00 00 00 00 00 00 00 00 00 00  ................
2d40  00 00 00 00 00 00 00 00 00 00 00 00 00 00 00 00  ................
2d50  00 00 00 00 00 00 00 00 00 00 00 00 00 00 00 00  ................
2d60  00 00 00 00 00 00 00 00 00 00 00 00 00 00 00 00  ................
2d70  00 00 00 00 00 00 00 00 00 00 00 00 00 00 00 00  ................
2d80  04 02 00 00 00 00 00 00 00 00 00 00 00 00 00 00  ................
2d90  00 00 00 00 00 00 00 00 00 00 00 00 00 00 00 00  ................
2da0  00 00 00 00 00 00 00 00 00 00 00 00 00 00 00 00  ................
2db0  00 00 00 00 00 00 00 00 00 00 00 00 00 00 00 00  ................
2dc0  00 00 00 00 00 00 00 00 00 00 00 00 00 00 00 00  ................
2dd0  00 00 00 00 00 00 00 00 00 00 00 00 00 00 00 00  ................
2de0  00 00 00 00 00 00 00 00 00 00 00 00 00 00 00 00  ................
2df0  00 00 00 00 00 00 00 00 00 00 00 00 00 00 00 00  ................
2e00  04 02 00 00 00 00 00 00 00 00 00 00 00 00 00 00  ................
2e10  00 00 00 00 00 00 00 00 00 00 00 00 00 00 00 00  ................
2e20  00 00 00 00 00 00 00 00 00 00 00 00 00 00 00 00  ................
2e30  00 00 00 00 00 00 00 00 00 00 00 00 00 00 00 00  ................
2e40  00 00 00 00 00 00 00 00 00 00 00 00 00 00 00 00  ................
2e50  00 00 00 00 00 00 00 00 00 00 00 00 00 00 00 00  ................
2e60  00 00 00 00 00 00 00 00 00 00 00 00 00 00 00 00  ................
2e70  00 00 00 00 00 00 00 00 00 00 00 00 00 00 00 00  ................
2e80  04 02 00 00 00 00 00 00 00 00 00 00 00 00 00 00  ................
2e90  00 00 00 00 00 00 00 00 00 00 00 00 00 00 00 00  ................
2ea0  00 00 00 00 00 00 00 00 00 00 00 00 00 00 00 00  ................
2eb0  00 00 00 00 00 00 00 00 00 00 00 00 00 00 00 00  ................
2ec0  00 00 00 00 00 00 00 00 00 00 00 00 00 00 00 00  ................
2ed0  00 00 00 00 00 00 00 00 00 00 00 00 00 00 00 00  ................
2ee0  00 00 00 00 00 00 00 00 00 00 00 00 00 00 00 00  ................
2ef0  00 00 00 00 00 00 00 00 00 00 00 00 00 00 00 00  ................
2f00  04 02 00 00 00 00 00 00 00 00 00 00 00 00 00 00  ................
2f10  00 00 00 00 00 00 00 00 00 00 00 00 00 00 00 00  ................
2f20  00 00 00 00 00 00 00 00 00 00 00 00 00 00 00 00  ................
2f30  00 00 00 00 00 00 00 00 00 00 00 00 00 00 00 00  ................
2f40  00 00 00 00 00 00 00 00 00 00 00 00 00 00 00 00  ................
2f50  00 00 00 00 00 00 00 00 00 00 00 00 00 00 00 00  ................
2f60  00 00 00 00 00 00 00 00 00 00 00 00 00 00 00 00  ................
2f70  00 00 00 00 00 00 00 00 00 00 00 00 00 00 00 00  ................
2f80  04 02 00 00 00 00 00 00 00 00 00 00 00 00 00 00  ................
2f90  00 00 00 00 00 00 00 00 00 00 00 00 00 00 00 00  ................
2fa0  00 00 00 00 00 00 00 00 00 00 00 00 00 00 00 00  ................
2fb0  00 00 00 00 00 00 00 00 00 00 00 00 00 00 00 00  ................
2fc0  00 00 00 00 00 00 00 00 00 00 00 00 00 00 00 00  ................
2fd0  00 00 00 00 00 00 00 00 00 00 00 00 00 00 00 00  ................
2fe0  00 00 00 00 00 00 00 00 00 00 00 00 00 00 00 00  ................
2ff0  00 00 00 00 00 00 00 00 00 00 00 00 00 00 00 00  ................
3000  04 02 00 00 00 00 00 00 00 00 00 00 00 00 00 00  ................
3010  00 00 00 00 00 00 00 00 00 00 00 00 00 00 00 00  ................
3020  00 00 00 00 00 00 00 00 00 00 00 00 00 00 00 00  ................
3030  00 00 00 00 00 00 00 00 00 00 00 00 00 00 00 00  ................
3040  00 00 00 00 00 00 00 00 00 00 00 00 00 00 00 00  ................
3050  00 00 00 00 00 00 00 00 00 00 00 00 00 00 00 00  ................
3060  00 00 00 00 00 00 00 00 00 00 00 00 00 00 00 00  ................
3070  00 00 00 00 00 00 00 00 00 00 00 00 00 00 00 00  ................
3080  04 02 00 00 00 00 00 00 00 00 00 00 00 00 00 00  ................
3090  00 00 00 00 00 00 00 00 00 00 00 00 00 00 00 00  ................
30a0  00 00 00 00 00 00 00 00 00 00 00 00 00 00 00 00  ................
30b0  00 00 00 00 00 00 00 00 00 00 00 00 00 00 00 00  ................
30c0  00 00 00 00 00 00 00 00 00 00 00 00 00 00 00 00  ................
30d0  00 00 00 00 00 00 00 00 00 00 00 00 00 00 00 00  ................
30e0  00 00 00 00 00 00 00 00 00 00 00 00 00 00 00 00  ................
30f0  00 00 00 00 00 00 00 00 00 00 00 00 00 00 00 00  ................
3100  04 02 00 00 00 00 00 00 00 00 00 00 00 00 00 00  ................
3110  00 00 00 00 00 00 00 00 00 00 00 00 00 00 00 00  ................
3120  00 00 00 00 00 00 00 00 00 00 00 00 00 00 00 00  ................
3130  00 00 00 00 00 00 00 00 00 00 00 00 00 00 00 00  ................
3140  00 00 00 00 00 00 00 00 00 00 00 00 00 00 00 00  ................
3150  00 00 00 00 00 00 00 00 00 00 00 00 00 00 00 00  ................
3160  00 00 00 00 00 00 00 00 00 00 00 00 00 00 00 00  ................
3170  00 00 00 00 00 00 00 00 00 00 00 00 00 00 00 00  ................
3180  04 02 00 00 00 00 00 00 00 00 00 00 00 00 00 00  ................
3190  00 00 00 00 00 00 00 00 00 00 00 00 00 00 00 00  ................
31a0  00 00 00 00 00 00 00 00 00 00 00 00 00 00 00 00  ................
31b0  00 00 00 00 00 00 00 00 00 00 00 00 00 00 00 00  ................
31c0  00 00 00 00 00 00 00 00 00 00 00 00 00 00 00 00  ................
31d0  00 00 00 00 00 00 00 00 00 00 00 00 00 00 00 00  ................
31e0  00 00 00 00 00 00 00 00 00 00 00 00 00 00 00 00  ................
31f0  00 00 00 00 00 00 00 00 00 00 00 00 00 00 00 00  ................
3200  04 02 00 00 00 00 00 00 00 00 00 00 00 00 00 00  ................
3210  00 00 00 00 00 00 00 00 00 00 00 00 00 00 00 00  ................
3220  00 00 00 00 00 00 00 00 00 00 00 00 00 00 00 00  ................
3230  00 00 00 00 00 00 00 00 00 00 00 00 00 00 00 00  ................
3240  00 00 00 00 00 00 00 00 00 00 00 00 00 00 00 00  ................
3250  00 00 00 00 00 00 00 00 00 00 00 00 00 00 00 00  ................
3260  00 00 00 00 00 00 00 00 00 00 00 00 00 00 00 00  ................
3270  00 00 00 00 00 00 00 00 00 00 00 00 00 00 00 00  ................
3280  04 02 00 00 00 00 00 00 00 00 00 00 00 00 00 00  ................
3290  00 00 00 00 00 00 00 00 00 00 00 00 00 00 00 00  ................
32a0  00 00 00 00 00 00 00 00 00 00 00 00 00 00 00 00  ................
32b0  00 00 00 00 00 00 00 00 00 00 00 00 00 00 00 00  ................
32c0  00 00 00 00 00 00 00 00 00 00 00 00 00 00 00 00  ................
32d0  00 00 00 00 00 00 00 00 00 00 00 00 00 00 00 00  ................
32e0  00 00 00 00 00 00 00 00 00 00 00 00 00 00 00 00  ................
32f0  00 00 00 00 00 00 00 00 00 00 00 00 00 00 00 00  ................
3300  04 02 00 00 00 00 00 00 00 00 00 00 00 00 00 00  ................
3310  00 00 00 00 00 00 00 00 00 00 00 00 00 00 00 00  ................
3320  00 00 00 00 00 00 00 00 00 00 00 00 00 00 00 00  ................
3330  00 00 00 00 00 00 00 00 00 00 00 00 00 00 00 00  ................
3340  00 00 00 00 00 00 00 00 00 00 00 00 00 00 00 00  ................
3350  00 00 00 00 00 00 00 00 00 00 00 00 00 00 00 00  ................
3360  00 00 00 00 00 00 00 00 00 00 00 00 00 00 00 00  ................
3370  00 00 00 00 00 00 00 00 00 00 00 00 00 00 00 00  ................
3380  04 02 00 00 00 00 00 00 00 00 00 00 00 00 00 00  ................
3390  00 00 00 00 00 00 00 00 00 00 00 00 00 00 00 00  ................
33a0  00 00 00 00 00 00 00 00 00 00 00 00 00 00 00 00  ................
33b0  00 00 00 00 00 00 00 00 00 00 00 00 00 00 00 00  ................
33c0  00 00 00 00 00 00 00 00 00 00 00 00 00 00 00 00  ................
33d0  00 00 00 00 00 00 00 00 00 00 00 00 00 00 00 00  ................
33e0  00 00 00 00 00 00 00 00 00 00 00 00 00 00 00 00  ................
33f0  00 00 00 00 00 00 00 00 00 00 00 00 00 00 00 00  ................
3400  04 02 00 00 00 00 00 00 00 00 00 00 00 00 00 00  ................
3410  00 00 00 00 00 00 00 00 00 00 00 00 00 00 00 00  ................
3420  00 00 00 00 00 00 00 00 00 00 00 00 00 00 00 00  ................
3430  00 00 00 00 00 00 00 00 00 00 00 00 00 00 00 00  ................
3440  00 00 00 00 00 00 00 00 00 00 00 00 00 00 00 00  ................
3450  00 00 00 00 00 00 00 00 00 00 00 00 00 00 00 00  ................
3460  00 00 00 00 00 00 00 00 00 00 00 00 00 00 00 00  ................
3470  00 00 00 00 00 00 00 00 00 00 00 00 00 00 00 00  ................
3480  04 02 00 00 00 00 00 00 00 00 00 00 00 00 00 00  ................
3490  00 00 00 00 00 00 00 00 00 00 00 00 00 00 00 00  ................
34a0  00 00 00 00 00 00 00 00 00 00 00 00 00 00 00 00  ................
34b0  00 00 00 00 00 00 00 00 00 00 00 00 00 00 00 00  ................
34c0  00 00 00 00 00 00 00 00 00 00 00 00 00 00 00 00  ................
34d0  00 00 00 00 00 00 00 00 00 00 00 00 00 00 00 00  ................
34e0  00 00 00 00 00 00 00 00 00 00 00 00 00 00 00 00  ................
34f0  00 00 00 00 00 00 00 00 00 00 00 00 00 00 00 00  ................
3500  04 02 00 00 00 00 00 00 00 00 00 00 00 00 00 00  ................
3510  00 00 00 00 00 00 00 00 00 00 00 00 00 00 00 00  ................
3520  00 00 00 00 00 00 00 00 00 00 00 00 00 00 00 00  ................
3530  00 00 00 00 00 00 00 00 00 00 00 00 00 00 00 00  ................
3540  00 00 00 00 00 00 00 00 00 00 00 00 00 00 00 00  ................
3550  00 00 00 00 00 00 00 00 00 00 00 00 00 00 00 00  ................
3560  00 00 00 00 00 00 00 00 00 00 00 00 00 00 00 00  ................
3570  00 00 00 00 00 00 00 00 00 00 00 00 00 00 00 00  ................
3580  04 02 00 00 00 00 00 00 00 00 00 00 00 00 00 00  ................
3590  00 00 00 00 00 00 00 00 00 00 00 00 00 00 00 00  ................
35a0  00 00 00 00 00 00 00 00 00 00 00 00 00 00 00 00  ................
35b0  00 00 00 00 00 00 00 00 00 00 00 00 00 00 00 00  ................
35c0  00 00 00 00 00 00 00 00 00 00 00 00 00 00 00 00  ................
35d0  00 00 00 00 00 00 00 00 00 00 00 00 00 00 00 00  ................
35e0  00 00 00 00 00 00 00 00 00 00 00 00 00 00 00 00  ................
35f0  00 00 00 00 00 00 00 00 00 00 00 00 00 00 00 00  ................
3600  04 02 00 00 00 00 00 00 00 00 00 00 00 00 00 00  ................
3610  00 00 00 00 00 00 00 00 00 00 00 00 00 00 00 00  ................
3620  00 00 00 00 00 00 00 00 00 00 00 00 00 00 00 00  ................
3630  00 00 00 00 00 00 00 00 00 00 00 00 00 00 00 00  ................
3640  00 00 00 00 00 00 00 00 00 00 00 00 00 00 00 00  ................
3650  00 00 00 00 00 00 00 00 00 00 00 00 00 00 00 00  ................
3660  00 00 00 00 00 00 00 00 00 00 00 00 00 00 00 00  ................
3670  00 00 00 00 00 00 00 00 00 00 00 00 00 00 00 00  ................
3680  04 02 00 00 00 00 00 00 00 00 00 00 00 00 00 00  ................
3690  00 00 00 00 00 00 00 00 00 00 00 00 00 00 00 00  ................
36a0  00 00 00 00 00 00 00 00 00 00 00 00 00 00 00 00  ................
36b0  00 00 00 00 00 00 00 00 00 00 00 00 00 00 00 00  ................
36c0  00 00 00 00 00 00 00 00 00 00 00 00 00 00 00 00  ................
36d0  00 00 00 00 00 00 00 00 00 00 00 00 00 00 00 00  ................
36e0  00 00 00 00 00 00 00 00 00 00 00 00 00 00 00 00  ................
36f0  00 00 00 00 00 00 00 00 00 00 00 00 00 00 00 00  ................
3700  04 02 00 00 00 00 00 00 00 00 00 00 00 00 00 00  ................
3710  00 00 00 00 00 00 00 00 00 00 00 00 00 00 00 00  ................
3720  00 00 00 00 00 00 00 00 00 00 00 00 00 00 00 00  ................
3730  00 00 00 00 00 00 00 00 00 00 00 00 00 00 00 00  ................
3740  00 00 00 00 00 00 00 00 00 00 00 00 00 00 00 00  ................
3750  00 00 00 00 00 00 00 00 00 00 00 00 00 00 00 00  ................
3760  00 00 00 00 00 00 00 00 00 00 00 00 00 00 00 00  ................
3770  00 00 00 00 00 00 00 00 00 00 00 00 00 00 00 00  ................
3780  04 02 00 00 00 00 00 00 00 00 00 00 00 00 00 00  ................
3790  00 00 00 00 00 00 00 00 00 00 00 00 00 00 00 00  ................
37a0  00 00 00 00 00 00 00 00 00 00 00 00 00 00 00 00  ................
37b0  00 00 00 00 00 00 00 00 00 00 00 00 00 00 00 00  ................
37c0  00 00 00 00 00 00 00 00 00 00 00 00 00 00 00 00  ................
37d0  00 00 00 00 00 00 00 00 00 00 00 00 00 00 00 00  ................
37e0  00 00 00 00 00 00 00 00 00 00 00 00 00 00 00 00  ................
37f0  00 00 00 00 00 00 00 00 00 00 00 00 00 00 00 00  ................
3800  04 02 00 00 00 00 00 00 00 00 00 00 00 00 00 00  ................
3810  00 00 00 00 00 00 00 00 00 00 00 00 00 00 00 00  ................
3820  00 00 00 00 00 00 00 00 00 00 00 00 00 00 00 00  ................
3830  00 00 00 00 00 00 00 00 00 00 00 00 00 00 00 00  ................
3840  00 00 00 00 00 00 00 00 00 00 00 00 00 00 00 00  ................
3850  00 00 00 00 00 00 00 00 00 00 00 00 00 00 00 00  ................
3860  00 00 00 00 00 00 00 00 00 00 00 00 00 00 00 00  ................
3870  00 00 00 00 00 00 00 00 00 00 00 00 00 00 00 00  ................
3880  04 02 00 00 00 00 00 00 00 00 00 00 00 00 00 00  ................
3890  00 00 00 00 00 00 00 00 00 00 00 00 00 00 00 00  ................
38a0  00 00 00 00 00 00 00 00 00 00 00 00 00 00 00 00  ................
38b0  00 00 00 00 00 00 00 00 00 00 00 00 00 00 00 00  ................
38c0  00 00 00 00 00 00 00 00 00 00 00 00 00 00 00 00  ................
38d0  00 00 00 00 00 00 00 00 00 00 00 00 00 00 00 00  ................
38e0  00 00 00 00 00 00 00 00 00 00 00 00 00 00 00 00  ................
38f0  00 00 00 00 00 00 00 00 00 00 00 00 00 00 00 00  ................
3900  04 02 00 00 00 00 00 00 00 00 00 00 00 00 00 00  ................
3910  00 00 00 00 00 00 00 00 00 00 00 00 00 00 00 00  ................
3920  00 00 00 00 00 00 00 00 00 00 00 00 00 00 00 00  ................
3930  00 00 00 00 00 00 00 00 00 00 00 00 00 00 00 00  ................
3940  00 00 00 00 00 00 00 00 00 00 00 00 00 00 00 00  ................
3950  00 00 00 00 00 00 00 00 00 00 00 00 00 00 00 00  ................
3960  00 00 00 00 00 00 00 00 00 00 00 00 00 00 00 00  ................
3970  00 00 00 00 00 00 00 00 00 00 00 00 00 00 00 00  ................
3980  04 02 00 00 00 00 00 00 00 00 00 00 00 00 00 00  ................
3990  00 00 00 00 00 00 00 00 00 00 00 00 00 00 00 00  ................
39a0  00 00 00 00 00 00 00 00 00 00 00 00 00 00 00 00  ................
39b0  00 00 00 00 00 00 00 00 00 00 00 00 00 00 00 00  ................
39c0  00 00 00 00 00 00 00 00 00 00 00 00 00 00 00 00  ................
39d0  00 00 00 00 00 00 00 00 00 00 00 00 00 00 00 00  ................
39e0  00 00 00 00 00 00 00 00 00 00 00 00 00 00 00 00  ................
39f0  00 00 00 00 00 00 00 00 00 00 00 00 00 00 00 00  ................
3a00  04 02 00 00 00 00 00 00 00 00 00 00 00 00 00 00  ................
3a10  00 00 00 00 00 00 00 00 00 00 00 00 00 00 00 00  ................
3a20  00 00 00 00 00 00 00 00 00 00 00 00 00 00 00 00  ................
3a30  00 00 00 00 00 00 00 00 00 00 00 00 00 00 00 00  ................
3a40  00 00 00 00 00 00 00 00 00 00 00 00 00 00 00 00  ................
3a50  00 00 00 00 00 00 00 00 00 00 00 00 00 00 00 00  ................
3a60  00 00 00 00 00 00 00 00 00 00 00 00 00 00 00 00  ................
3a70  00 00 00 00 00 00 00 00 00 00 00 00 00 00 00 00  ................
3a80  04 02 00 00 00 00 00 00 00 00 00 00 00 00 00 00  ................
3a90  00 00 00 00 00 00 00 00 00 00 00 00 00 00 00 00  ................
3aa0  00 00 00 00 00 00 00 00 00 00 00 00 00 00 00 00  ................
3ab0  00 00 00 00 00 00 00 00 00 00 00 00 00 00 00 00  ................
3ac0  00 00 00 00 00 00 00 00 00 00 00 00 00 00 00 00  ................
3ad0  00 00 00 00 00 00 00 00 00 00 00 00 00 00 00 00  ................
3ae0  00 00 00 00 00 00 00 00 00 00 00 00 00 00 00 00  ................
3af0  00 00 00 00 00 00 00 00 00 00 00 00 00 00 00 00  ................
3b00  04 02 00 00 00 00 00 00 00 00 00 00 00 00 00 00  ................
3b10  00 00 00 00 00 00 00 00 00 00 00 00 00 00 00 00  ................
3b20  00 00 00 00 00 00 00 00 00 00 00 00 00 00 00 00  ................
3b30  00 00 00 00 00 00 00 00 00 00 00 00 00 00 00 00  ................
3b40  00 00 00 00 00 00 00 00 00 00 00 00 00 00 00 00  ................
3b50  00 00 00 00 00 00 00 00 00 00 00 00 00 00 00 00  ................
3b60  00 00 00 00 00 00 00 00 00 00 00 00 00 00 00 00  ................
3b70  00 00 00 00 00 00 00 00 00 00 00 00 00 00 00 00  ................
3b80  04 02 00 00 00 00 00 00 00 00 00 00 00 00 00 00  ................
3b90  00 00 00 00 00 00 00 00 00 00 00 00 00 00 00 00  ................
3ba0  00 00 00 00 00 00 00 00 00 00 00 00 00 00 00 00  ................
3bb0  00 00 00 00 00 00 00 00 00 00 00 00 00 00 00 00  ................
3bc0  00 00 00 00 00 00 00 00 00 00 00 00 00 00 00 00  ................
3bd0  00 00 00 00 00 00 00 00 00 00 00 00 00 00 00 00  ................
3be0  00 00 00 00 00 00 00 00 00 00 00 00 00 00 00 00  ................
3bf0  00 00 00 00 00 00 00 00 00 00 00 00 00 00 00 00  ................
3c00  04 02 00 00 00 00 00 00 00 00 00 00 00 00 00 00  ................
3c10  00 00 00 00 00 00 00 00 00 00 00 00 00 00 00 00  ................
3c20  00 00 00 00 00 00 00 00 00 00 00 00 00 00 00 00  ................
3c30  00 00 00 00 00 00 00 00 00 00 00 00 00 00 00 00  ................
3c40  00 00 00 00 00 00 00 00 00 00 00 00 00 00 00 00  ................
3c50  00 00 00 00 00 00 00 00 00 00 00 00 00 00 00 00  ................
3c60  00 00 00 00 00 00 00 00 00 00 00 00 00 00 00 00  ................
3c70  00 00 00 00 00 00 00 00 00 00 00 00 00 00 00 00  ................
3c80  04 02 00 00 00 00 00 00 00 00 00 00 00 00 00 00  ................
3c90  00 00 00 00 00 00 00 00 00 00 00 00 00 00 00 00  ................
3ca0  00 00 00 00 00 00 00 00 00 00 00 00 00 00 00 00  ................
3cb0  00 00 00 00 00 00 00 00 00 00 00 00 00 00 00 00  ................
3cc0  00 00 00 00 00 00 00 00 00 00 00 00 00 00 00 00  ................
3cd0  00 00 00 00 00 00 00 00 00 00 00 00 00 00 00 00  ................
3ce0  00 00 00 00 00 00 00 00 00 00 00 00 00 00 00 00  ................
3cf0  00 00 00 00 00 00 00 00 00 00 00 00 00 00 00 00  ................
3d00  04 02 00 00 00 00 00 00 00 00 00 00 00 00 00 00  ................
3d10  00 00 00 00 00 00 00 00 00 00 00 00 00 00 00 00  ................
3d20  00 00 00 00 00 00 00 00 00 00 00 00 00 00 00 00  ................
3d30  00 00 00 00 00 00 00 00 00 00 00 00 00 00 00 00  ................
3d40  00 00 00 00 00 00 00 00 00 00 00 00 00 00 00 00  ................
3d50  00 00 00 00 00 00 00 00 00 00 00 00 00 00 00 00  ................
3d60  00 00 00 00 00 00 00 00 00 00 00 00 00 00 00 00  ................
3d70  00 00 00 00 00 00 00 00 00 00 00 00 00 00 00 00  ................
3d80  04 02 00 00 00 00 00 00 00 00 00 00 00 00 00 00  ................
3d90  00 00 00 00 00 00 00 00 00 00 00 00 00 00 00 00  ................
3da0  00 00 00 00 00 00 00 00 00 00 00 00 00 00 00 00  ................
3db0  00 00 00 00 00 00 00 00 00 00 00 00 00 00 00 00  ................
3dc0  00 00 00 00 00 00 00 00 00 00 00 00 00 00 00 00  ................
3dd0  00 00 00 00 00 00 00 00 00 00 00 00 00 00 00 00  ................
3de0  00 00 00 00 00 00 00 00 00 00 00 00 00 00 00 00  ................
3df0  00 00 00 00 00 00 00 00 00 00 00 00 00 00 00 00  ................
3e00  04 02 00 00 00 00 00 00 00 00 00 00 00 00 00 00  ................
3e10  00 00 00 00 00 00 00 00 00 00 00 00 00 00 00 00  ................
3e20  00 00 00 00 00 00 00 00 00 00 00 00 00 00 00 00  ................
3e30  00 00 00 00 00 00 00 00 00 00 00 00 00 00 00 00  ................
3e40  00 00 00 00 00 00 00 00 00 00 00 00 00 00 00 00  ................
3e50  00 00 00 00 00 00 00 00 00 00 00 00 00 00 00 00  ................
3e60  00 00 00 00 00 00 00 00 00 00 00 00 00 00 00 00  ................
3e70  00 00 00 00 00 00 00 00 00 00 00 00 00 00 00 00  ................
3e80  04 02 00 00 00 00 00 00 00 00 00 00 00 00 00 00  ................
3e90  00 00 00 00 00 00 00 00 00 00 00 00 00 00 00 00  ................
3ea0  00 00 00 00 00 00 00 00 00 00 00 00 00 00 00 00  ................
3eb0  00 00 00 00 00 00 00 00 00 00 00 00 00 00 00 00  ................
3ec0  00 00 00 00 00 00 00 00 00 00 00 00 00 00 00 00  ................
3ed0  00 00 00 00 00 00 00 00 00 00 00 00 00 00 00 00  ................
3ee0  00 00 00 00 00 00 00 00 00 00 00 00 00 00 00 00  ................
3ef0  00 00 00 00 00 00 00 00 00 00 00 00 00 00 00 00  ................
3f00  04 02 00 00 00 00 00 00 00 00 00 00 00 00 00 00  ................
3f10  00 00 00 00 00 00 00 00 00 00 00 00 00 00 00 00  ................
3f20  00 00 00 00 00 00 00 00 00 00 00 00 00 00 00 00  ................
3f30  00 00 00 00 00 00 00 00 00 00 00 00 00 00 00 00  ................
3f40  00 00 00 00 00 00 00 00 00 00 00 00 00 00 00 00  ................
3f50  00 00 00 00 00 00 00 00 00 00 00 00 00 00 00 00  ................
3f60  00 00 00 00 00 00 00 00 00 00 00 00 00 00 00 00  ................
3f70  00 00 00 00 00 00 00 00 00 00 00 00 00 00 00 00  ................
3f80  04 02 00 00 00 00 00 00 00 00 00 00 00 00 00 00  ................
3f90  00 00 00 00 00 00 00 00 00 00 00 00 00 00 00 00  ................
3fa0  00 00 00 00 00 00 00 00 00 00 00 00 00 00 00 00  ................
3fb0  00 00 00 00 00 00 00 00 00 00 00 00 00 00 00 00  ................
3fc0  00 00 00 00 00 00 00 00 00 00 00 00 00 00 00 00  ................
3fd0  00 00 00 00 00 00 00 00 00 00 00 00 00 00 00 00  ................
3fe0  00 00 00 00 00 00 00 00 00 00 00 00 00 00 00 00  ................
3ff0  00 00 00 00 00 00 00 00 00 00 00 00 00 00 00 00  ................
4000  04 02 00 00 00 00 00 00 00 00 00 00 00 00 00 00  ................
4010  00 00 00 00 00 00 00 00 00 00 00 00 00 00 00 00  ................
4020  00 00 00 00 00 00 00 00 00 00 00 00 00 00 00 00  ................
4030  00 00 00 00 00 00 00 00 00 00 00 00 00 00 00 00  ................
4040  00 00 00 00 00 00 00 00 00 00 00 00 00 00 00 00  ................
4050  00 00 00 00 00 00 00 00 00 00 00 00 00 00 00 00  ................
4060  00 00 00 00 00 00 00 00 00 00 00 00 00 00 00 00  ................
4070  00 00 00 00 00 00 00 00 00 00 00 00 00 00 00 00  ................
4080  04 02 00 00 00 00 00 00 00 00 00 00 00 00 00 00  ................
4090  00 00 00 00 00 00 00 00 00 00 00 00 00 00 00 00  ................
40a0  00 00 00 00 00 00 00 00 00 00 00 00 00 00 00 00  ................
40b0  00 00 00 00 00 00 00 00 00 00 00 00 00 00 00 00  ................
40c0  00 00 00 00 00 00 00 00 00 00 00 00 00 00 00 00  ................
40d0  00 00 00 00 00 00 00 00 00 00 00 00 00 00 00 00  ................
40e0  00 00 00 00 00 00 00 00 00 00 00 00 00 00 00 00  ................
40f0  00 00 00 00 00 00 00 00 00 00 00 00 00 00 00 00  ................
4100  04 02 00 00 00 00 00 00 00 00 00 00 00 00 00 00  ................
4110  00 00 00 00 00 00 00 00 00 00 00 00 00 00 00 00  ................
4120  00 00 00 00 00 00 00 00 00 00 00 00 00 00 00 00  ................
4130  00 00 00 00 00 00 00 00 00 00 00 00 00 00 00 00  ................
4140  00 00 00 00 00 00 00 00 00 00 00 00 00 00 00 00  ................
4150  00 00 00 00 00 00 00 00 00 00 00 00 00 00 00 00  ................
4160  00 00 00 00 00 00 00 00 00 00 00 00 00 00 00 00  ................
4170  00 00 00 00 00 00 00 00 00 00 00 00 00 00 00 00  ................
4180  04 02 00 00 00 00 00 00 00 00 00 00 00 00 00 00  ................
4190  00 00 00 00 00 00 00 00 00 00 00 00 00 00 00 00  ................
41a0  00 00 00 00 00 00 00 00 00 00 00 00 00 00 00 00  ................
41b0  00 00 00 00 00 00 00 00 00 00 00 00 00 00 00 00  ................
41c0  00 00 00 00 00 00 00 00 00 00 00 00 00 00 00 00  ................
41d0  00 00 00 00 00 00 00 00 00 00 00 00 00 00 00 00  ................
41e0  00 00 00 00 00 00 00 00 00 00 00 00 00 00 00 00  ................
41f0  00 00 00 00 00 00 00 00 00 00 00 00 00 00 00 00  ................
4200  04 02 00 00 00 00 00 00 00 00 00 00 00 00 00 00  ................
4210  00 00 00 00 00 00 00 00 00 00 00 00 00 00 00 00  ................
4220  00 00 00 00 00 00 00 00 00 00 00 00 00 00 00 00  ................
4230  00 00 00 00 00 00 00 00 00 00 00 00 00 00 00 00  ................
4240  00 00 00 00 00 00 00 00 00 00 00 00 00 00 00 00  ................
4250  00 00 00 00 00 00 00 00 00 00 00 00 00 00 00 00  ................
4260  00 00 00 00 00 00 00 00 00 00 00 00 00 00 00 00  ................
4270  00 00 00 00 00 00 00 00 00 00 00 00 00 00 00 00  ................
4280  04 02 00 00 00 00 00 00 00 00 00 00 00 00 00 00  ................
4290  00 00 00 00 00 00 00 00 00 00 00 00 00 00 00 00  ................
42a0  00 00 00 00 00 00 00 00 00 00 00 00 00 00 00 00  ................
42b0  00 00 00 00 00 00 00 00 00 00 00 00 00 00 00 00  ................
42c0  00 00 00 00 00 00 00 00 00 00 00 00 00 00 00 00  ................
42d0  00 00 00 00 00 00 00 00 00 00 00 00 00 00 00 00  ................
42e0  00 00 00 00 00 00 00 00 00 00 00 00 00 00 00 00  ................
42f0  00 00 00 00 00 00 00 00 00 00 00 00 00 00 00 00  ................
4300  04 02 00 00 00 00 00 00 00 00 00 00 00 00 00 00  ................
4310  00 00 00 00 00 00 00 00 00 00 00 00 00 00 00 00  ................
4320  00 00 00 00 00 00 00 00 00 00 00 00 00 00 00 00  ................
4330  00 00 00 00 00 00 00 00 00 00 00 00 00 00 00 00  ................
4340  00 00 00 00 00 00 00 00 00 00 00 00 00 00 00 00  ................
4350  00 00 00 00 00 00 00 00 00 00 00 00 00 00 00 00  ................
4360  00 00 00 00 00 00 00 00 00 00 00 00 00 00 00 00  ................
4370  00 00 00 00 00 00 00 00 00 00 00 00 00 00 00 00  ................
4380  04 02 00 00 00 00 00 00 00 00 00 00 00 00 00 00  ................
4390  00 00 00 00 00 00 00 00 00 00 00 00 00 00 00 00  ................
43a0  00 00 00 00 00 00 00 00 00 00 00 00 00 00 00 00  ................
43b0  00 00 00 00 00 00 00 00 00 00 00 00 00 00 00 00  ................
43c0  00 00 00 00 00 00 00 00 00 00 00 00 00 00 00 00  ................
43d0  00 00 00 00 00 00 00 00 00 00 00 00 00 00 00 00  ................
43e0  00 00 00 00 00 00 00 00 00 00 00 00 00 00 00 00  ................
43f0  00 00 00 00 00 00 00 00 00 00 00 00 00 00 00 00  ................
4400  04 02 00 00 00 00 00 00 00 00 00 00 00 00 00 00  ................
4410  00 00 00 00 00 00 00 00 00 00 00 00 00 00 00 00  ................
4420  00 00 00 00 00 00 00 00 00 00 00 00 00 00 00 00  ................
4430  00 00 00 00 00 00 00 00 00 00 00 00 00 00 00 00  ................
4440  00 00 00 00 00 00 00 00 00 00 00 00 00 00 00 00  ................
4450  00 00 00 00 00 00 00 00 00 00 00 00 00 00 00 00  ................
4460  00 00 00 00 00 00 00 00 00 00 00 00 00 00 00 00  ................
4470  00 00 00 00 00 00 00 00 00 00 00 00 00 00 00 00  ................
4480  04 02 00 00 00 00 00 00 00 00 00 00 00 00 00 00  ................
4490  00 00 00 00 00 00 00 00 00 00 00 00 00 00 00 00  ................
44a0  00 00 00 00 00 00 00 00 00 00 00 00 00 00 00 00  ................
44b0  00 00 00 00 00 00 00 00 00 00 00 00 00 00 00 00  ................
44c0  00 00 00 00 00 00 00 00 00 00 00 00 00 00 00 00  ................
44d0  00 00 00 00 00 00 00 00 00 00 00 00 00 00 00 00  ................
44e0  00 00 00 00 00 00 00 00 00 00 00 00 00 00 00 00  ................
44f0  00 00 00 00 00 00 00 00 00 00 00 00 00 00 00 00  ................
4500  04 02 00 00 00 00 00 00 00 00 00 00 00 00 00 00  ................
4510  00 00 00 00 00 00 00 00 00 00 00 00 00 00 00 00  ................
4520  00 00 00 00 00 00 00 00 00 00 00 00 00 00 00 00  ................
4530  00 00 00 00 00 00 00 00 00 00 00 00 00 00 00 00  ................
4540  00 00 00 00 00 00 00 00 00 00 00 00 00 00 00 00  ................
4550  00 00 00 00 00 00 00 00 00 00 00 00 00 00 00 00  ................
4560  00 00 00 00 00 00 00 00 00 00 00 00 00 00 00 00  ................
4570  00 00 00 00 00 00 00 00 00 00 00 00 00 00 00 00  ................
4580  04 02 00 00 00 00 00 00 00 00 00 00 00 00 00 00  ................
4590  00 00 00 00 00 00 00 00 00 00 00 00 00 00 00 00  ................
45a0  00 00 00 00 00 00 00 00 00 00 00 00 00 00 00 00  ................
45b0  00 00 00 00 00 00 00 00 00 00 00 00 00 00 00 00  ................
45c0  00 00 00 00 00 00 00 00 00 00 00 00 00 00 00 00  ................
45d0  00 00 00 00 00 00 00 00 00 00 00 00 00 00 00 00  ................
45e0  00 00 00 00 00 00 00 00 00 00 00 00 00 00 00 00  ................
45f0  00 00 00 00 00 00 00 00 00 00 00 00 00 00 00 00  ................
4600  04 02 00 00 00 00 00 00 00 00 00 00 00 00 00 00  ................
4610  00 00 00 00 00 00 00 00 00 00 00 00 00 00 00 00  ................
4620  00 00 00 00 00 00 00 00 00 00 00 00 00 00 00 00  ................
4630  00 00 00 00 00 00 00 00 00 00 00 00 00 00 00 00  ................
4640  00 00 00 00 00 00 00 00 00 00 00 00 00 00 00 00  ................
4650  00 00 00 00 00 00 00 00 00 00 00 00 00 00 00 00  ................
4660  00 00 00 00 00 00 00 00 00 00 00 00 00 00 00 00  ................
4670  00 00 00 00 00 00 00 00 00 00 00 00 00 00 00 00  ................
4680  04 02 00 00 00 00 00 00 00 00 00 00 00 00 00 00  ................
4690  00 00 00 00 00 00 00 00 00 00 00 00 00 00 00 00  ................
46a0  00 00 00 00 00 00 00 00 00 00 00 00 00 00 00 00  ................
46b0  00 00 00 00 00 00 00 00 00 00 00 00 00 00 00 00  ................
46c0  00 00 00 00 00 00 00 00 00 00 00 00 00 00 00 00  ................
46d0  00 00 00 00 00 00 00 00 00 00 00 00 00 00 00 00  ................
46e0  00 00 00 00 00 00 00 00 00 00 00 00 00 00 00 00  ................
46f0  00 00 00 00 00 00 00 00 00 00 00 00 00 00 00 00  ................
4700  04 02 00 00 00 00 00 00 00 00 00 00 00 00 00 00  ................
4710  00 00 00 00 00 00 00 00 00 00 00 00 00 00 00 00  ................
4720  00 00 00 00 00 00 00 00 00 00 00 00 00 00 00 00  ................
4730  00 00 00 00 00 00 00 00 00 00 00 00 00 00 00 00  ................
4740  00 00 00 00 00 00 00 00 00 00 00 00 00 00 00 00  ................
4750  00 00 00 00 00 00 00 00 00 00 00 00 00 00 00 00  ................
4760  00 00 00 00 00 00 00 00 00 00 00 00 00 00 00 00  ................
4770  00 00 00 00 00 00 00 00 00 00 00 00 00 00 00 00  ................
4780  04 02 00 00 00 00 00 00 00 00 00 00 00 00 00 00  ................
4790  00 00 00 00 00 00 00 00 00 00 00 00 00 00 00 00  ................
47a0  00 00 00 00 00 00 00 00 00 00 00 00 00 00 00 00  ................
47b0  00 00 00 00 00 00 00 00 00 00 00 00 00 00 00 00  ................
47c0  00 00 00 00 00 00 00 00 00 00 00 00 00 00 00 00  ................
47d0  00 00 00 00 00 00 00 00 00 00 00 00 00 00 00 00  ................
47e0  00 00 00 00 00 00 00 00 00 00 00 00 00 00 00 00  ................
47f0  00 00 00 00 00 00 00 00 00 00 00 00 00 00 00 00  ................
4800  04 02 00 00 00 00 00 00 00 00 00 00 00 00 00 00  ................
4810  00 00 00 00 00 00 00 00 00 00 00 00 00 00 00 00  ................
4820  00 00 00 00 00 00 00 00 00 00 00 00 00 00 00 00  ................
4830  00 00 00 00 00 00 00 00 00 00 00 00 00 00 00 00  ................
4840  00 00 00 00 00 00 00 00 00 00 00 00 00 00 00 00  ................
4850  00 00 00 00 00 00 00 00 00 00 00 00 00 00 00 00  ................
4860  00 00 00 00 00 00 00 00 00 00 00 00 00 00 00 00  ................
4870  00 00 00 00 00 00 00 00 00 00 00 00 00 00 00 00  ................
4880  04 02 00 00 00 00 00 00 00 00 00 00 00 00 00 00  ................
4890  00 00 00 00 00 00 00 00 00 00 00 00 00 00 00 00  ................
48a0  00 00 00 00 00 00 00 00 00 00 00 00 00 00 00 00  ................
48b0  00 00 00 00 00 00 00 00 00 00 00 00 00 00 00 00  ................
48c0  00 00 00 00 00 00 00 00 00 00 00 00 00 00 00 00  ................
48d0  00 00 00 00 00 00 00 00 00 00 00 00 00 00 00 00  ................
48e0  00 00 00 00 00 00 00 00 00 00 00 00 00 00 00 00  ................
48f0  00 00 00 00 00 00 00 00 00 00 00 00 00 00 00 00  ................
4900  04 02 00 00 00 00 00 00 00 00 00 00 00 00 00 00  ................
4910  00 00 00 00 00 00 00 00 00 00 00 00 00 00 00 00  ................
4920  00 00 00 00 00 00 00 00 00 00 00 00 00 00 00 00  ................
4930  00 00 00 00 00 00 00 00 00 00 00 00 00 00 00 00  ................
4940  00 00 00 00 00 00 00 00 00 00 00 00 00 00 00 00  ................
4950  00 00 00 00 00 00 00 00 00 00 00 00 00 00 00 00  ................
4960  00 00 00 00 00 00 00 00 00 00 00 00 00 00 00 00  ................
4970  00 00 00 00 00 00 00 00 00 00 00 00 00 00 00 00  ................
4980  04 02 00 00 00 00 00 00 00 00 00 00 00 00 00 00  ................
4990  00 00 00 00 00 00 00 00 00 00 00 00 00 00 00 00  ................
49a0  00 00 00 00 00 00 00 00 00 00 00 00 00 00 00 00  ................
49b0  00 00 00 00 00 00 00 00 00 00 00 00 00 00 00 00  ................
49c0  00 00 00 00 00 00 00 00 00 00 00 00 00 00 00 00  ................
49d0  00 00 00 00 00 00 00 00 00 00 00 00 00 00 00 00  ................
49e0  00 00 00 00 00 00 00 00 00 00 00 00 00 00 00 00  ................
49f0  00 00 00 00 00 00 00 00 00 00 00 00 00 00 00 00  ................
4a00  04 02 00 00 00 00 00 00 00 00 00 00 00 00 00 00  ................
4a10  00 00 00 00 00 00 00 00 00 00 00 00 00 00 00 00  ................
4a20  00 00 00 00 00 00 00 00 00 00 00 00 00 00 00 00  ................
4a30  00 00 00 00 00 00 00 00 00 00 00 00 00 00 00 00  ................
4a40  00 00 00 00 00 00 00 00 00 00 00 00 00 00 00 00  ................
4a50  00 00 00 00 00 00 00 00 00 00 00 00 00 00 00 00  ................
4a60  00 00 00 00 00 00 00 00 00 00 00 00 00 00 00 00  ................
4a70  00 00 00 00 00 00 00 00 00 00 00 00 00 00 00 00  ................
4a80  04 02 00 00 00 00 00 00 00 00 00 00 00 00 00 00  ................
4a90  00 00 00 00 00 00 00 00 00 00 00 00 00 00 00 00  ................
4aa0  00 00 00 00 00 00 00 00 00 00 00 00 00 00 00 00  ................
4ab0  00 00 00 00 00 00 00 00 00 00 00 00 00 00 00 00  ................
4ac0  00 00 00 00 00 00 00 00 00 00 00 00 00 00 00 00  ................
4ad0  00 00 00 00 00 00 00 00 00 00 00 00 00 00 00 00  ................
4ae0  00 00 00 00 00 00 00 00 00 00 00 00 00 00 00 00  ................
4af0  00 00 00 00 00 00 00 00 00 00 00 00 00 00 00 00  ................
4b00  04 02 00 00 00 00 00 00 00 00 00 00 00 00 00 00  ................
4b10  00 00 00 00 00 00 00 00 00 00 00 00 00 00 00 00  ................
4b20  00 00 00 00 00 00 00 00 00 00 00 00 00 00 00 00  ................
4b30  00 00 00 00 00 00 00 00 00 00 00 00 00 00 00 00  ................
4b40  00 00 00 00 00 00 00 00 00 00 00 00 00 00 00 00  ................
4b50  00 00 00 00 00 00 00 00 00 00 00 00 00 00 00 00  ................
4b60  00 00 00 00 00 00 00 00 00 00 00 00 00 00 00 00  ................
4b70  00 00 00 00 00 00 00 00 00 00 00 00 00 00 00 00  ................
4b80  04 02 00 00 00 00 00 00 00 00 00 00 00 00 00 00  ................
4b90  00 00 00 00 00 00 00 00 00 00 00 00 00 00 00 00  ................
4ba0  00 00 00 00 00 00 00 00 00 00 00 00 00 00 00 00  ................
4bb0  00 00 00 00 00 00 00 00 00 00 00 00 00 00 00 00  ................
4bc0  00 00 00 00 00 00 00 00 00 00 00 00 00 00 00 00  ................
4bd0  00 00 00 00 00 00 00 00 00 00 00 00 00 00 00 00  ................
4be0  00 00 00 00 00 00 00 00 00 00 00 00 00 00 00 00  ................
4bf0  00 00 00 00 00 00 00 00 00 00 00 00 00 00 00 00  ................
4c00  04 02 00 00 00 00 00 00 00 00 00 00 00 00 00 00  ................
4c10  00 00 00 00 00 00 00 00 00 00 00 00 00 00 00 00  ................
4c20  00 00 00 00 00 00 00 00 00 00 00 00 00 00 00 00  ................
4c30  00 00 00 00 00 00 00 00 00 00 00 00 00 00 00 00  ................
4c40  00 00 00 00 00 00 00 00 00 00 00 00 00 00 00 00  ................
4c50  00 00 00 00 00 00 00 00 00 00 00 00 00 00 00 00  ................
4c60  00 00 00 00 00 00 00 00 00 00 00 00 00 00 00 00  ................
4c70  00 00 00 00 00 00 00 00 00 00 00 00 00 00 00 00  ................
4c80  04 02 00 00 00 00 00 00 00 00 00 00 00 00 00 00  ................
4c90  00 00 00 00 00 00 00 00 00 00 00 00 00 00 00 00  ................
4ca0  00 00 00 00 00 00 00 00 00 00 00 00 00 00 00 00  ................
4cb0  00 00 00 00 00 00 00 00 00 00 00 00 00 00 00 00  ................
4cc0  00 00 00 00 00 00 00 00 00 00 00 00 00 00 00 00  ................
4cd0  00 00 00 00 00 00 00 00 00 00 00 00 00 00 00 00  ................
4ce0  00 00 00 00 00 00 00 00 00 00 00 00 00 00 00 00  ................
4cf0  00 00 00 00 00 00 00 00 00 00 00 00 00 00 00 00  ................
4d00  04 02 00 00 00 00 00 00 00 00 00 00 00 00 00 00  ................
4d10  00 00 00 00 00 00 00 00 00 00 00 00 00 00 00 00  ................
4d20  00 00 00 00 00 00 00 00 00 00 00 00 00 00 00 00  ................
4d30  00 00 00 00 00 00 00 00 00 00 00 00 00 00 00 00  ................
4d40  00 00 00 00 00 00 00 00 00 00 00 00 00 00 00 00  ................
4d50  00 00 00 00 00 00 00 00 00 00 00 00 00 00 00 00  ................
4d60  00 00 00 00 00 00 00 00 00 00 00 00 00 00 00 00  ................
4d70  00 00 00 00 00 00 00 00 00 00 00 00 00 00 00 00  ................
4d80  04 02 00 00 00 00 00 00 00 00 00 00 00 00 00 00  ................
4d90  00 00 00 00 00 00 00 00 00 00 00 00 00 00 00 00  ................
4da0  00 00 00 00 00 00 00 00 00 00 00 00 00 00 00 00  ................
4db0  00 00 00 00 00 00 00 00 00 00 00 00 00 00 00 00  ................
4dc0  00 00 00 00 00 00 00 00 00 00 00 00 00 00 00 00  ................
4dd0  00 00 00 00 00 00 00 00 00 00 00 00 00 00 00 00  ................
4de0  00 00 00 00 00 00 00 00 00 00 00 00 00 00 00 00  ................
4df0  00 00 00 00 00 00 00 00 00 00 00 00 00 00 00 00  ................
4e00  04 02 00 00 00 00 00 00 00 00 00 00 00 00 00 00  ................
4e10  00 00 00 00 00 00 00 00 00 00 00 00 00 00 00 00  ................
4e20  00 00 00 00 00 00 00 00 00 00 00 00 00 00 00 00  ................
4e30  00 00 00 00 00 00 00 00 00 00 00 00 00 00 00 00  ................
4e40  00 00 00 00 00 00 00 00 00 00 00 00 00 00 00 00  ................
4e50  00 00 00 00 00 00 00 00 00 00 00 00 00 00 00 00  ................
4e60  00 00 00 00 00 00 00 00 00 00 00 00 00 00 00 00  ................
4e70  00 00 00 00 00 00 00 00 00 00 00 00 00 00 00 00  ................
4e80  04 02 00 00 00 00 00 00 00 00 00 00 00 00 00 00  ................
4e90  00 00 00 00 00 00 00 00 00 00 00 00 00 00 00 00  ................
4ea0  00 00 00 00 00 00 00 00 00 00 00 00 00 00 00 00  ................
4eb0  00 00 00 00 00 00 00 00 00 00 00 00 00 00 00 00  ................
4ec0  00 00 00 00 00 00 00 00 00 00 00 00 00 00 00 00  ................
4ed0  00 00 00 00 00 00 00 00 00 00 00 00 00 00 00 00  ................
4ee0  00 00 00 00 00 00 00 00 00 00 00 00 00 00 00 00  ................
4ef0  00 00 00 00 00 00 00 00 00 00 00 00 00 00 00 00  ................
4f00  04 02 00 00 00 00 00 00 00 00 00 00 00 00 00 00  ................
4f10  00 00 00 00 00 00 00 00 00 00 00 00 00 00 00 00  ................
4f20  00 00 00 00 00 00 00 00 00 00 00 00 00 00 00 00  ................
4f30  00 00 00 00 00 00 00 00 00 00 00 00 00 00 00 00  ................
4f40  00 00 00 00 00 00 00 00 00 00 00 00 00 00 00 00  ................
4f50  00 00 00 00 00 00 00 00 00 00 00 00 00 00 00 00  ................
4f60  00 00 00 00 00 00 00 00 00 00 00 00 00 00 00 00  ................
4f70  00 00 00 00 00 00 00 00 00 00 00 00 00 00 00 00  ................
4f80  04 02 00 00 00 00 00 00 00 00 00 00 00 00 00 00  ................
4f90  00 00 00 00 00 00 00 00 00 00 00 00 00 00 00 00  ................
4fa0  00 00 00 00 00 00 00 00 00 00 00 00 00 00 00 00  ................
4fb0  00 00 00 00 00 00 00 00 00 00 00 00 00 00 00 00  ................
4fc0  00 00 00 00 00 00 00 00 00 00 00 00 00 00 00 00  ................
4fd0  00 00 00 00 00 00 00 00 00 00 00 00 00 00 00 00  ................
4fe0  00 00 00 00 00 00 00 00 00 00 00 00 00 00 00 00  ................
4ff0  00 00 00 00 00 00 00 00 00 00 00 00 00 00 00 00  ................
5000  04 02 00 00 00 00 00 00 00 00 00 00 00 00 00 00  ................
5010  00 00 00 00 00 00 00 00 00 00 00 00 00 00 00 00  ................
5020  00 00 00 00 00 00 00 00 00 00 00 00 00 00 00 00  ................
5030  00 00 00 00 00 00 00 00 00 00 00 00 00 00 00 00  ................
5040  00 00 00 00 00 00 00 00 00 00 00 00 00 00 00 00  ................
5050  00 00 00 00 00 00 00 00 00 00 00 00 00 00 00 00  ................
5060  00 00 00 00 00 00 00 00 00 00 00 00 00 00 00 00  ................
5070  00 00 00 00 00 00 00 00 00 00 00 00 00 00 00 00  ................
5080  04 02 00 00 00 00 00 00 00 00 00 00 00 00 00 00  ................
5090  00 00 00 00 00 00 00 00 00 00 00 00 00 00 00 00  ................
50a0  00 00 00 00 00 00 00 00 00 00 00 00 00 00 00 00  ................
50b0  00 00 00 00 00 00 00 00 00 00 00 00 00 00 00 00  ................
50c0  00 00 00 00 00 00 00 00 00 00 00 00 00 00 00 00  ................
50d0  00 00 00 00 00 00 00 00 00 00 00 00 00 00 00 00  ................
50e0  00 00 00 00 00 00 00 00 00 00 00 00 00 00 00 00  ................
50f0  00 00 00 00 00 00 00 00 00 00 00 00 00 00 00 00  ................
5100  04 02 00 00 00 00 00 00 00 00 00 00 00 00 00 00  ................
5110  00 00 00 00 00 00 00 00 00 00 00 00 00 00 00 00  ................
5120  00 00 00 00 00 00 00 00 00 00 00 00 00 00 00 00  ................
5130  00 00 00 00 00 00 00 00 00 00 00 00 00 00 00 00  ................
5140  00 00 00 00 00 00 00 00 00 00 00 00 00 00 00 00  ................
5150  00 00 00 00 00 00 00 00 00 00 00 00 00 00 00 00  ................
5160  00 00 00 00 00 00 00 00 00 00 00 00 00 00 00 00  ................
5170  00 00 00 00 00 00 00 00 00 00 00 00 00 00 00 00  ................
5180  04 02 00 00 00 00 00 00 00 00 00 00 00 00 00 00  ................
5190  00 00 00 00 00 00 00 00 00 00 00 00 00 00 00 00  ................
51a0  00 00 00 00 00 00 00 00 00 00 00 00 00 00 00 00  ................
51b0  00 00 00 00 00 00 00 00 00 00 00 00 00 00 00 00  ................
51c0  00 00 00 00 00 00 00 00 00 00 00 00 00 00 00 00  ................
51d0  00 00 00 00 00 00 00 00 00 00 00 00 00 00 00 00  ................
51e0  00 00 00 00 00 00 00 00 00 00 00 00 00 00 00 00  ................
51f0  00 00 00 00 00 00 00 00 00 00 00 00 00 00 00 00  ................
5200  04 02 00 00 00 00 00 00 00 00 00 00 00 00 00 00  ................
5210  00 00 00 00 00 00 00 00 00 00 00 00 00 00 00 00  ................
5220  00 00 00 00 00 00 00 00 00 00 00 00 00 00 00 00  ................
5230  00 00 00 00 00 00 00 00 00 00 00 00 00 00 00 00  ................
5240  00 00 00 00 00 00 00 00 00 00 00 00 00 00 00 00  ................
5250  00 00 00 00 00 00 00 00 00 00 00 00 00 00 00 00  ................
5260  00 00 00 00 00 00 00 00 00 00 00 00 00 00 00 00  ................
5270  00 00 00 00 00 00 00 00 00 00 00 00 00 00 00 00  ................
5280  04 02 00 00 00 00 00 00 00 00 00 00 00 00 00 00  ................
5290  00 00 00 00 00 00 00 00 00 00 00 00 00 00 00 00  ................
52a0  00 00 00 00 00 00 00 00 00 00 00 00 00 00 00 00  ................
52b0  00 00 00 00 00 00 00 00 00 00 00 00 00 00 00 00  ................
52c0  00 00 00 00 00 00 00 00 00 00 00 00 00 00 00 00  ................
52d0  00 00 00 00 00 00 00 00 00 00 00 00 00 00 00 00  ................
52e0  00 00 00 00 00 00 00 00 00 00 00 00 00 00 00 00  ................
52f0  00 00 00 00 00 00 00 00 00 00 00 00 00 00 00 00  ................
5300  04 02 00 00 00 00 00 00 00 00 00 00 00 00 00 00  ................
5310  00 00 00 00 00 00 00 00 00 00 00 00 00 00 00 00  ................
5320  00 00 00 00 00 00 00 00 00 00 00 00 00 00 00 00  ................
5330  00 00 00 00 00 00 00 00 00 00 00 00 00 00 00 00  ................
5340  00 00 00 00 00 00 00 00 00 00 00 00 00 00 00 00  ................
5350  00 00 00 00 00 00 00 00 00 00 00 00 00 00 00 00  ................
5360  00 00 00 00 00 00 00 00 00 00 00 00 00 00 00 00  ................
5370  00 00 00 00 00 00 00 00 00 00 00 00 00 00 00 00  ................
5380  04 02 00 00 00 00 00 00 00 00 00 00 00 00 00 00  ................
5390  00 00 00 00 00 00 00 00 00 00 00 00 00 00 00 00  ................
53a0  00 00 00 00 00 00 00 00 00 00 00 00 00 00 00 00  ................
53b0  00 00 00 00 00 00 00 00 00 00 00 00 00 00 00 00  ................
53c0  00 00 00 00 00 00 00 00 00 00 00 00 00 00 00 00  ................
53d0  00 00 00 00 00 00 00 00 00 00 00 00 00 00 00 00  ................
53e0  00 00 00 00 00 00 00 00 00 00 00 00 00 00 00 00  ................
53f0  00 00 00 00 00 00 00 00 00 00 00 00 00 00 00 00  ................
5400  04 02 00 00 00 00 00 00 00 00 00 00 00 00 00 00  ................
5410  00 00 00 00 00 00 00 00 00 00 00 00 00 00 00 00  ................
5420  00 00 00 00 00 00 00 00 00 00 00 00 00 00 00 00  ................
5430  00 00 00 00 00 00 00 00 00 00 00 00 00 00 00 00  ................
5440  00 00 00 00 00 00 00 00 00 00 00 00 00 00 00 00  ................
5450  00 00 00 00 00 00 00 00 00 00 00 00 00 00 00 00  ................
5460  00 00 00 00 00 00 00 00 00 00 00 00 00 00 00 00  ................
5470  00 00 00 00 00 00 00 00 00 00 00 00 00 00 00 00  ................
5480  04 02 00 00 00 00 00 00 00 00 00 00 00 00 00 00  ................
5490  00 00 00 00 00 00 00 00 00 00 00 00 00 00 00 00  ................
54a0  00 00 00 00 00 00 00 00 00 00 00 00 00 00 00 00  ................
54b0  00 00 00 00 00 00 00 00 00 00 00 00 00 00 00 00  ................
54c0  00 00 00 00 00 00 00 00 00 00 00 00 00 00 00 00  ................
54d0  00 00 00 00 00 00 00 00 00 00 00 00 00 00 00 00  ................
54e0  00 00 00 00 00 00 00 00 00 00 00 00 00 00 00 00  ................
54f0  00 00 00 00 00 00 00 00 00 00 00 00 00 00 00 00  ................
5500  04 02 00 00 00 00 00 00 00 00 00 00 00 00 00 00  ................
5510  00 00 00 00 00 00 00 00 00 00 00 00 00 00 00 00  ................
5520  00 00 00 00 00 00 00 00 00 00 00 00 00 00 00 00  ................
5530  00 00 00 00 00 00 00 00 00 00 00 00 00 00 00 00  ................
5540  00 00 00 00 00 00 00 00 00 00 00 00 00 00 00 00  ................
5550  00 00 00 00 00 00 00 00 00 00 00 00 00 00 00 00  ................
5560  00 00 00 00 00 00 00 00 00 00 00 00 00 00 00 00  ................
5570  00 00 00 00 00 00 00 00 00 00 00 00 00 00 00 00  ................
5580  04 02 00 00 00 00 00 00 00 00 00 00 00 00 00 00  ................
5590  00 00 00 00 00 00 00 00 00 00 00 00 00 00 00 00  ................
55a0  00 00 00 00 00 00 00 00 00 00 00 00 00 00 00 00  ................
55b0  00 00 00 00 00 00 00 00 00 00 00 00 00 00 00 00  ................
55c0  00 00 00 00 00 00 00 00 00 00 00 00 00 00 00 00  ................
55d0  00 00 00 00 00 00 00 00 00 00 00 00 00 00 00 00  ................
55e0  00 00 00 00 00 00 00 00 00 00 00 00 00 00 00 00  ................
55f0  00 00 00 00 00 00 00 00 00 00 00 00 00 00 00 00  ................
5600  04 02 00 00 00 00 00 00 00 00 00 00 00 00 00 00  ................
5610  00 00 00 00 00 00 00 00 00 00 00 00 00 00 00 00  ................
5620  00 00 00 00 00 00 00 00 00 00 00 00 00 00 00 00  ................
5630  00 00 00 00 00 00 00 00 00 00 00 00 00 00 00 00  ................
5640  00 00 00 00 00 00 00 00 00 00 00 00 00 00 00 00  ................
5650  00 00 00 00 00 00 00 00 00 00 00 00 00 00 00 00  ................
5660  00 00 00 00 00 00 00 00 00 00 00 00 00 00 00 00  ................
5670  00 00 00 00 00 00 00 00 00 00 00 00 00 00 00 00  ................
5680  04 02 00 00 00 00 00 00 00 00 00 00 00 00 00 00  ................
5690  00 00 00 00 00 00 00 00 00 00 00 00 00 00 00 00  ................
56a0  00 00 00 00 00 00 00 00 00 00 00 00 00 00 00 00  ................
56b0  00 00 00 00 00 00 00 00 00 00 00 00 00 00 00 00  ................
56c0  00 00 00 00 00 00 00 00 00 00 00 00 00 00 00 00  ................
56d0  00 00 00 00 00 00 00 00 00 00 00 00 00 00 00 00  ................
56e0  00 00 00 00 00 00 00 00 00 00 00 00 00 00 00 00  ................
56f0  00 00 00 00 00 00 00 00 00 00 00 00 00 00 00 00  ................
5700  04 02 00 00 00 00 00 00 00 00 00 00 00 00 00 00  ................
5710  00 00 00 00 00 00 00 00 00 00 00 00 00 00 00 00  ................
5720  00 00 00 00 00 00 00 00 00 00 00 00 00 00 00 00  ................
5730  00 00 00 00 00 00 00 00 00 00 00 00 00 00 00 00  ................
5740  00 00 00 00 00 00 00 00 00 00 00 00 00 00 00 00  ................
5750  00 00 00 00 00 00 00 00 00 00 00 00 00 00 00 00  ................
5760  00 00 00 00 00 00 00 00 00 00 00 00 00 00 00 00  ................
5770  00 00 00 00 00 00 00 00 00 00 00 00 00 00 00 00  ................
5780  04 02 00 00 00 00 00 00 00 00 00 00 00 00 00 00  ................
5790  00 00 00 00 00 00 00 00 00 00 00 00 00 00 00 00  ................
57a0  00 00 00 00 00 00 00 00 00 00 00 00 00 00 00 00  ................
57b0  00 00 00 00 00 00 00 00 00 00 00 00 00 00 00 00  ................
57c0  00 00 00 00 00 00 00 00 00 00 00 00 00 00 00 00  ................
57d0  00 00 00 00 00 00 00 00 00 00 00 00 00 00 00 00  ................
57e0  00 00 00 00 00 00 00 00 00 00 00 00 00 00 00 00  ................
57f0  00 00 00 00 00 00 00 00 00 00 00 00 00 00 00 00  ................
5800  04 02 00 00 00 00 00 00 00 00 00 00 00 00 00 00  ................
5810  00 00 00 00 00 00 00 00 00 00 00 00 00 00 00 00  ................
5820  00 00 00 00 00 00 00 00 00 00 00 00 00 00 00 00  ................
5830  00 00 00 00 00 00 00 00 00 00 00 00 00 00 00 00  ................
5840  00 00 00 00 00 00 00 00 00 00 00 00 00 00 00 00  ................
5850  00 00 00 00 00 00 00 00 00 00 00 00 00 00 00 00  ................
5860  00 00 00 00 00 00 00 00 00 00 00 00 00 00 00 00  ................
5870  00 00 00 00 00 00 00 00 00 00 00 00 00 00 00 00  ................
5880  04 02 00 00 00 00 00 00 00 00 00 00 00 00 00 00  ................
5890  00 00 00 00 00 00 00 00 00 00 00 00 00 00 00 00  ................
58a0  00 00 00 00 00 00 00 00 00 00 00 00 00 00 00 00  ................
58b0  00 00 00 00 00 00 00 00 00 00 00 00 00 00 00 00  ................
58c0  00 00 00 00 00 00 00 00 00 00 00 00 00 00 00 00  ................
58d0  00 00 00 00 00 00 00 00 00 00 00 00 00 00 00 00  ................
58e0  00 00 00 00 00 00 00 00 00 00 00 00 00 00 00 00  ................
58f0  00 00 00 00 00 00 00 00 00 00 00 00 00 00 00 00  ................
5900  04 02 00 00 00 00 00 00 00 00 00 00 00 00 00 00  ................
5910  00 00 00 00 00 00 00 00 00 00 00 00 00 00 00 00  ................
5920  00 00 00 00 00 00 00 00 00 00 00 00 00 00 00 00  ................
5930  00 00 00 00 00 00 00 00 00 00 00 00 00 00 00 00  ................
5940  00 00 00 00 00 00 00 00 00 00 00 00 00 00 00 00  ................
5950  00 00 00 00 00 00 00 00 00 00 00 00 00 00 00 00  ................
5960  00 00 00 00 00 00 00 00 00 00 00 00 00 00 00 00  ................
5970  00 00 00 00 00 00 00 00 00 00 00 00 00 00 00 00  ................
5980  04 02 00 00 00 00 00 00 00 00 00 00 00 00 00 00  ................
5990  00 00 00 00 00 00 00 00 00 00 00 00 00 00 00 00  ................
59a0  00 00 00 00 00 00 00 00 00 00 00 00 00 00 00 00  ................
59b0  00 00 00 00 00 00 00 00 00 00 00 00 00 00 00 00  ................
59c0  00 00 00 00 00 00 00 00 00 00 00 00 00 00 00 00  ................
59d0  00 00 00 00 00 00 00 00 00 00 00 00 00 00 00 00  ................
59e0  00 00 00 00 00 00 00 00 00 00 00 00 00 00 00 00  ................
59f0  00 00 00 00 00 00 00 00 00 00 00 00 00 00 00 00  ................
5a00  04 02 00 00 00 00 00 00 00 00 00 00 00 00 00 00  ................
5a10  00 00 00 00 00 00 00 00 00 00 00 00 00 00 00 00  ................
5a20  00 00 00 00 00 00 00 00 00 00 00 00 00 00 00 00  ................
5a30  00 00 00 00 00 00 00 00 00 00 00 00 00 00 00 00  ................
5a40  00 00 00 00 00 00 00 00 00 00 00 00 00 00 00 00  ................
5a50  00 00 00 00 00 00 00 00 00 00 00 00 00 00 00 00  ................
5a60  00 00 00 00 00 00 00 00 00 00 00 00 00 00 00 00  ................
5a70  00 00 00 00 00 00 00 00 00 00 00 00 00 00 00 00  ................
5a80  04 02 00 00 00 00 00 00 00 00 00 00 00 00 00 00  ................
5a90  00 00 00 00 00 00 00 00 00 00 00 00 00 00 00 00  ................
5aa0  00 00 00 00 00 00 00 00 00 00 00 00 00 00 00 00  ................
5ab0  00 00 00 00 00 00 00 00 00 00 00 00 00 00 00 00  ................
5ac0  00 00 00 00 00 00 00 00 00 00 00 00 00 00 00 00  ................
5ad0  00 00 00 00 00 00 00 00 00 00 00 00 00 00 00 00  ................
5ae0  00 00 00 00 00 00 00 00 00 00 00 00 00 00 00 00  ................
5af0  00 00 00 00 00 00 00 00 00 00 00 00 00 00 00 00  ................
5b00  04 02 00 00 00 00 00 00 00 00 00 00 00 00 00 00  ................
5b10  00 00 00 00 00 00 00 00 00 00 00 00 00 00 00 00  ................
5b20  00 00 00 00 00 00 00 00 00 00 00 00 00 00 00 00  ................
5b30  00 00 00 00 00 00 00 00 00 00 00 00 00 00 00 00  ................
5b40  00 00 00 00 00 00 00 00 00 00 00 00 00 00 00 00  ................
5b50  00 00 00 00 00 00 00 00 00 00 00 00 00 00 00 00  ................
5b60  00 00 00 00 00 00 00 00 00 00 00 00 00 00 00 00  ................
5b70  00 00 00 00 00 00 00 00 00 00 00 00 00 00 00 00  ................
5b80  04 02 00 00 00 00 00 00 00 00 00 00 00 00 00 00  ................
5b90  00 00 00 00 00 00 00 00 00 00 00 00 00 00 00 00  ................
5ba0  00 00 00 00 00 00 00 00 00 00 00 00 00 00 00 00  ................
5bb0  00 00 00 00 00 00 00 00 00 00 00 00 00 00 00 00  ................
5bc0  00 00 00 00 00 00 00 00 00 00 00 00 00 00 00 00  ................
5bd0  00 00 00 00 00 00 00 00 00 00 00 00 00 00 00 00  ................
5be0  00 00 00 00 00 00 00 00 00 00 00 00 00 00 00 00  ................
5bf0  00 00 00 00 00 00 00 00 00 00 00 00 00 00 00 00  ................
5c00  04 02 00 00 00 00 00 00 00 00 00 00 00 00 00 00  ................
5c10  00 00 00 00 00 00 00 00 00 00 00 00 00 00 00 00  ................
5c20  00 00 00 00 00 00 00 00 00 00 00 00 00 00 00 00  ................
5c30  00 00 00 00 00 00 00 00 00 00 00 00 00 00 00 00  ................
5c40  00 00 00 00 00 00 00 00 00 00 00 00 00 00 00 00  ................
5c50  00 00 00 00 00 00 00 00 00 00 00 00 00 00 00 00  ................
5c60  00 00 00 00 00 00 00 00 00 00 00 00 00 00 00 00  ................
5c70  00 00 00 00 00 00 00 00 00 00 00 00 00 00 00 00  ................
5c80  04 02 00 00 00 00 00 00 00 00 00 00 00 00 00 00  ................
5c90  00 00 00 00 00 00 00 00 00 00 00 00 00 00 00 00  ................
5ca0  00 00 00 00 00 00 00 00 00 00 00 00 00 00 00 00  ................
5cb0  00 00 00 00 00 00 00 00 00 00 00 00 00 00 00 00  ................
5cc0  00 00 00 00 00 00 00 00 00 00 00 00 00 00 00 00  ................
5cd0  00 00 00 00 00 00 00 00 00 00 00 00 00 00 00 00  ................
5ce0  00 00 00 00 00 00 00 00 00 00 00 00 00 00 00 00  ................
5cf0  00 00 00 00 00 00 00 00 00 00 00 00 00 00 00 00  ................
5d00  04 02 00 00 00 00 00 00 00 00 00 00 00 00 00 00  ................
5d10  00 00 00 00 00 00 00 00 00 00 00 00 00 00 00 00  ................
5d20  00 00 00 00 00 00 00 00 00 00 00 00 00 00 00 00  ................
5d30  00 00 00 00 00 00 00 00 00 00 00 00 00 00 00 00  ................
5d40  00 00 00 00 00 00 00 00 00 00 00 00 00 00 00 00  ................
5d50  00 00 00 00 00 00 00 00 00 00 00 00 00 00 00 00  ................
5d60  00 00 00 00 00 00 00 00 00 00 00 00 00 00 00 00  ................
5d70  00 00 00 00 00 00 00 00 00 00 00 00 00 00 00 00  ................
5d80  04 02 00 00 00 00 00 00 00 00 00 00 00 00 00 00  ................
5d90  00 00 00 00 00 00 00 00 00 00 00 00 00 00 00 00  ................
5da0  00 00 00 00 00 00 00 00 00 00 00 00 00 00 00 00  ................
5db0  00 00 00 00 00 00 00 00 00 00 00 00 00 00 00 00  ................
5dc0  00 00 00 00 00 00 00 00 00 00 00 00 00 00 00 00  ................
5dd0  00 00 00 00 00 00 00 00 00 00 00 00 00 00 00 00  ................
5de0  00 00 00 00 00 00 00 00 00 00 00 00 00 00 00 00  ................
5df0  00 00 00 00 00 00 00 00 00 00 00 00 00 00 00 00  ................
5e00  04 02 00 00 00 00 00 00 00 00 00 00 00 00 00 00  ................
5e10  00 00 00 00 00 00 00 00 00 00 00 00 00 00 00 00  ................
5e20  00 00 00 00 00 00 00 00 00 00 00 00 00 00 00 00  ................
5e30  00 00 00 00 00 00 00 00 00 00 00 00 00 00 00 00  ................
5e40  00 00 00 00 00 00 00 00 00 00 00 00 00 00 00 00  ................
5e50  00 00 00 00 00 00 00 00 00 00 00 00 00 00 00 00  ................
5e60  00 00 00 00 00 00 00 00 00 00 00 00 00 00 00 00  ................
5e70  00 00 00 00 00 00 00 00 00 00 00 00 00 00 00 00  ................
5e80  04 02 00 00 00 00 00 00 00 00 00 00 00 00 00 00  ................
5e90  00 00 00 00 00 00 00 00 00 00 00 00 00 00 00 00  ................
5ea0  00 00 00 00 00 00 00 00 00 00 00 00 00 00 00 00  ................
5eb0  00 00 00 00 00 00 00 00 00 00 00 00 00 00 00 00  ................
5ec0  00 00 00 00 00 00 00 00 00 00 00 00 00 00 00 00  ................
5ed0  00 00 00 00 00 00 00 00 00 00 00 00 00 00 00 00  ................
5ee0  00 00 00 00 00 00 00 00 00 00 00 00 00 00 00 00  ................
5ef0  00 00 00 00 00 00 00 00 00 00 00 00 00 00 00 00  ................
5f00  04 02 00 00 00 00 00 00 00 00 00 00 00 00 00 00  ................
5f10  00 00 00 00 00 00 00 00 00 00 00 00 00 00 00 00  ................
5f20  00 00 00 00 00 00 00 00 00 00 00 00 00 00 00 00  ................
5f30  00 00 00 00 00 00 00 00 00 00 00 00 00 00 00 00  ................
5f40  00 00 00 00 00 00 00 00 00 00 00 00 00 00 00 00  ................
5f50  00 00 00 00 00 00 00 00 00 00 00 00 00 00 00 00  ................
5f60  00 00 00 00 00 00 00 00 00 00 00 00 00 00 00 00  ................
5f70  00 00 00 00 00 00 00 00 00 00 00 00 00 00 00 00  ................
5f80  04 02 00 00 00 00 00 00 00 00 00 00 00 00 00 00  ................
5f90  00 00 00 00 00 00 00 00 00 00 00 00 00 00 00 00  ................
5fa0  00 00 00 00 00 00 00 00 00 00 00 00 00 00 00 00  ................
5fb0  00 00 00 00 00 00 00 00 00 00 00 00 00 00 00 00  ................
5fc0  00 00 00 00 00 00 00 00 00 00 00 00 00 00 00 00  ................
5fd0  00 00 00 00 00 00 00 00 00 00 00 00 00 00 00 00  ................
5fe0  00 00 00 00 00 00 00 00 00 00 00 00 00 00 00 00  ................
5ff0  00 00 00 00 00 00 00 00 00 00 00 00 00 00 00 00  ................
6000  04 02 00 00 00 00 00 00 00 00 00 00 00 00 00 00  ................
6010  00 00 00 00 00 00 00 00 00 00 00 00 00 00 00 00  ................
6020  00 00 00 00 00 00 00 00 00 00 00 00 00 00 00 00  ................
6030  00 00 00 00 00 00 00 00 00 00 00 00 00 00 00 00  ................
6040  00 00 00 00 00 00 00 00 00 00 00 00 00 00 00 00  ................
6050  00 00 00 00 00 00 00 00 00 00 00 00 00 00 00 00  ................
6060  00 00 00 00 00 00 00 00 00 00 00 00 00 00 00 00  ................
6070  00 00 00 00 00 00 00 00 00 00 00 00 00 00 00 00  ................
6080  04 02 00 00 00 00 00 00 00 00 00 00 00 00 00 00  ................
6090  00 00 00 00 00 00 00 00 00 00 00 00 00 00 00 00  ................
60a0  00 00 00 00 00 00 00 00 00 00 00 00 00 00 00 00  ................
60b0  00 00 00 00 00 00 00 00 00 00 00 00 00 00 00 00  ................
60c0  00 00 00 00 00 00 00 00 00 00 00 00 00 00 00 00  ................
60d0  00 00 00 00 00 00 00 00 00 00 00 00 00 00 00 00  ................
60e0  00 00 00 00 00 00 00 00 00 00 00 00 00 00 00 00  ................
60f0  00 00 00 00 00 00 00 00 00 00 00 00 00 00 00 00  ................
6100  04 02 00 00 00 00 00 00 00 00 00 00 00 00 00 00  ................
6110  00 00 00 00 00 00 00 00 00 00 00 00 00 00 00 00  ................
6120  00 00 00 00 00 00 00 00 00 00 00 00 00 00 00 00  ................
6130  00 00 00 00 00 00 00 00 00 00 00 00 00 00 00 00  ................
6140  00 00 00 00 00 00 00 00 00 00 00 00 00 00 00 00  ................
6150  00 00 00 00 00 00 00 00 00 00 00 00 00 00 00 00  ................
6160  00 00 00 00 00 00 00 00 00 00 00 00 00 00 00 00  ................
6170  00 00 00 00 00 00 00 00 00 00 00 00 00 00 00 00  ................
6180  04 02 00 00 00 00 00 00 00 00 00 00 00 00 00 00  ................
6190  00 00 00 00 00 00 00 00 00 00 00 00 00 00 00 00  ................
61a0  00 00 00 00 00 00 00 00 00 00 00 00 00 00 00 00  ................
61b0  00 00 00 00 00 00 00 00 00 00 00 00 00 00 00 00  ................
61c0  00 00 00 00 00 00 00 00 00 00 00 00 00 00 00 00  ................
61d0  00 00 00 00 00 00 00 00 00 00 00 00 00 00 00 00  ................
61e0  00 00 00 00 00 00 00 00 00 00 00 00 00 00 00 00  ................
61f0  00 00 00 00 00 00 00 00 00 00 00 00 00 00 00 00  ................
6200  04 02 00 00 00 00 00 00 00 00 00 00 00 00 00 00  ................
6210  00 00 00 00 00 00 00 00 00 00 00 00 00 00 00 00  ................
6220  00 00 00 00 00 00 00 00 00 00 00 00 00 00 00 00  ................
6230  00 00 00 00 00 00 00 00 00 00 00 00 00 00 00 00  ................
6240  00 00 00 00 00 00 00 00 00 00 00 00 00 00 00 00  ................
6250  00 00 00 00 00 00 00 00 00 00 00 00 00 00 00 00  ................
6260  00 00 00 00 00 00 00 00 00 00 00 00 00 00 00 00  ................
6270  00 00 00 00 00 00 00 00 00 00 00 00 00 00 00 00  ................
6280  04 02 00 00 00 00 00 00 00 00 00 00 00 00 00 00  ................
6290  00 00 00 00 00 00 00 00 00 00 00 00 00 00 00 00  ................
62a0  00 00 00 00 00 00 00 00 00 00 00 00 00 00 00 00  ................
62b0  00 00 00 00 00 00 00 00 00 00 00 00 00 00 00 00  ................
62c0  00 00 00 00 00 00 00 00 00 00 00 00 00 00 00 00  ................
62d0  00 00 00 00 00 00 00 00 00 00 00 00 00 00 00 00  ................
62e0  00 00 00 00 00 00 00 00 00 00 00 00 00 00 00 00  ................
62f0  00 00 00 00 00 00 00 00 00 00 00 00 00 00 00 00  ................
6300  04 02 00 00 00 00 00 00 00 00 00 00 00 00 00 00  ................
6310  00 00 00 00 00 00 00 00 00 00 00 00 00 00 00 00  ................
6320  00 00 00 00 00 00 00 00 00 00 00 00 00 00 00 00  ................
6330  00 00 00 00 00 00 00 00 00 00 00 00 00 00 00 00  ................
6340  00 00 00 00 00 00 00 00 00 00 00 00 00 00 00 00  ................
6350  00 00 00 00 00 00 00 00 00 00 00 00 00 00 00 00  ................
6360  00 00 00 00 00 00 00 00 00 00 00 00 00 00 00 00  ................
6370  00 00 00 00 00 00 00 00 00 00 00 00 00 00 00 00  ................
6380  04 02 00 00 00 00 00 00 00 00 00 00 00 00 00 00  ................
6390  00 00 00 00 00 00 00 00 00 00 00 00 00 00 00 00  ................
63a0  00 00 00 00 00 00 00 00 00 00 00 00 00 00 00 00  ................
63b0  00 00 00 00 00 00 00 00 00 00 00 00 00 00 00 00  ................
63c0  00 00 00 00 00 00 00 00 00 00 00 00 00 00 00 00  ................
63d0  00 00 00 00 00 00 00 00 00 00 00 00 00 00 00 00  ................
63e0  00 00 00 00 00 00 00 00 00 00 00 00 00 00 00 00  ................
63f0  00 00 00 00 00 00 00 00 00 00 00 00 00 00 00 00  ................
6400  04 02 00 00 00 00 00 00 00 00 00 00 00 00 00 00  ................
6410  00 00 00 00 00 00 00 00 00 00 00 00 00 00 00 00  ................
6420  00 00 00 00 00 00 00 00 00 00 00 00 00 00 00 00  ................
6430  00 00 00 00 00 00 00 00 00 00 00 00 00 00 00 00  ................
6440  00 00 00 00 00 00 00 00 00 00 00 00 00 00 00 00  ................
6450  00 00 00 00 00 00 00 00 00 00 00 00 00 00 00 00  ................
6460  00 00 00 00 00 00 00 00 00 00 00 00 00 00 00 00  ................
6470  00 00 00 00 00 00 00 00 00 00 00 00 00 00 00 00  ................
6480  04 02 00 00 00 00 00 00 00 00 00 00 00 00 00 00  ................
6490  00 00 00 00 00 00 00 00 00 00 00 00 00 00 00 00  ................
64a0  00 00 00 00 00 00 00 00 00 00 00 00 00 00 00 00  ................
64b0  00 00 00 00 00 00 00 00 00 00 00 00 00 00 00 00  ................
64c0  00 00 00 00 00 00 00 00 00 00 00 00 00 00 00 00  ................
64d0  00 00 00 00 00 00 00 00 00 00 00 00 00 00 00 00  ................
64e0  00 00 00 00 00 00 00 00 00 00 00 00 00 00 00 00  ................
64f0  00 00 00 00 00 00 00 00 00 00 00 00 00 00 00 00  ................
6500  04 02 00 00 00 00 00 00 00 00 00 00 00 00 00 00  ................
6510  00 00 00 00 00 00 00 00 00 00 00 00 00 00 00 00  ................
6520  00 00 00 00 00 00 00 00 00 00 00 00 00 00 00 00  ................
6530  00 00 00 00 00 00 00 00 00 00 00 00 00 00 00 00  ................
6540  00 00 00 00 00 00 00 00 00 00 00 00 00 00 00 00  ................
6550  00 00 00 00 00 00 00 00 00 00 00 00 00 00 00 00  ................
6560  00 00 00 00 00 00 00 00 00 00 00 00 00 00 00 00  ................
6570  00 00 00 00 00 00 00 00 00 00 00 00 00 00 00 00  ................
6580  04 02 00 00 00 00 00 00 00 00 00 00 00 00 00 00  ................
6590  00 00 00 00 00 00 00 00 00 00 00 00 00 00 00 00  ................
65a0  00 00 00 00 00 00 00 00 00 00 00 00 00 00 00 00  ................
65b0  00 00 00 00 00 00 00 00 00 00 00 00 00 00 00 00  ................
65c0  00 00 00 00 00 00 00 00 00 00 00 00 00 00 00 00  ................
65d0  00 00 00 00 00 00 00 00 00 00 00 00 00 00 00 00  ................
65e0  00 00 00 00 00 00 00 00 00 00 00 00 00 00 00 00  ................
65f0  00 00 00 00 00 00 00 00 00 00 00 00 00 00 00 00  ................
6600  04 02 00 00 00 00 00 00 00 00 00 00 00 00 00 00  ................
6610  00 00 00 00 00 00 00 00 00 00 00 00 00 00 00 00  ................
6620  00 00 00 00 00 00 00 00 00 00 00 00 00 00 00 00  ................
6630  00 00 00 00 00 00 00 00 00 00 00 00 00 00 00 00  ................
6640  00 00 00 00 00 00 00 00 00 00 00 00 00 00 00 00  ................
6650  00 00 00 00 00 00 00 00 00 00 00 00 00 00 00 00  ................
6660  00 00 00 00 00 00 00 00 00 00 00 00 00 00 00 00  ................
6670  00 00 00 00 00 00 00 00 00 00 00 00 00 00 00 00  ................
6680  04 02 00 00 00 00 00 00 00 00 00 00 00 00 00 00  ................
6690  00 00 00 00 00 00 00 00 00 00 00 00 00 00 00 00  ................
66a0  00 00 00 00 00 00 00 00 00 00 00 00 00 00 00 00  ................
66b0  00 00 00 00 00 00 00 00 00 00 00 00 00 00 00 00  ................
66c0  00 00 00 00 00 00 00 00 00 00 00 00 00 00 00 00  ................
66d0  00 00 00 00 00 00 00 00 00 00 00 00 00 00 00 00  ................
66e0  00 00 00 00 00 00 00 00 00 00 00 00 00 00 00 00  ................
66f0  00 00 00 00 00 00 00 00 00 00 00 00 00 00 00 00  ................
6700  04 02 00 00 00 00 00 00 00 00 00 00 00 00 00 00  ................
6710  00 00 00 00 00 00 00 00 00 00 00 00 00 00 00 00  ................
6720  00 00 00 00 00 00 00 00 00 00 00 00 00 00 00 00  ................
6730  00 00 00 00 00 00 00 00 00 00 00 00 00 00 00 00  ................
6740  00 00 00 00 00 00 00 00 00 00 00 00 00 00 00 00  ................
6750  00 00 00 00 00 00 00 00 00 00 00 00 00 00 00 00  ................
6760  00 00 00 00 00 00 00 00 00 00 00 00 00 00 00 00  ................
6770  00 00 00 00 00 00 00 00 00 00 00 00 00 00 00 00  ................
6780  04 02 00 00 00 00 00 00 00 00 00 00 00 00 00 00  ................
6790  00 00 00 00 00 00 00 00 00 00 00 00 00 00 00 00  ................
67a0  00 00 00 00 00 00 00 00 00 00 00 00 00 00 00 00  ................
67b0  00 00 00 00 00 00 00 00 00 00 00 00 00 00 00 00  ................
67c0  00 00 00 00 00 00 00 00 00 00 00 00 00 00 00 00  ................
67d0  00 00 00 00 00 00 00 00 00 00 00 00 00 00 00 00  ................
67e0  00 00 00 00 00 00 00 00 00 00 00 00 00 00 00 00  ................
67f0  00 00 00 00 00 00 00 00 00 00 00 00 00 00 00 00  ................
6800  04 02 00 00 00 00 00 00 00 00 00 00 00 00 00 00  ................
6810  00 00 00 00 00 00 00 00 00 00 00 00 00 00 00 00  ................
6820  00 00 00 00 00 00 00 00 00 00 00 00 00 00 00 00  ................
6830  00 00 00 00 00 00 00 00 00 00 00 00 00 00 00 00  ................
6840  00 00 00 00 00 00 00 00 00 00 00 00 00 00 00 00  ................
6850  00 00 00 00 00 00 00 00 00 00 00 00 00 00 00 00  ................
6860  00 00 00 00 00 00 00 00 00 00 00 00 00 00 00 00  ................
6870  00 00 00 00 00 00 00 00 00 00 00 00 00 00 00 00  ................
6880  04 02 00 00 00 00 00 00 00 00 00 00 00 00 00 00  ................
6890  00 00 00 00 00 00 00 00 00 00 00 00 00 00 00 00  ................
68a0  00 00 00 00 00 00 00 00 00 00 00 00 00 00 00 00  ................
68b0  00 00 00 00 00 00 00 00 00 00 00 00 00 00 00 00  ................
68c0  00 00 00 00 00 00 00 00 00 00 00 00 00 00 00 00  ................
68d0  00 00 00 00 00 00 00 00 00 00 00 00 00 00 00 00  ................
68e0  00 00 00 00 00 00 00 00 00 00 00 00 00 00 00 00  ................
68f0  00 00 00 00 00 00 00 00 00 00 00 00 00 00 00 00  ................
6900  04 02 00 00 00 00 00 00 00 00 00 00 00 00 00 00  ................
6910  00 00 00 00 00 00 00 00 00 00 00 00 00 00 00 00  ................
6920  00 00 00 00 00 00 00 00 00 00 00 00 00 00 00 00  ................
6930  00 00 00 00 00 00 00 00 00 00 00 00 00 00 00 00  ................
6940  00 00 00 00 00 00 00 00 00 00 00 00 00 00 00 00  ................
6950  00 00 00 00 00 00 00 00 00 00 00 00 00 00 00 00  ................
6960  00 00 00 00 00 00 00 00 00 00 00 00 00 00 00 00  ................
6970  00 00 00 00 00 00 00 00 00 00 00 00 00 00 00 00  ................
6980  04 02 00 00 00 00 00 00 00 00 00 00 00 00 00 00  ................
6990  00 00 00 00 00 00 00 00 00 00 00 00 00 00 00 00  ................
69a0  00 00 00 00 00 00 00 00 00 00 00 00 00 00 00 00  ................
69b0  00 00 00 00 00 00 00 00 00 00 00 00 00 00 00 00  ................
69c0  00 00 00 00 00 00 00 00 00 00 00 00 00 00 00 00  ................
69d0  00 00 00 00 00 00 00 00 00 00 00 00 00 00 00 00  ................
69e0  00 00 00 00 00 00 00 00 00 00 00 00 00 00 00 00  ................
69f0  00 00 00 00 00 00 00 00 00 00 00 00 00 00 00 00  ................
6a00  04 02 00 00 00 00 00 00 00 00 00 00 00 00 00 00  ................
6a10  00 00 00 00 00 00 00 00 00 00 00 00 00 00 00 00  ................
6a20  00 00 00 00 00 00 00 00 00 00 00 00 00 00 00 00  ................
6a30  00 00 00 00 00 00 00 00 00 00 00 00 00 00 00 00  ................
6a40  00 00 00 00 00 00 00 00 00 00 00 00 00 00 00 00  ................
6a50  00 00 00 00 00 00 00 00 00 00 00 00 00 00 00 00  ................
6a60  00 00 00 00 00 00 00 00 00 00 00 00 00 00 00 00  ................
6a70  00 00 00 00 00 00 00 00 00 00 00 00 00 00 00 00  ................
6a80  04 02 00 00 00 00 00 00 00 00 00 00 00 00 00 00  ................
6a90  00 00 00 00 00 00 00 00 00 00 00 00 00 00 00 00  ................
6aa0  00 00 00 00 00 00 00 00 00 00 00 00 00 00 00 00  ................
6ab0  00 00 00 00 00 00 00 00 00 00 00 00 00 00 00 00  ................
6ac0  00 00 00 00 00 00 00 00 00 00 00 00 00 00 00 00  ................
6ad0  00 00 00 00 00 00 00 00 00 00 00 00 00 00 00 00  ................
6ae0  00 00 00 00 00 00 00 00 00 00 00 00 00 00 00 00  ................
6af0  00 00 00 00 00 00 00 00 00 00 00 00 00 00 00 00  ................
6b00  04 02 00 00 00 00 00 00 00 00 00 00 00 00 00 00  ................
6b10  00 00 00 00 00 00 00 00 00 00 00 00 00 00 00 00  ................
6b20  00 00 00 00 00 00 00 00 00 00 00 00 00 00 00 00  ................
6b30  00 00 00 00 00 00 00 00 00 00 00 00 00 00 00 00  ................
6b40  00 00 00 00 00 00 00 00 00 00 00 00 00 00 00 00  ................
6b50  00 00 00 00 00 00 00 00 00 00 00 00 00 00 00 00  ................
6b60  00 00 00 00 00 00 00 00 00 00 00 00 00 00 00 00  ................
6b70  00 00 00 00 00 00 00 00 00 00 00 00 00 00 00 00  ................
6b80  04 02 00 00 00 00 00 00 00 00 00 00 00 00 00 00  ................
6b90  00 00 00 00 00 00 00 00 00 00 00 00 00 00 00 00  ................
6ba0  00 00 00 00 00 00 00 00 00 00 00 00 00 00 00 00  ................
6bb0  00 00 00 00 00 00 00 00 00 00 00 00 00 00 00 00  ................
6bc0  00 00 00 00 00 00 00 00 00 00 00 00 00 00 00 00  ................
6bd0  00 00 00 00 00 00 00 00 00 00 00 00 00 00 00 00  ................
6be0  00 00 00 00 00 00 00 00 00 00 00 00 00 00 00 00  ................
6bf0  00 00 00 00 00 00 00 00 00 00 00 00 00 00 00 00  ................
6c00  04 02 00 00 00 00 00 00 00 00 00 00 00 00 00 00  ................
6c10  00 00 00 00 00 00 00 00 00 00 00 00 00 00 00 00  ................
6c20  00 00 00 00 00 00 00 00 00 00 00 00 00 00 00 00  ................
6c30  00 00 00 00 00 00 00 00 00 00 00 00 00 00 00 00  ................
6c40  00 00 00 00 00 00 00 00 00 00 00 00 00 00 00 00  ................
6c50  00 00 00 00 00 00 00 00 00 00 00 00 00 00 00 00  ................
6c60  00 00 00 00 00 00 00 00 00 00 00 00 00 00 00 00  ................
6c70  00 00 00 00 00 00 00 00 00 00 00 00 00 00 00 00  ................
6c80  04 02 00 00 00 00 00 00 00 00 00 00 00 00 00 00  ................
6c90  00 00 00 00 00 00 00 00 00 00 00 00 00 00 00 00  ................
6ca0  00 00 00 00 00 00 00 00 00 00 00 00 00 00 00 00  ................
6cb0  00 00 00 00 00 00 00 00 00 00 00 00 00 00 00 00  ................
6cc0  00 00 00 00 00 00 00 00 00 00 00 00 00 00 00 00  ................
6cd0  00 00 00 00 00 00 00 00 00 00 00 00 00 00 00 00  ................
6ce0  00 00 00 00 00 00 00 00 00 00 00 00 00 00 00 00  ................
6cf0  00 00 00 00 00 00 00 00 00 00 00 00 00 00 00 00  ................
6d00  04 02 00 00 00 00 00 00 00 00 00 00 00 00 00 00  ................
6d10  00 00 00 00 00 00 00 00 00 00 00 00 00 00 00 00  ................
6d20  00 00 00 00 00 00 00 00 00 00 00 00 00 00 00 00  ................
6d30  00 00 00 00 00 00 00 00 00 00 00 00 00 00 00 00  ................
6d40  00 00 00 00 00 00 00 00 00 00 00 00 00 00 00 00  ................
6d50  00 00 00 00 00 00 00 00 00 00 00 00 00 00 00 00  ................
6d60  00 00 00 00 00 00 00 00 00 00 00 00 00 00 00 00  ................
6d70  00 00 00 00 00 00 00 00 00 00 00 00 00 00 00 00  ................
6d80  04 02 00 00 00 00 00 00 00 00 00 00 00 00 00 00  ................
6d90  00 00 00 00 00 00 00 00 00 00 00 00 00 00 00 00  ................
6da0  00 00 00 00 00 00 00 00 00 00 00 00 00 00 00 00  ................
6db0  00 00 00 00 00 00 00 00 00 00 00 00 00 00 00 00  ................
6dc0  00 00 00 00 00 00 00 00 00 00 00 00 00 00 00 00  ................
6dd0  00 00 00 00 00 00 00 00 00 00 00 00 00 00 00 00  ................
6de0  00 00 00 00 00 00 00 00 00 00 00 00 00 00 00 00  ................
6df0  00 00 00 00 00 00 00 00 00 00 00 00 00 00 00 00  ................
6e00  04 02 00 00 00 00 00 00 00 00 00 00 00 00 00 00  ................
6e10  00 00 00 00 00 00 00 00 00 00 00 00 00 00 00 00  ................
6e20  00 00 00 00 00 00 00 00 00 00 00 00 00 00 00 00  ................
6e30  00 00 00 00 00 00 00 00 00 00 00 00 00 00 00 00  ................
6e40  00 00 00 00 00 00 00 00 00 00 00 00 00 00 00 00  ................
6e50  00 00 00 00 00 00 00 00 00 00 00 00 00 00 00 00  ................
6e60  00 00 00 00 00 00 00 00 00 00 00 00 00 00 00 00  ................
6e70  00 00 00 00 00 00 00 00 00 00 00 00 00 00 00 00  ................
6e80  04 02 00 00 00 00 00 00 00 00 00 00 00 00 00 00  ................
6e90  00 00 00 00 00 00 00 00 00 00 00 00 00 00 00 00  ................
6ea0  00 00 00 00 00 00 00 00 00 00 00 00 00 00 00 00  ................
6eb0  00 00 00 00 00 00 00 00 00 00 00 00 00 00 00 00  ................
6ec0  00 00 00 00 00 00 00 00 00 00 00 00 00 00 00 00  ................
6ed0  00 00 00 00 00 00 00 00 00 00 00 00 00 00 00 00  ................
6ee0  00 00 00 00 00 00 00 00 00 00 00 00 00 00 00 00  ................
6ef0  00 00 00 00 00 00 00 00 00 00 00 00 00 00 00 00  ................
6f00  04 02 00 00 00 00 00 00 00 00 00 00 00 00 00 00  ................
6f10  00 00 00 00 00 00 00 00 00 00 00 00 00 00 00 00  ................
6f20  00 00 00 00 00 00 00 00 00 00 00 00 00 00 00 00  ................
6f30  00 00 00 00 00 00 00 00 00 00 00 00 00 00 00 00  ................
6f40  00 00 00 00 00 00 00 00 00 00 00 00 00 00 00 00  ................
6f50  00 00 00 00 00 00 00 00 00 00 00 00 00 00 00 00  ................
6f60  00 00 00 00 00 00 00 00 00 00 00 00 00 00 00 00  ................
6f70  00 00 00 00 00 00 00 00 00 00 00 00 00 00 00 00  ................
6f80  04 02 00 00 00 00 00 00 00 00 00 00 00 00 00 00  ................
6f90  00 00 00 00 00 00 00 00 00 00 00 00 00 00 00 00  ................
6fa0  00 00 00 00 00 00 00 00 00 00 00 00 00 00 00 00  ................
6fb0  00 00 00 00 00 00 00 00 00 00 00 00 00 00 00 00  ................
6fc0  00 00 00 00 00 00 00 00 00 00 00 00 00 00 00 00  ................
6fd0  00 00 00 00 00 00 00 00 00 00 00 00 00 00 00 00  ................
6fe0  00 00 00 00 00 00 00 00 00 00 00 00 00 00 00 00  ................
6ff0  00 00 00 00 00 00 00 00 00 00 00 00 00 00 00 00  ................
7000  04 02 00 00 00 00 00 00 00 00 00 00 00 00 00 00  ................
7010  00 00 00 00 00 00 00 00 00 00 00 00 00 00 00 00  ................
7020  00 00 00 00 00 00 00 00 00 00 00 00 00 00 00 00  ................
7030  00 00 00 00 00 00 00 00 00 00 00 00 00 00 00 00  ................
7040  00 00 00 00 00 00 00 00 00 00 00 00 00 00 00 00  ................
7050  00 00 00 00 00 00 00 00 00 00 00 00 00 00 00 00  ................
7060  00 00 00 00 00 00 00 00 00 00 00 00 00 00 00 00  ................
7070  00 00 00 00 00 00 00 00 00 00 00 00 00 00 00 00  ................
7080  04 02 00 00 00 00 00 00 00 00 00 00 00 00 00 00  ................
7090  00 00 00 00 00 00 00 00 00 00 00 00 00 00 00 00  ................
70a0  00 00 00 00 00 00 00 00 00 00 00 00 00 00 00 00  ................
70b0  00 00 00 00 00 00 00 00 00 00 00 00 00 00 00 00  ................
70c0  00 00 00 00 00 00 00 00 00 00 00 00 00 00 00 00  ................
70d0  00 00 00 00 00 00 00 00 00 00 00 00 00 00 00 00  ................
70e0  00 00 00 00 00 00 00 00 00 00 00 00 00 00 00 00  ................
70f0  00 00 00 00 00 00 00 00 00 00 00 00 00 00 00 00  ................
7100  04 02 00 00 00 00 00 00 00 00 00 00 00 00 00 00  ................
7110  00 00 00 00 00 00 00 00 00 00 00 00 00 00 00 00  ................
7120  00 00 00 00 00 00 00 00 00 00 00 00 00 00 00 00  ................
7130  00 00 00 00 00 00 00 00 00 00 00 00 00 00 00 00  ................
7140  00 00 00 00 00 00 00 00 00 00 00 00 00 00 00 00  ................
7150  00 00 00 00 00 00 00 00 00 00 00 00 00 00 00 00  ................
7160  00 00 00 00 00 00 00 00 00 00 00 00 00 00 00 00  ................
7170  00 00 00 00 00 00 00 00 00 00 00 00 00 00 00 00  ................
7180  04 02 00 00 00 00 00 00 00 00 00 00 00 00 00 00  ................
7190  00 00 00 00 00 00 00 00 00 00 00 00 00 00 00 00  ................
71a0  00 00 00 00 00 00 00 00 00 00 00 00 00 00 00 00  ................
71b0  00 00 00 00 00 00 00 00 00 00 00 00 00 00 00 00  ................
71c0  00 00 00 00 00 00 00 00 00 00 00 00 00 00 00 00  ................
71d0  00 00 00 00 00 00 00 00 00 00 00 00 00 00 00 00  ................
71e0  00 00 00 00 00 00 00 00 00 00 00 00 00 00 00 00  ................
71f0  00 00 00 00 00 00 00 00 00 00 00 00 00 00 00 00  ................
7200  04 02 00 00 00 00 00 00 00 00 00 00 00 00 00 00  ................
7210  00 00 00 00 00 00 00 00 00 00 00 00 00 00 00 00  ................
7220  00 00 00 00 00 00 00 00 00 00 00 00 00 00 00 00  ................
7230  00 00 00 00 00 00 00 00 00 00 00 00 00 00 00 00  ................
7240  00 00 00 00 00 00 00 00 00 00 00 00 00 00 00 00  ................
7250  00 00 00 00 00 00 00 00 00 00 00 00 00 00 00 00  ................
7260  00 00 00 00 00 00 00 00 00 00 00 00 00 00 00 00  ................
7270  00 00 00 00 00 00 00 00 00 00 00 00 00 00 00 00  ................
7280  04 02 00 00 00 00 00 00 00 00 00 00 00 00 00 00  ................
7290  00 00 00 00 00 00 00 00 00 00 00 00 00 00 00 00  ................
72a0  00 00 00 00 00 00 00 00 00 00 00 00 00 00 00 00  ................
72b0  00 00 00 00 00 00 00 00 00 00 00 00 00 00 00 00  ................
72c0  00 00 00 00 00 00 00 00 00 00 00 00 00 00 00 00  ................
72d0  00 00 00 00 00 00 00 00 00 00 00 00 00 00 00 00  ................
72e0  00 00 00 00 00 00 00 00 00 00 00 00 00 00 00 00  ................
72f0  00 00 00 00 00 00 00 00 00 00 00 00 00 00 00 00  ................
7300  04 02 00 00 00 00 00 00 00 00 00 00 00 00 00 00  ................
7310  00 00 00 00 00 00 00 00 00 00 00 00 00 00 00 00  ................
7320  00 00 00 00 00 00 00 00 00 00 00 00 00 00 00 00  ................
7330  00 00 00 00 00 00 00 00 00 00 00 00 00 00 00 00  ................
7340  00 00 00 00 00 00 00 00 00 00 00 00 00 00 00 00  ................
7350  00 00 00 00 00 00 00 00 00 00 00 00 00 00 00 00  ................
7360  00 00 00 00 00 00 00 00 00 00 00 00 00 00 00 00  ................
7370  00 00 00 00 00 00 00 00 00 00 00 00 00 00 00 00  ................
7380  04 02 00 00 00 00 00 00 00 00 00 00 00 00 00 00  ................
7390  00 00 00 00 00 00 00 00 00 00 00 00 00 00 00 00  ................
73a0  00 00 00 00 00 00 00 00 00 00 00 00 00 00 00 00  ................
73b0  00 00 00 00 00 00 00 00 00 00 00 00 00 00 00 00  ................
73c0  00 00 00 00 00 00 00 00 00 00 00 00 00 00 00 00  ................
73d0  00 00 00 00 00 00 00 00 00 00 00 00 00 00 00 00  ................
73e0  00 00 00 00 00 00 00 00 00 00 00 00 00 00 00 00  ................
73f0  00 00 00 00 00 00 00 00 00 00 00 00 00 00 00 00  ................
7400  04 02 00 00 00 00 00 00 00 00 00 00 00 00 00 00  ................
7410  00 00 00 00 00 00 00 00 00 00 00 00 00 00 00 00  ................
7420  00 00 00 00 00 00 00 00 00 00 00 00 00 00 00 00  ................
7430  00 00 00 00 00 00 00 00 00 00 00 00 00 00 00 00  ................
7440  00 00 00 00 00 00 00 00 00 00 00 00 00 00 00 00  ................
7450  00 00 00 00 00 00 00 00 00 00 00 00 00 00 00 00  ................
7460  00 00 00 00 00 00 00 00 00 00 00 00 00 00 00 00  ................
7470  00 00 00 00 00 00 00 00 00 00 00 00 00 00 00 00  ................
7480  04 02 00 00 00 00 00 00 00 00 00 00 00 00 00 00  ................
7490  00 00 00 00 00 00 00 00 00 00 00 00 00 00 00 00  ................
74a0  00 00 00 00 00 00 00 00 00 00 00 00 00 00 00 00  ................
74b0  00 00 00 00 00 00 00 00 00 00 00 00 00 00 00 00  ................
74c0  00 00 00 00 00 00 00 00 00 00 00 00 00 00 00 00  ................
74d0  00 00 00 00 00 00 00 00 00 00 00 00 00 00 00 00  ................
74e0  00 00 00 00 00 00 00 00 00 00 00 00 00 00 00 00  ................
74f0  00 00 00 00 00 00 00 00 00 00 00 00 00 00 00 00  ................
7500  04 02 00 00 00 00 00 00 00 00 00 00 00 00 00 00  ................
7510  00 00 00 00 00 00 00 00 00 00 00 00 00 00 00 00  ................
7520  00 00 00 00 00 00 00 00 00 00 00 00 00 00 00 00  ................
7530  00 00 00 00 00 00 00 00 00 00 00 00 00 00 00 00  ................
7540  00 00 00 00 00 00 00 00 00 00 00 00 00 00 00 00  ................
7550  00 00 00 00 00 00 00 00 00 00 00 00 00 00 00 00  ................
7560  00 00 00 00 00 00 00 00 00 00 00 00 00 00 00 00  ................
7570  00 00 00 00 00 00 00 00 00 00 00 00 00 00 00 00  ................
7580  04 02 00 00 00 00 00 00 00 00 00 00 00 00 00 00  ................
7590  00 00 00 00 00 00 00 00 00 00 00 00 00 00 00 00  ................
75a0  00 00 00 00 00 00 00 00 00 00 00 00 00 00 00 00  ................
75b0  00 00 00 00 00 00 00 00 00 00 00 00 00 00 00 00  ................
75c0  00 00 00 00 00 00 00 00 00 00 00 00 00 00 00 00  ................
75d0  00 00 00 00 00 00 00 00 00 00 00 00 00 00 00 00  ................
75e0  00 00 00 00 00 00 00 00 00 00 00 00 00 00 00 00  ................
75f0  00 00 00 00 00 00 00 00 00 00 00 00 00 00 00 00  ................
7600  04 02 00 00 00 00 00 00 00 00 00 00 00 00 00 00  ................
7610  00 00 00 00 00 00 00 00 00 00 00 00 00 00 00 00  ................
7620  00 00 00 00 00 00 00 00 00 00 00 00 00 00 00 00  ................
7630  00 00 00 00 00 00 00 00 00 00 00 00 00 00 00 00  ................
7640  00 00 00 00 00 00 00 00 00 00 00 00 00 00 00 00  ................
7650  00 00 00 00 00 00 00 00 00 00 00 00 00 00 00 00  ................
7660  00 00 00 00 00 00 00 00 00 00 00 00 00 00 00 00  ................
7670  00 00 00 00 00 00 00 00 00 00 00 00 00 00 00 00  ................
7680  04 02 00 00 00 00 00 00 00 00 00 00 00 00 00 00  ................
7690  00 00 00 00 00 00 00 00 00 00 00 00 00 00 00 00  ................
76a0  00 00 00 00 00 00 00 00 00 00 00 00 00 00 00 00  ................
76b0  00 00 00 00 00 00 00 00 00 00 00 00 00 00 00 00  ................
76c0  00 00 00 00 00 00 00 00 00 00 00 00 00 00 00 00  ................
76d0  00 00 00 00 00 00 00 00 00 00 00 00 00 00 00 00  ................
76e0  00 00 00 00 00 00 00 00 00 00 00 00 00 00 00 00  ................
76f0  00 00 00 00 00 00 00 00 00 00 00 00 00 00 00 00  ................
7700  04 02 00 00 00 00 00 00 00 00 00 00 00 00 00 00  ................
7710  00 00 00 00 00 00 00 00 00 00 00 00 00 00 00 00  ................
7720  00 00 00 00 00 00 00 00 00 00 00 00 00 00 00 00  ................
7730  00 00 00 00 00 00 00 00 00 00 00 00 00 00 00 00  ................
7740  00 00 00 00 00 00 00 00 00 00 00 00 00 00 00 00  ................
7750  00 00 00 00 00 00 00 00 00 00 00 00 00 00 00 00  ................
7760  00 00 00 00 00 00 00 00 00 00 00 00 00 00 00 00  ................
7770  00 00 00 00 00 00 00 00 00 00 00 00 00 00 00 00  ................
7780  04 02 00 00 00 00 00 00 00 00 00 00 00 00 00 00  ................
7790  00 00 00 00 00 00 00 00 00 00 00 00 00 00 00 00  ................
77a0  00 00 00 00 00 00 00 00 00 00 00 00 00 00 00 00  ................
77b0  00 00 00 00 00 00 00 00 00 00 00 00 00 00 00 00  ................
77c0  00 00 00 00 00 00 00 00 00 00 00 00 00 00 00 00  ................
77d0  00 00 00 00 00 00 00 00 00 00 00 00 00 00 00 00  ................
77e0  00 00 00 00 00 00 00 00 00 00 00 00 00 00 00 00  ................
77f0  00 00 00 00 00 00 00 00 00 00 00 00 00 00 00 00  ................
7800  04 02 00 00 00 00 00 00 00 00 00 00 00 00 00 00  ................
7810  00 00 00 00 00 00 00 00 00 00 00 00 00 00 00 00  ................
7820  00 00 00 00 00 00 00 00 00 00 00 00 00 00 00 00  ................
7830  00 00 00 00 00 00 00 00 00 00 00 00 00 00 00 00  ................
7840  00 00 00 00 00 00 00 00 00 00 00 00 00 00 00 00  ................
7850  00 00 00 00 00 00 00 00 00 00 00 00 00 00 00 00  ................
7860  00 00 00 00 00 00 00 00 00 00 00 00 00 00 00 00  ................
7870  00 00 00 00 00 00 00 00 00 00 00 00 00 00 00 00  ................
7880  04 02 00 00 00 00 00 00 00 00 00 00 00 00 00 00  ................
7890  00 00 00 00 00 00 00 00 00 00 00 00 00 00 00 00  ................
78a0  00 00 00 00 00 00 00 00 00 00 00 00 00 00 00 00  ................
78b0  00 00 00 00 00 00 00 00 00 00 00 00 00 00 00 00  ................
78c0  00 00 00 00 00 00 00 00 00 00 00 00 00 00 00 00  ................
78d0  00 00 00 00 00 00 00 00 00 00 00 00 00 00 00 00  ................
78e0  00 00 00 00 00 00 00 00 00 00 00 00 00 00 00 00  ................
78f0  00 00 00 00 00 00 00 00 00 00 00 00 00 00 00 00  ................
7900  04 02 00 00 00 00 00 00 00 00 00 00 00 00 00 00  ................
7910  00 00 00 00 00 00 00 00 00 00 00 00 00 00 00 00  ................
7920  00 00 00 00 00 00 00 00 00 00 00 00 00 00 00 00  ................
7930  00 00 00 00 00 00 00 00 00 00 00 00 00 00 00 00  ................
7940  00 00 00 00 00 00 00 00 00 00 00 00 00 00 00 00  ................
7950  00 00 00 00 00 00 00 00 00 00 00 00 00 00 00 00  ................
7960  00 00 00 00 00 00 00 00 00 00 00 00 00 00 00 00  ................
7970  00 00 00 00 00 00 00 00 00 00 00 00 00 00 00 00  ................
7980  04 02 00 00 00 00 00 00 00 00 00 00 00 00 00 00  ................
7990  00 00 00 00 00 00 00 00 00 00 00 00 00 00 00 00  ................
79a0  00 00 00 00 00 00 00 00 00 00 00 00 00 00 00 00  ................
79b0  00 00 00 00 00 00 00 00 00 00 00 00 00 00 00 00  ................
79c0  00 00 00 00 00 00 00 00 00 00 00 00 00 00 00 00  ................
79d0  00 00 00 00 00 00 00 00 00 00 00 00 00 00 00 00  ................
79e0  00 00 00 00 00 00 00 00 00 00 00 00 00 00 00 00  ................
79f0  00 00 00 00 00 00 00 00 00 00 00 00 00 00 00 00  ................
7a00  04 02 00 00 00 00 00 00 00 00 00 00 00 00 00 00  ................
7a10  00 00 00 00 00 00 00 00 00 00 00 00 00 00 00 00  ................
7a20  00 00 00 00 00 00 00 00 00 00 00 00 00 00 00 00  ................
7a30  00 00 00 00 00 00 00 00 00 00 00 00 00 00 00 00  ................
7a40  00 00 00 00 00 00 00 00 00 00 00 00 00 00 00 00  ................
7a50  00 00 00 00 00 00 00 00 00 00 00 00 00 00 00 00  ................
7a60  00 00 00 00 00 00 00 00 00 00 00 00 00 00 00 00  ................
7a70  00 00 00 00 00 00 00 00 00 00 00 00 00 00 00 00  ................
7a80  04 02 00 00 00 00 00 00 00 00 00 00 00 00 00 00  ................
7a90  00 00 00 00 00 00 00 00 00 00 00 00 00 00 00 00  ................
7aa0  00 00 00 00 00 00 00 00 00 00 00 00 00 00 00 00  ................
7ab0  00 00 00 00 00 00 00 00 00 00 00 00 00 00 00 00  ................
7ac0  00 00 00 00 00 00 00 00 00 00 00 00 00 00 00 00  ................
7ad0  00 00 00 00 00 00 00 00 00 00 00 00 00 00 00 00  ................
7ae0  00 00 00 00 00 00 00 00 00 00 00 00 00 00 00 00  ................
7af0  00 00 00 00 00 00 00 00 00 00 00 00 00 00 00 00  ................
7b00  04 02 00 00 00 00 00 00 00 00 00 00 00 00 00 00  ................
7b10  00 00 00 00 00 00 00 00 00 00 00 00 00 00 00 00  ................
7b20  00 00 00 00 00 00 00 00 00 00 00 00 00 00 00 00  ................
7b30  00 00 00 00 00 00 00 00 00 00 00 00 00 00 00 00  ................
7b40  00 00 00 00 00 00 00 00 00 00 00 00 00 00 00 00  ................
7b50  00 00 00 00 00 00 00 00 00 00 00 00 00 00 00 00  ................
7b60  00 00 00 00 00 00 00 00 00 00 00 00 00 00 00 00  ................
7b70  00 00 00 00 00 00 00 00 00 00 00 00 00 00 00 00  ................
7b80  04 02 00 00 00 00 00 00 00 00 00 00 00 00 00 00  ................
7b90  00 00 00 00 00 00 00 00 00 00 00 00 00 00 00 00  ................
7ba0  00 00 00 00 00 00 00 00 00 00 00 00 00 00 00 00  ................
7bb0  00 00 00 00 00 00 00 00 00 00 00 00 00 00 00 00  ................
7bc0  00 00 00 00 00 00 00 00 00 00 00 00 00 00 00 00  ................
7bd0  00 00 00 00 00 00 00 00 00 00 00 00 00 00 00 00  ................
7be0  00 00 00 00 00 00 00 00 00 00 00 00 00 00 00 00  ................
7bf0  00 00 00 00 00 00 00 00 00 00 00 00 00 00 00 00  ................
7c00  04 02 00 00 00 00 00 00 00 00 00 00 00 00 00 00  ................
7c10  00 00 00 00 00 00 00 00 00 00 00 00 00 00 00 00  ................
7c20  00 00 00 00 00 00 00 00 00 00 00 00 00 00 00 00  ................
7c30  00 00 00 00 00 00 00 00 00 00 00 00 00 00 00 00  ................
7c40  00 00 00 00 00 00 00 00 00 00 00 00 00 00 00 00  ................
7c50  00 00 00 00 00 00 00 00 00 00 00 00 00 00 00 00  ................
7c60  00 00 00 00 00 00 00 00 00 00 00 00 00 00 00 00  ................
7c70  00 00 00 00 00 00 00 00 00 00 00 00 00 00 00 00  ................
7c80  04 02 00 00 00 00 00 00 00 00 00 00 00 00 00 00  ................
7c90  00 00 00 00 00 00 00 00 00 00 00 00 00 00 00 00  ................
7ca0  00 00 00 00 00 00 00 00 00 00 00 00 00 00 00 00  ................
7cb0  00 00 00 00 00 00 00 00 00 00 00 00 00 00 00 00  ................
7cc0  00 00 00 00 00 00 00 00 00 00 00 00 00 00 00 00  ................
7cd0  00 00 00 00 00 00 00 00 00 00 00 00 00 00 00 00  ................
7ce0  00 00 00 00 00 00 00 00 00 00 00 00 00 00 00 00  ................
7cf0  00 00 00 00 00 00 00 00 00 00 00 00 00 00 00 00  ................
7d00  04 02 00 00 00 00 00 00 00 00 00 00 00 00 00 00  ................
7d10  00 00 00 00 00 00 00 00 00 00 00 00 00 00 00 00  ................
7d20  00 00 00 00 00 00 00 00 00 00 00 00 00 00 00 00  ................
7d30  00 00 00 00 00 00 00 00 00 00 00 00 00 00 00 00  ................
7d40  00 00 00 00 00 00 00 00 00 00 00 00 00 00 00 00  ................
7d50  00 00 00 00 00 00 00 00 00 00 00 00 00 00 00 00  ................
7d60  00 00 00 00 00 00 00 00 00 00 00 00 00 00 00 00  ................
7d70  00 00 00 00 00 00 00 00 00 00 00 00 00 00 00 00  ................
7d80  04 02 00 00 00 00 00 00 00 00 00 00 00 00 00 00  ................
7d90  00 00 00 00 00 00 00 00 00 00 00 00 00 00 00 00  ................
7da0  00 00 00 00 00 00 00 00 00 00 00 00 00 00 00 00  ................
7db0  00 00 00 00 00 00 00 00 00 00 00 00 00 00 00 00  ................
7dc0  00 00 00 00 00 00 00 00 00 00 00 00 00 00 00 00  ................
7dd0  00 00 00 00 00 00 00 00 00 00 00 00 00 00 00 00  ................
7de0  00 00 00 00 00 00 00 00 00 00 00 00 00 00 00 00  ................
7df0  00 00 00 00 00 00 00 00 00 00 00 00 00 00 00 00  ................
7e00  04 02 00 00 00 00 00 00 00 00 00 00 00 00 00 00  ................
7e10  00 00 00 00 00 00 00 00 00 00 00 00 00 00 00 00  ................
7e20  00 00 00 00 00 00 00 00 00 00 00 00 00 00 00 00  ................
7e30  00 00 00 00 00 00 00 00 00 00 00 00 00 00 00 00  ................
7e40  00 00 00 00 00 00 00 00 00 00 00 00 00 00 00 00  ................
7e50  00 00 00 00 00 00 00 00 00 00 00 00 00 00 00 00  ................
7e60  00 00 00 00 00 00 00 00 00 00 00 00 00 00 00 00  ................
7e70  00 00 00 00 00 00 00 00 00 00 00 00 00 00 00 00  ................
7e80  04 02 00 00 00 00 00 00 00 00 00 00 00 00 00 00  ................
7e90  00 00 00 00 00 00 00 00 00 00 00 00 00 00 00 00  ................
7ea0  00 00 00 00 00 00 00 00 00 00 00 00 00 00 00 00  ................
7eb0  00 00 00 00 00 00 00 00 00 00 00 00 00 00 00 00  ................
7ec0  00 00 00 00 00 00 00 00 00 00 00 00 00 00 00 00  ................
7ed0  00 00 00 00 00 00 00 00 00 00 00 00 00 00 00 00  ................
7ee0  00 00 00 00 00 00 00 00 00 00 00 00 00 00 00 00  ................
7ef0  00 00 00 00 00 00 00 00 00 00 00 00 00 00 00 00  ................
7f00  04 02 00 00 00 00 00 00 00 00 00 00 00 00 00 00  ................
7f10  00 00 00 00 00 00 00 00 00 00 00 00 00 00 00 00  ................
7f20  00 00 00 00 00 00 00 00 00 00 00 00 00 00 00 00  ................
7f30  00 00 00 00 00 00 00 00 00 00 00 00 00 00 00 00  ................
7f40  00 00 00 00 00 00 00 00 00 00 00 00 00 00 00 00  ................
7f50  00 00 00 00 00 00 00 00 00 00 00 00 00 00 00 00  ................
7f60  00 00 00 00 00 00 00 00 00 00 00 00 00 00 00 00  ................
7f70  00 00 00 00 00 00 00 00 00 00 00 00 00 00 00 00  ................
7f80  04 02 00 00 00 00 00 00 00 00 00 00 00 00 00 00  ................
7f90  00 00 00 00 00 00 00 00 00 00 00 00 00 00 00 00  ................
7fa0  00 00 00 00 00 00 00 00 00 00 00 00 00 00 00 00  ................
7fb0  00 00 00 00 00 00 00 00 00 00 00 00 00 00 00 00  ................
7fc0  00 00 00 00 00 00 00 00 00 00 00 00 00 00 00 00  ................
7fd0  00 00 00 00 00 00 00 00 00 00 00 00 00 00 00 00  ................
7fe0  00 00 00 00 00 00 00 00 00 00 00 00 00 00 00 00  ................
7ff0  00 00 00 00 00 00 00 00 00 00 00 00 00 00 00 00  ................
8000  00 00 00 00 00 00 00 00 00 00 00 00 00 00 00 00  ................
8010  00 00 00 00 00 00 00 00 00 00 00 00 00 00 00 00  ................
8020  00 00 00 00 00 00 00 00 00 00 00 00 00 00 00 00  ................
8030  00 00 00 00 00 00 00 00 00 00 00 00 00 00 00 00  ................
8040  00 00 00 00 00 00 00 00 00 00 00 00 00 00 00 00  ................
8050  00 00 00 00 00 00 00 00 00 00 00 00 00 00 00 00  ................
8060  00 00 00 00 00 00 00 00 00 00 00 00 00 00 00 00  ................
8070  00 00 00 00 00 00 00 00 00 00 00 00 00 00 00 00  ................
8080  00 00 00 00 00 00 00 00 00 00 00 00 00 00 00 00  ................
8090  00 00 00 00 00 00 00 00 00 00 00 00 00 00 00 00  ................
80a0  00 00 00 00 00 00 00 00 00 00 00 00 00 00 00 00  ................
80b0  00 00 00 00 00 00 00 00 00 00 00 00 00 00 00 00  ................
80c0  00 00 00 00 00 00 00 00 00 00 00 00 00 00 00 00  ................
80d0  00 00 00 00 00 00 00 00 00 00 00 00 00 00 00 00  ................
80e0  00 00 00 00 00 00 00 00 00 00 00 00 00 00 00 00  ................
80f0  00 00 00 00 00 00 00 00 00 00 00 00 00 00 00 00  ................
8100  00 00 00 00 00 00 00 00 00 00 00 00 00 00 00 00  ................
8110  00 00 00 00 00 00 00 00 00 00 00 00 00 00 00 00  ................
8120  00 00 00 00 00 00 00 00 00 00 00 00 00 00 00 00  ................
8130  00 00 00 00 00 00 00 00 00 00 00 00 00 00 00 00  ................
8140  00 00 00 00 00 00 00 00 00 00 00 00 00 00 00 00  ................
8150  00 00 00 00 00 00 00 00 00 00 00 00 00 00 00 00  ................
8160  00 00 00 00 00 00 00 00 00 00 00 00 00 00 00 00  ................
8170  00 00 00 00 00 00 00 00 00 00 00 00 00 00 00 00  ................
8180  00 00 00 00 00 00 00 00 00 00 00 00 00 00 00 00  ................
8190  00 00 00 00 00 00 00 00 00 00 00 00 00 00 00 00  ................
81a0  00 00 00 00 00 00 00 00 00 00 00 00 00 00 00 00  ................
81b0  00 00 00 00 00 00 00 00 00 00 00 00 00 00 00 00  ................
81c0  00 00 00 00 00 00 00 00 00 00 00 00 00 00 00 00  ................
81d0  00 00 00 00 00 00 00 00 00 00 00 00 00 00 00 00  ................
81e0  00 00 00 00 00 00 00 00 00 00 00 00 00 00 00 00  ................
81f0  00 00 00 00 00 00 00 00 00 00 00 00 00 00 00 00  ................
8200  00 00 00 00 00 00 00 00 00 00 00 00 00 00 00 00  ................
8210  00 00 00 00 00 00 00 00 00 00 00 00 00 00 00 00  ................
8220  00 00 00 00 00 00 00 00 00 00 00 00 00 00 00 00  ................
8230  00 00 00 00 00 00 00 00 00 00 00 00 00 00 00 00  ................
8240  00 00 00 00 00 00 00 00 00 00 00 00 00 00 00 00  ................
8250  00 00 00 00 00 00 00 00 00 00 00 00 00 00 00 00  ................
8260  00 00 00 00 00 00 00 00 00 00 00 00 00 00 00 00  ................
8270  00 00 00 00 00 00 00 00 00 00 00 00 00 00 00 00  ................
8280  00 00 00 00 00 00 00 00 00 00 00 00 00 00 00 00  ................
8290  00 00 00 00 00 00 00 00 00 00 00 00 00 00 00 00  ................
82a0  00 00 00 00 00 00 00 00 00 00 00 00 00 00 00 00  ................
82b0  00 00 00 00 00 00 00 00 00 00 00 00 00 00 00 00  ................
82c0  00 00 00 00 00 00 00 00 00 00 00 00 00 00 00 00  ................
82d0  00 00 00 00 00 00 00 00 00 00 00 00 00 00 00 00  ................
82e0  00 00 00 00 00 00 00 00 00 00 00 00 00 00 00 00  ................
82f0  00 00 00 00 00 00 00 00 00 00 00 00 00 00 00 00  ................
8300  00 00 00 00 00 00 00 00 00 00 00 00 00 00 00 00  ................
8310  00 00 00 00 00 00 00 00 00 00 00 00 00 00 00 00  ................
8320  00 00 00 00 00 00 00 00 00 00 00 00 00 00 00 00  ................
8330  00 00 00 00 00 00 00 00 00 00 00 00 00 00 00 00  ................
8340  00 00 00 00 00 00 00 00 00 00 00 00 00 00 00 00  ................
8350  00 00 00 00 00 00 00 00 00 00 00 00 00 00 00 00  ................
8360  00 00 00 00 00 00 00 00 00 00 00 00 00 00 00 00  ................
8370  00 00 00 00 00 00 00 00 00 00 00 00 00 00 00 00  ................
8380  00 00 00 00 00 00 00 00 00 00 00 00 00 00 00 00  ................
8390  00 00 00 00 00 00 00 00 00 00 00 00 00 00 00 00  ................
83a0  00 00 00 00 00 00 00 00 00 00 00 00 00 00 00 00  ................
83b0  00 00 00 00 00 00 00 00 00 00 00 00 00 00 00 00  ................
83c0  00 00 00 00 00 00 00 00 00 00 00 00 00 00 00 00  ................
83d0  00 00 00 00 00 00 00 00 00 00 00 00 00 00 00 00  ................
83e0  00 00 00 00 00 00 00 00 00 00 00 00 00 00 00 00  ................
83f0  00 00 00 00 00 00 00 00 00 00 00 00 00 00 00 00  ................
8400  00 00 00 00 00 00 00 00 00 00 00 00 00 00 00 00  ................
8410  00 00 00 00 00 00 00 00 00 00 00 00 00 00 00 00  ................
8420  00 00 00 00 00 00 00 00 00 00 00 00 00 00 00 00  ................
8430  00 00 00 00 00 00 00 00 00 00 00 00 00 00 00 00  ................
8440  00 00 00 00 00 00 00 00 00 00 00 00 00 00 00 00  ................
8450  00 00 00 00 00 00 00 00 00 00 00 00 00 00 00 00  ................
8460  00 00 00 00 00 00 00 00 00 00 00 00 00 00 00 00  ................
8470  00 00 00 00 00 00 00 00 00 00 00 00 00 00 00 00  ................
8480  00 00 00 00 00 00 00 00 00 00 00 00 00 00 00 00  ................
8490  00 00 00 00 00 00 00 00 00 00 00 00 00 00 00 00  ................
84a0  00 00 00 00 00 00 00 00 00 00 00 00 00 00 00 00  ................
84b0  00 00 00 00 00 00 00 00 00 00 00 00 00 00 00 00  ................
84c0  00 00 00 00 00 00 00 00 00 00 00 00 00 00 00 00  ................
84d0  00 00 00 00 00 00 00 00 00 00 00 00 00 00 00 00  ................
84e0  00 00 00 00 00 00 00 00 00 00 00 00 00 00 00 00  ................
84f0  00 00 00 00 00 00 00 00 00 00 00 00 00 00 00 00  ................
8500  00 00 00 00 00 00 00 00 00 00 00 00 00 00 00 00  ................
8510  00 00 00 00 00 00 00 00 00 00 00 00 00 00 00 00  ................
8520  00 00 00 00 00 00 00 00 00 00 00 00 00 00 00 00  ................
8530  00 00 00 00 00 00 00 00 00 00 00 00 00 00 00 00  ................
8540  00 00 00 00 00 00 00 00 00 00 00 00 00 00 00 00  ................
8550  00 00 00 00 00 00 00 00 00 00 00 00 00 00 00 00  ................
8560  00 00 00 00 00 00 00 00 00 00 00 00 00 00 00 00  ................
8570  00 00 00 00 00 00 00 00 00 00 00 00 00 00 00 00  ................
8580  00 00 00 00 00 00 00 00 00 00 00 00 00 00 00 00  ................
8590  00 00 00 00 00 00 00 00 00 00 00 00 00 00 00 00  ................
85a0  00 00 00 00 00 00 00 00 00 00 00 00 00 00 00 00  ................
85b0  00 00 00 00 00 00 00 00 00 00 00 00 00 00 00 00  ................
85c0  00 00 00 00 00 00 00 00 00 00 00 00 00 00 00 00  ................
85d0  00 00 00 00 00 00 00 00 00 00 00 00 00 00 00 00  ................
85e0  00 00 00 00 00 00 00 00 00 00 00 00 00 00 00 00  ................
85f0  00 00 00 00 00 00 00 00 00 00 00 00 00 00 00 00  ................
8600  00 00 00 00 00 00 00 00 00 00 00 00 00 00 00 00  ................
8610  00 00 00 00 00 00 00 00 00 00 00 00 00 00 00 00  ................
8620  00 00 00 00 00 00 00 00 00 00 00 00 00 00 00 00  ................
8630  00 00 00 00 00 00 00 00 00 00 00 00 00 00 00 00  ................
8640  00 00 00 00 00 00 00 00 00 00 00 00 00 00 00 00  ................
8650  00 00 00 00 00 00 00 00 00 00 00 00 00 00 00 00  ................
8660  00 00 00 00 00 00 00 00 00 00 00 00 00 00 00 00  ................
8670  00 00 00 00 00 00 00 00 00 00 00 00 00 00 00 00  ................
8680  00 00 00 00 00 00 00 00 00 00 00 00 00 00 00 00  ................
8690  00 00 00 00 00 00 00 00 00 00 00 00 00 00 00 00  ................
86a0  00 00 00 00 00 00 00 00 00 00 00 00 00 00 00 00  ................
86b0  00 00 00 00 00 00 00 00 00 00 00 00 00 00 00 00  ................
86c0  00 00 00 00 00 00 00 00 00 00 00 00 00 00 00 00  ................
86d0  00 00 00 00 00 00 00 00 00 00 00 00 00 00 00 00  ................
86e0  00 00 00 00 00 00 00 00 00 00 00 00 00 00 00 00  ................
86f0  00 00 00 00 00 00 00 00 00 00 00 00 00 00 00 00  ................
8700  00 00 00 00 00 00 00 00 00 00 00 00 00 00 00 00  ................
8710  00 00 00 00 00 00 00 00 00 00 00 00 00 00 00 00  ................
8720  00 00 00 00 00 00 00 00 00 00 00 00 00 00 00 00  ................
8730  00 00 00 00 00 00 00 00 00 00 00 00 00 00 00 00  ................
8740  00 00 00 00 00 00 00 00 00 00 00 00 00 00 00 00  ................
8750  00 00 00 00 00 00 00 00 00 00 00 00 00 00 00 00  ................
8760  00 00 00 00 00 00 00 00 00 00 00 00 00 00 00 00  ................
8770  00 00 00 00 00 00 00 00 00 00 00 00 00 00 00 00  ................
8780  00 00 00 00 00 00 00 00 00 00 00 00 00 00 00 00  ................
8790  00 00 00 00 00 00 00 00 00 00 00 00 00 00 00 00  ................
87a0  00 00 00 00 00 00 00 00 00 00 00 00 00 00 00 00  ................
87b0  00 00 00 00 00 00 00 00 00 00 00 00 00 00 00 00  ................
87c0  00 00 00 00 00 00 00 00 00 00 00 00 00 00 00 00  ................
87d0  00 00 00 00 00 00 00 00 00 00 00 00 00 00 00 00  ................
87e0  00 00 00 00 00 00 00 00 00 00 00 00 00 00 00 00  ................
87f0  00 00 00 00 00 00 00 00 00 00 00 00 00 00 00 00  ................
8800  00 00 00 00 00 00 00 00 00 00 00 00 00 00 00 00  ................
8810  00 00 00 00 00 00 00 00 00 00 00 00 00 00 00 00  ................
8820  00 00 00 00 00 00 00 00 00 00 00 00 00 00 00 00  ................
8830  00 00 00 00 00 00 00 00 00 00 00 00 00 00 00 00  ................
8840  00 00 00 00 00 00 00 00 00 00 00 00 00 00 00 00  ................
8850  00 00 00 00 00 00 00 00 00 00 00 00 00 00 00 00  ................
8860  00 00 00 00 00 00 00 00 00 00 00 00 00 00 00 00  ................
8870  00 00 00 00 00 00 00 00 00 00 00 00 00 00 00 00  ................
8880  00 00 00 00 00 00 00 00 00 00 00 00 00 00 00 00  ................
8890  00 00 00 00 00 00 00 00 00 00 00 00 00 00 00 00  ................
88a0  00 00 00 00 00 00 00 00 00 00 00 00 00 00 00 00  ................
88b0  00 00 00 00 00 00 00 00 00 00 00 00 00 00 00 00  ................
88c0  00 00 00 00 00 00 00 00 00 00 00 00 00 00 00 00  ................
88d0  00 00 00 00 00 00 00 00 00 00 00 00 00 00 00 00  ................
88e0  00 00 00 00 00 00 00 00 00 00 00 00 00 00 00 00  ................
88f0  00 00 00 00 00 00 00 00 00 00 00 00 00 00 00 00  ................
8900  00 00 00 00 00 00 00 00 00 00 00 00 00 00 00 00  ................
8910  00 00 00 00 00 00 00 00 00 00 00 00 00 00 00 00  ................
8920  00 00 00 00 00 00 00 00 00 00 00 00 00 00 00 00  ................
8930  00 00 00 00 00 00 00 00 00 00 00 00 00 00 00 00  ................
8940  00 00 00 00 00 00 00 00 00 00 00 00 00 00 00 00  ................
8950  00 00 00 00 00 00 00 00 00 00 00 00 00 00 00 00  ................
8960  00 00 00 00 00 00 00 00 00 00 00 00 00 00 00 00  ................
8970  00 00 00 00 00 00 00 00 00 00 00 00 00 00 00 00  ................
8980  00 00 00 00 00 00 00 00 00 00 00 00 00 00 00 00  ................
8990  00 00 00 00 00 00 00 00 00 00 00 00 00 00 00 00  ................
89a0  00 00 00 00 00 00 00 00 00 00 00 00 00 00 00 00  ................
89b0  00 00 00 00 00 00 00 00 00 00 00 00 00 00 00 00  ................
89c0  00 00 00 00 00 00 00 00 00 00 00 00 00 00 00 00  ................
89d0  00 00 00 00 00 00 00 00 00 00 00 00 00 00 00 00  ................
89e0  00 00 00 00 00 00 00 00 00 00 00 00 00 00 00 00  ................
89f0  00 00 00 00 00 00 00 00 00 00 00 00 00 00 00 00  ................
8a00  00 00 00 00 00 00 00 00 00 00 00 00 00 00 00 00  ................
8a10  00 00 00 00 00 00 00 00 00 00 00 00 00 00 00 00  ................
8a20  00 00 00 00 00 00 00 00 00 00 00 00 00 00 00 00  ................
8a30  00 00 00 00 00 00 00 00 00 00 00 00 00 00 00 00  ................
8a40  00 00 00 00 00 00 00 00 00 00 00 00 00 00 00 00  ................
8a50  00 00 00 00 00 00 00 00 00 00 00 00 00 00 00 00  ................
8a60  00 00 00 00 00 00 00 00 00 00 00 00 00 00 00 00  ................
8a70  00 00 00 00 00 00 00 00 00 00 00 00 00 00 00 00  ................
8a80  00 00 00 00 00 00 00 00 00 00 00 00 00 00 00 00  ................
8a90  00 00 00 00 00 00 00 00 00 00 00 00 00 00 00 00  ................
8aa0  00 00 00 00 00 00 00 00 00 00 00 00 00 00 00 00  ................
8ab0  00 00 00 00 00 00 00 00 00 00 00 00 00 00 00 00  ................
8ac0  00 00 00 00 00 00 00 00 00 00 00 00 00 00 00 00  ................
8ad0  00 00 00 00 00 00 00 00 00 00 00 00 00 00 00 00  ................
8ae0  00 00 00 00 00 00 00 00 00 00 00 00 00 00 00 00  ................
8af0  00 00 00 00 00 00 00 00 00 00 00 00 00 00 00 00  ................
8b00  00 00 00 00 00 00 00 00 00 00 00 00 00 00 00 00  ................
8b10  00 00 00 00 00 00 00 00 00 00 00 00 00 00 00 00  ................
8b20  00 00 00 00 00 00 00 00 00 00 00 00 00 00 00 00  ................
8b30  00 00 00 00 00 00 00 00 00 00 00 00 00 00 00 00  ................
8b40  00 00 00 00 00 00 00 00 00 00 00 00 00 00 00 00  ................
8b50  00 00 00 00 00 00 00 00 00 00 00 00 00 00 00 00  ................
8b60  00 00 00 00 00 00 00 00 00 00 00 00 00 00 00 00  ................
8b70  00 00 00 00 00 00 00 00 00 00 00 00 00 00 00 00  ................
8b80  00 00 00 00 00 00 00 00 00 00 00 00 00 00 00 00  ................
8b90  00 00 00 00 00 00 00 00 00 00 00 00 00 00 00 00  ................
8ba0  00 00 00 00 00 00 00 00 00 00 00 00 00 00 00 00  ................
8bb0  00 00 00 00 00 00 00 00 00 00 00 00 00 00 00 00  ................
8bc0  00 00 00 00 00 00 00 00 00 00 00 00 00 00 00 00  ................
8bd0  00 00 00 00 00 00 00 00 00 00 00 00 00 00 00 00  ................
8be0  00 00 00 00 00 00 00 00 00 00 00 00 00 00 00 00  ................
8bf0  00 00 00 00 00 00 00 00 00 00 00 00 00 00 00 00  ................
8c00  00 00 00 00 00 00 00 00 00 00 00 00 00 00 00 00  ................
8c10  00 00 00 00 00 00 00 00 00 00 00 00 00 00 00 00  ................
8c20  00 00 00 00 00 00 00 00 00 00 00 00 00 00 00 00  ................
8c30  00 00 00 00 00 00 00 00 00 00 00 00 00 00 00 00  ................
8c40  00 00 00 00 00 00 00 00 00 00 00 00 00 00 00 00  ................
8c50  00 00 00 00 00 00 00 00 00 00 00 00 00 00 00 00  ................
8c60  00 00 00 00 00 00 00 00 00 00 00 00 00 00 00 00  ................
8c70  00 00 00 00 00 00 00 00 00 00 00 00 00 00 00 00  ................
8c80  00 00 00 00 00 00 00 00 00 00 00 00 00 00 00 00  ................
8c90  00 00 00 00 00 00 00 00 00 00 00 00 00 00 00 00  ................
8ca0  00 00 00 00 00 00 00 00 00 00 00 00 00 00 00 00  ................
8cb0  00 00 00 00 00 00 00 00 00 00 00 00 00 00 00 00  ................
8cc0  00 00 00 00 00 00 00 00 00 00 00 00 00 00 00 00  ................
8cd0  00 00 00 00 00 00 00 00 00 00 00 00 00 00 00 00  ................
8ce0  00 00 00 00 00 00 00 00 00 00 00 00 00 00 00 00  ................
8cf0  00 00 00 00 00 00 00 00 00 00 00 00 00 00 00 00  ................
8d00  00 00 00 00 00 00 00 00 00 00 00 00 00 00 00 00  ................
8d10  00 00 00 00 00 00 00 00 00 00 00 00 00 00 00 00  ................
8d20  00 00 00 00 00 00 00 00 00 00 00 00 00 00 00 00  ................
8d30  00 00 00 00 00 00 00 00 00 00 00 00 00 00 00 00  ................
8d40  00 00 00 00 00 00 00 00 00 00 00 00 00 00 00 00  ................
8d50  00 00 00 00 00 00 00 00 00 00 00 00 00 00 00 00  ................
8d60  00 00 00 00 00 00 00 00 00 00 00 00 00 00 00 00  ................
8d70  00 00 00 00 00 00 00 00 00 00 00 00 00 00 00 00  ................
8d80  00 00 00 00 00 00 00 00 00 00 00 00 00 00 00 00  ................
8d90  00 00 00 00 00 00 00 00 00 00 00 00 00 00 00 00  ................
8da0  00 00 00 00 00 00 00 00 00 00 00 00 00 00 00 00  ................
8db0  00 00 00 00 00 00 00 00 00 00 00 00 00 00 00 00  ................
8dc0  00 00 00 00 00 00 00 00 00 00 00 00 00 00 00 00  ................
8dd0  00 00 00 00 00 00 00 00 00 00 00 00 00 00 00 00  ................
8de0  00 00 00 00 00 00 00 00 00 00 00 00 00 00 00 00  ................
8df0  00 00 00 00 00 00 00 00 00 00 00 00 00 00 00 00  ................
8e00  00 00 00 00 00 00 00 00 00 00 00 00 00 00 00 00  ................
8e10  00 00 00 00 00 00 00 00 00 00 00 00 00 00 00 00  ................
8e20  00 00 00 00 00 00 00 00 00 00 00 00 00 00 00 00  ................
8e30  00 00 00 00 00 00 00 00 00 00 00 00 00 00 00 00  ................
8e40  00 00 00 00 00 00 00 00 00 00 00 00 00 00 00 00  ................
8e50  00 00 00 00 00 00 00 00 00 00 00 00 00 00 00 00  ................
8e60  00 00 00 00 00 00 00 00 00 00 00 00 00 00 00 00  ................
8e70  00 00 00 00 00 00 00 00 00 00 00 00 00 00 00 00  ................
8e80  00 00 00 00 00 00 00 00 00 00 00 00 00 00 00 00  ................
8e90  00 00 00 00 00 00 00 00 00 00 00 00 00 00 00 00  ................
8ea0  00 00 00 00 00 00 00 00 00 00 00 00 00 00 00 00  ................
8eb0  00 00 00 00 00 00 00 00 00 00 00 00 00 00 00 00  ................
8ec0  00 00 00 00 00 00 00 00 00 00 00 00 00 00 00 00  ................
8ed0  00 00 00 00 00 00 00 00 00 00 00 00 00 00 00 00  ................
8ee0  00 00 00 00 00 00 00 00 00 00 00 00 00 00 00 00  ................
8ef0  00 00 00 00 00 00 00 00 00 00 00 00 00 00 00 00  ................
8f00  00 00 00 00 00 00 00 00 00 00 00 00 00 00 00 00  ................
8f10  00 00 00 00 00 00 00 00 00 00 00 00 00 00 00 00  ................
8f20  00 00 00 00 00 00 00 00 00 00 00 00 00 00 00 00  ................
8f30  00 00 00 00 00 00 00 00 00 00 00 00 00 00 00 00  ................
8f40  00 00 00 00 00 00 00 00 00 00 00 00 00 00 00 00  ................
8f50  00 00 00 00 00 00 00 00 00 00 00 00 00 00 00 00  ................
8f60  00 00 00 00 00 00 00 00 00 00 00 00 00 00 00 00  ................
8f70  00 00 00 00 00 00 00 00 00 00 00 00 00 00 00 00  ................
8f80  00 00 00 00 00 00 00 00 00 00 00 00 00 00 00 00  ................
8f90  00 00 00 00 00 00 00 00 00 00 00 00 00 00 00 00  ................
8fa0  00 00 00 00 00 00 00 00 00 00 00 00 00 00 00 00  ................
8fb0  00 00 00 00 00 00 00 00 00 00 00 00 00 00 00 00  ................
8fc0  00 00 00 00 00 00 00 00 00 00 00 00 00 00 00 00  ................
8fd0  00 00 00 00 00 00 00 00 00 00 00 00 00 00 00 00  ................
8fe0  00 00 00 00 00 00 00 00 00 00 00 00 00 00 00 00  ................
8ff0  00 00 00 00 00 00 00 00 00 00 00 00 00 00 00 00  ................
9000  00 00 00 00 00 00 00 00 00 00 00 00 00 00 00 00  ................
9010  00 00 00 00 00 00 00 00 00 00 00 00 00 00 00 00  ................
9020  00 00 00 00 00 00 00 00 00 00 00 00 00 00 00 00  ................
9030  00 00 00 00 00 00 00 00 00 00 00 00 00 00 00 00  ................
9040  00 00 00 00 00 00 00 00 00 00 00 00 00 00 00 00  ................
9050  00 00 00 00 00 00 00 00 00 00 00 00 00 00 00 00  ................
9060  00 00 00 00 00 00 00 00 00 00 00 00 00 00 00 00  ................
9070  00 00 00 00 00 00 00 00 00 00 00 00 00 00 00 00  ................
9080  00 00 00 00 00 00 00 00 00 00 00 00 00 00 00 00  ................
9090  00 00 00 00 00 00 00 00 00 00 00 00 00 00 00 00  ................
90a0  00 00 00 00 00 00 00 00 00 00 00 00 00 00 00 00  ................
90b0  00 00 00 00 00 00 00 00 00 00 00 00 00 00 00 00  ................
90c0  00 00 00 00 00 00 00 00 00 00 00 00 00 00 00 00  ................
90d0  00 00 00 00 00 00 00 00 00 00 00 00 00 00 00 00  ................
90e0  00 00 00 00 00 00 00 00 00 00 00 00 00 00 00 00  ................
90f0  00 00 00 00 00 00 00 00 00 00 00 00 00 00 00 00  ................
9100  00 00 00 00 00 00 00 00 00 00 00 00 00 00 00 00  ................
9110  00 00 00 00 00 00 00 00 00 00 00 00 00 00 00 00  ................
9120  00 00 00 00 00 00 00 00 00 00 00 00 00 00 00 00  ................
9130  00 00 00 00 00 00 00 00 00 00 00 00 00 00 00 00  ................
9140  00 00 00 00 00 00 00 00 00 00 00 00 00 00 00 00  ................
9150  00 00 00 00 00 00 00 00 00 00 00 00 00 00 00 00  ................
9160  00 00 00 00 00 00 00 00 00 00 00 00 00 00 00 00  ................
9170  00 00 00 00 00 00 00 00 00 00 00 00 00 00 00 00  ................
9180  00 00 00 00 00 00 00 00 00 00 00 00 00 00 00 00  ................
9190  00 00 00 00 00 00 00 00 00 00 00 00 00 00 00 00  ................
91a0  00 00 00 00 00 00 00 00 00 00 00 00 00 00 00 00  ................
91b0  00 00 00 00 00 00 00 00 00 00 00 00 00 00 00 00  ................
91c0  00 00 00 00 00 00 00 00 00 00 00 00 00 00 00 00  ................
91d0  00 00 00 00 00 00 00 00 00 00 00 00 00 00 00 00  ................
91e0  00 00 00 00 00 00 00 00 00 00 00 00 00 00 00 00  ................
91f0  00 00 00 00 00 00 00 00 00 00 00 00 00 00 00 00  ................
9200  00 00 00 00 00 00 00 00 00 00 00 00 00 00 00 00  ................
9210  00 00 00 00 00 00 00 00 00 00 00 00 00 00 00 00  ................
9220  00 00 00 00 00 00 00 00 00 00 00 00 00 00 00 00  ................
9230  00 00 00 00 00 00 00 00 00 00 00 00 00 00 00 00  ................
9240  00 00 00 00 00 00 00 00 00 00 00 00 00 00 00 00  ................
9250  00 00 00 00 00 00 00 00 00 00 00 00 00 00 00 00  ................
9260  00 00 00 00 00 00 00 00 00 00 00 00 00 00 00 00  ................
9270  00 00 00 00 00 00 00 00 00 00 00 00 00 00 00 00  ................
9280  00 00 00 00 00 00 00 00 00 00 00 00 00 00 00 00  ................
9290  00 00 00 00 00 00 00 00 00 00 00 00 00 00 00 00  ................
92a0  00 00 00 00 00 00 00 00 00 00 00 00 00 00 00 00  ................
92b0  00 00 00 00 00 00 00 00 00 00 00 00 00 00 00 00  ................
92c0  00 00 00 00 00 00 00 00 00 00 00 00 00 00 00 00  ................
92d0  00 00 00 00 00 00 00 00 00 00 00 00 00 00 00 00  ................
92e0  00 00 00 00 00 00 00 00 00 00 00 00 00 00 00 00  ................
92f0  00 00 00 00 00 00 00 00 00 00 00 00 00 00 00 00  ................
9300  00 00 00 00 00 00 00 00 00 00 00 00 00 00 00 00  ................
9310  00 00 00 00 00 00 00 00 00 00 00 00 00 00 00 00  ................
9320  00 00 00 00 00 00 00 00 00 00 00 00 00 00 00 00  ................
9330  00 00 00 00 00 00 00 00 00 00 00 00 00 00 00 00  ................
9340  00 00 00 00 00 00 00 00 00 00 00 00 00 00 00 00  ................
9350  00 00 00 00 00 00 00 00 00 00 00 00 00 00 00 00  ................
9360  00 00 00 00 00 00 00 00 00 00 00 00 00 00 00 00  ................
9370  00 00 00 00 00 00 00 00 00 00 00 00 00 00 00 00  ................
9380  00 00 00 00 00 00 00 00 00 00 00 00 00 00 00 00  ................
9390  00 00 00 00 00 00 00 00 00 00 00 00 00 00 00 00  ................
93a0  00 00 00 00 00 00 00 00 00 00 00 00 00 00 00 00  ................
93b0  00 00 00 00 00 00 00 00 00 00 00 00 00 00 00 00  ................
93c0  00 00 00 00 00 00 00 00 00 00 00 00 00 00 00 00  ................
93d0  00 00 00 00 00 00 00 00 00 00 00 00 00 00 00 00  ................
93e0  00 00 00 00 00 00 00 00 00 00 00 00 00 00 00 00  ................
93f0  00 00 00 00 00 00 00 00 00 00 00 00 00 00 00 00  ................
9400  00 00 00 00 00 00 00 00 00 00 00 00 00 00 00 00  ................
9410  00 00 00 00 00 00 00 00 00 00 00 00 00 00 00 00  ................
9420  00 00 00 00 00 00 00 00 00 00 00 00 00 00 00 00  ................
9430  00 00 00 00 00 00 00 00 00 00 00 00 00 00 00 00  ................
9440  00 00 00 00 00 00 00 00 00 00 00 00 00 00 00 00  ................
9450  00 00 00 00 00 00 00 00 00 00 00 00 00 00 00 00  ................
9460  00 00 00 00 00 00 00 00 00 00 00 00 00 00 00 00  ................
9470  00 00 00 00 00 00 00 00 00 00 00 00 00 00 00 00  ................
9480  00 00 00 00 00 00 00 00 00 00 00 00 00 00 00 00  ................
9490  00 00 00 00 00 00 00 00 00 00 00 00 00 00 00 00  ................
94a0  00 00 00 00 00 00 00 00 00 00 00 00 00 00 00 00  ................
94b0  00 00 00 00 00 00 00 00 00 00 00 00 00 00 00 00  ................
94c0  00 00 00 00 00 00 00 00 00 00 00 00 00 00 00 00  ................
94d0  00 00 00 00 00 00 00 00 00 00 00 00 00 00 00 00  ................
94e0  00 00 00 00 00 00 00 00 00 00 00 00 00 00 00 00  ................
94f0  00 00 00 00 00 00 00 00 00 00 00 00 00 00 00 00  ................
9500  00 00 00 00 00 00 00 00 00 00 00 00 00 00 00 00  ................
9510  00 00 00 00 00 00 00 00 00 00 00 00 00 00 00 00  ................
9520  00 00 00 00 00 00 00 00 00 00 00 00 00 00 00 00  ................
9530  00 00 00 00 00 00 00 00 00 00 00 00 00 00 00 00  ................
9540  00 00 00 00 00 00 00 00 00 00 00 00 00 00 00 00  ................
9550  00 00 00 00 00 00 00 00 00 00 00 00 00 00 00 00  ................
9560  00 00 00 00 00 00 00 00 00 00 00 00 00 00 00 00  ................
9570  00 00 00 00 00 00 00 00 00 00 00 00 00 00 00 00  ................
9580  00 00 00 00 00 00 00 00 00 00 00 00 00 00 00 00  ................
9590  00 00 00 00 00 00 00 00 00 00 00 00 00 00 00 00  ................
95a0  00 00 00 00 00 00 00 00 00 00 00 00 00 00 00 00  ................
95b0  00 00 00 00 00 00 00 00 00 00 00 00 00 00 00 00  ................
95c0  00 00 00 00 00 00 00 00 00 00 00 00 00 00 00 00  ................
95d0  00 00 00 00 00 00 00 00 00 00 00 00 00 00 00 00  ................
95e0  00 00 00 00 00 00 00 00 00 00 00 00 00 00 00 00  ................
95f0  00 00 00 00 00 00 00 00 00 00 00 00 00 00 00 00  ................
9600  00 00 00 00 00 00 00 00 00 00 00 00 00 00 00 00  ................
9610  00 00 00 00 00 00 00 00 00 00 00 00 00 00 00 00  ................
9620  00 00 00 00 00 00 00 00 00 00 00 00 00 00 00 00  ................
9630  00 00 00 00 00 00 00 00 00 00 00 00 00 00 00 00  ................
9640  00 00 00 00 00 00 00 00 00 00 00 00 00 00 00 00  ................
9650  00 00 00 00 00 00 00 00 00 00 00 00 00 00 00 00  ................
9660  00 00 00 00 00 00 00 00 00 00 00 00 00 00 00 00  ................
9670  00 00 00 00 00 00 00 00 00 00 00 00 00 00 00 00  ................
9680  00 00 00 00 00 00 00 00 00 00 00 00 00 00 00 00  ................
9690  00 00 00 00 00 00 00 00 00 00 00 00 00 00 00 00  ................
96a0  00 00 00 00 00 00 00 00 00 00 00 00 00 00 00 00  ................
96b0  00 00 00 00 00 00 00 00 00 00 00 00 00 00 00 00  ................
96c0  00 00 00 00 00 00 00 00 00 00 00 00 00 00 00 00  ................
96d0  00 00 00 00 00 00 00 00 00 00 00 00 00 00 00 00  ................
96e0  00 00 00 00 00 00 00 00 00 00 00 00 00 00 00 00  ................
96f0  00 00 00 00 00 00 00 00 00 00 00 00 00 00 00 00  ................
9700  00 00 00 00 00 00 00 00 00 00 00 00 00 00 00 00  ................
9710  00 00 00 00 00 00 00 00 00 00 00 00 00 00 00 00  ................
9720  00 00 00 00 00 00 00 00 00 00 00 00 00 00 00 00  ................
9730  00 00 00 00 00 00 00 00 00 00 00 00 00 00 00 00  ................
9740  00 00 00 00 00 00 00 00 00 00 00 00 00 00 00 00  ................
9750  00 00 00 00 00 00 00 00 00 00 00 00 00 00 00 00  ................
9760  00 00 00 00 00 00 00 00 00 00 00 00 00 00 00 00  ................
9770  00 00 00 00 00 00 00 00 00 00 00 00 00 00 00 00  ................
9780  00 00 00 00 00 00 00 00 00 00 00 00 00 00 00 00  ................
9790  00 00 00 00 00 00 00 00 00 00 00 00 00 00 00 00  ................
97a0  00 00 00 00 00 00 00 00 00 00 00 00 00 00 00 00  ................
97b0  00 00 00 00 00 00 00 00 00 00 00 00 00 00 00 00  ................
97c0  00 00 00 00 00 00 00 00 00 00 00 00 00 00 00 00  ................
97d0  00 00 00 00 00 00 00 00 00 00 00 00 00 00 00 00  ................
97e0  00 00 00 00 00 00 00 00 00 00 00 00 00 00 00 00  ................
97f0  00 00 00 00 00 00 00 00 00 00 00 00 00 00 00 00  ................
9800  00 00 00 00 00 00 00 00 00 00 00 00 00 00 00 00  ................
9810  00 00 00 00 00 00 00 00 00 00 00 00 00 00 00 00  ................
9820  00 00 00 00 00 00 00 00 00 00 00 00 00 00 00 00  ................
9830  00 00 00 00 00 00 00 00 00 00 00 00 00 00 00 00  ................
9840  00 00 00 00 00 00 00 00 00 00 00 00 00 00 00 00  ................
9850  00 00 00 00 00 00 00 00 00 00 00 00 00 00 00 00  ................
9860  00 00 00 00 00 00 00 00 00 00 00 00 00 00 00 00  ................
9870  00 00 00 00 00 00 00 00 00 00 00 00 00 00 00 00  ................
9880  00 00 00 00 00 00 00 00 00 00 00 00 00 00 00 00  ................
9890  00 00 00 00 00 00 00 00 00 00 00 00 00 00 00 00  ................
98a0  00 00 00 00 00 00 00 00 00 00 00 00 00 00 00 00  ................
98b0  00 00 00 00 00 00 00 00 00 00 00 00 00 00 00 00  ................
98c0  00 00 00 00 00 00 00 00 00 00 00 00 00 00 00 00  ................
98d0  00 00 00 00 00 00 00 00 00 00 00 00 00 00 00 00  ................
98e0  00 00 00 00 00 00 00 00 00 00 00 00 00 00 00 00  ................
98f0  00 00 00 00 00 00 00 00 00 00 00 00 00 00 00 00  ................
9900  00 00 00 00 00 00 00 00 00 00 00 00 00 00 00 00  ................
9910  00 00 00 00 00 00 00 00 00 00 00 00 00 00 00 00  ................
9920  00 00 00 00 00 00 00 00 00 00 00 00 00 00 00 00  ................
9930  00 00 00 00 00 00 00 00 00 00 00 00 00 00 00 00  ................
9940  00 00 00 00 00 00 00 00 00 00 00 00 00 00 00 00  ................
9950  00 00 00 00 00 00 00 00 00 00 00 00 00 00 00 00  ................
9960  00 00 00 00 00 00 00 00 00 00 00 00 00 00 00 00  ................
9970  00 00 00 00 00 00 00 00 00 00 00 00 00 00 00 00  ................
9980  00 00 00 00 00 00 00 00 00 00 00 00 00 00 00 00  ................
9990  00 00 00 00 00 00 00 00 00 00 00 00 00 00 00 00  ................
99a0  00 00 00 00 00 00 00 00 00 00 00 00 00 00 00 00  ................
99b0  00 00 00 00 00 00 00 00 00 00 00 00 00 00 00 00  ................
99c0  00 00 00 00 00 00 00 00 00 00 00 00 00 00 00 00  ................
99d0  00 00 00 00 00 00 00 00 00 00 00 00 00 00 00 00  ................
99e0  00 00 00 00 00 00 00 00 00 00 00 00 00 00 00 00  ................
99f0  00 00 00 00 00 00 00 00 00 00 00 00 00 00 00 00  ................
9a00  00 00 00 00 00 00 00 00 00 00 00 00 00 00 00 00  ................
9a10  00 00 00 00 00 00 00 00 00 00 00 00 00 00 00 00  ................
9a20  00 00 00 00 00 00 00 00 00 00 00 00 00 00 00 00  ................
9a30  00 00 00 00 00 00 00 00 00 00 00 00 00 00 00 00  ................
9a40  00 00 00 00 00 00 00 00 00 00 00 00 00 00 00 00  ................
9a50  00 00 00 00 00 00 00 00 00 00 00 00 00 00 00 00  ................
9a60  00 00 00 00 00 00 00 00 00 00 00 00 00 00 00 00  ................
9a70  00 00 00 00 00 00 00 00 00 00 00 00 00 00 00 00  ................
9a80  00 00 00 00 00 00 00 00 00 00 00 00 00 00 00 00  ................
9a90  00 00 00 00 00 00 00 00 00 00 00 00 00 00 00 00  ................
9aa0  00 00 00 00 00 00 00 00 00 00 00 00 00 00 00 00  ................
9ab0  00 00 00 00 00 00 00 00 00 00 00 00 00 00 00 00  ................
9ac0  00 00 00 00 00 00 00 00 00 00 00 00 00 00 00 00  ................
9ad0  00 00 00 00 00 00 00 00 00 00 00 00 00 00 00 00  ................
9ae0  00 00 00 00 00 00 00 00 00 00 00 00 00 00 00 00  ................
9af0  00 00 00 00 00 00 00 00 00 00 00 00 00 00 00 00  ................
9b00  00 00 00 00 00 00 00 00 00 00 00 00 00 00 00 00  ................
9b10  00 00 00 00 00 00 00 00 00 00 00 00 00 00 00 00  ................
9b20  00 00 00 00 00 00 00 00 00 00 00 00 00 00 00 00  ................
9b30  00 00 00 00 00 00 00 00 00 00 00 00 00 00 00 00  ................
9b40  00 00 00 00 00 00 00 00 00 00 00 00 00 00 00 00  ................
9b50  00 00 00 00 00 00 00 00 00 00 00 00 00 00 00 00  ................
9b60  00 00 00 00 00 00 00 00 00 00 00 00 00 00 00 00  ................
9b70  00 00 00 00 00 00 00 00 00 00 00 00 00 00 00 00  ................
9b80  00 00 00 00 00 00 00 00 00 00 00 00 00 00 00 00  ................
9b90  00 00 00 00 00 00 00 00 00 00 00 00 00 00 00 00  ................
9ba0  00 00 00 00 00 00 00 00 00 00 00 00 00 00 00 00  ................
9bb0  00 00 00 00 00 00 00 00 00 00 00 00 00 00 00 00  ................
9bc0  00 00 00 00 00 00 00 00 00 00 00 00 00 00 00 00  ................
9bd0  00 00 00 00 00 00 00 00 00 00 00 00 00 00 00 00  ................
9be0  00 00 00 00 00 00 00 00 00 00 00 00 00 00 00 00  ................
9bf0  00 00 00 00 00 00 00 00 00 00 00 00 00 00 00 00  ................
9c00  00 00 00 00 00 00 00 00 00 00 00 00 00 00 00 00  ................
9c10  00 00 00 00 00 00 00 00 00 00 00 00 00 00 00 00  ................
9c20  00 00 00 00 00 00 00 00 00 00 00 00 00 00 00 00  ................
9c30  00 00 00 00 00 00 00 00 00 00 00 00 00 00 00 00  ................
9c40  00 00 00 00 00 00 00 00 00 00 00 00 00 00 00 00  ................
9c50  00 00 00 00 00 00 00 00 00 00 00 00 00 00 00 00  ................
9c60  00 00 00 00 00 00 00 00 00 00 00 00 00 00 00 00  ................
9c70  00 00 00 00 00 00 00 00 00 00 00 00 00 00 00 00  ................
9c80  00 00 00 00 00 00 00 00 00 00 00 00 00 00 00 00  ................
9c90  00 00 00 00 00 00 00 00 00 00 00 00 00 00 00 00  ................
9ca0  00 00 00 00 00 00 00 00 00 00 00 00 00 00 00 00  ................
9cb0  00 00 00 00 00 00 00 00 00 00 00 00 00 00 00 00  ................
9cc0  00 00 00 00 00 00 00 00 00 00 00 00 00 00 00 00  ................
9cd0  00 00 00 00 00 00 00 00 00 00 00 00 00 00 00 00  ................
9ce0  00 00 00 00 00 00 00 00 00 00 00 00 00 00 00 00  ................
9cf0  00 00 00 00 00 00 00 00 00 00 00 00 00 00 00 00  ................
9d00  00 00 00 00 00 00 00 00 00 00 00 00 00 00 00 00  ................
9d10  00 00 00 00 00 00 00 00 00 00 00 00 00 00 00 00  ................
9d20  00 00 00 00 00 00 00 00 00 00 00 00 00 00 00 00  ................
9d30  00 00 00 00 00 00 00 00 00 00 00 00 00 00 00 00  ................
9d40  00 00 00 00 00 00 00 00 00 00 00 00 00 00 00 00  ................
9d50  00 00 00 00 00 00 00 00 00 00 00 00 00 00 00 00  ................
9d60  00 00 00 00 00 00 00 00 00 00 00 00 00 00 00 00  ................
9d70  00 00 00 00 00 00 00 00 00 00 00 00 00 00 00 00  ................
9d80  00 00 00 00 00 00 00 00 00 00 00 00 00 00 00 00  ................
9d90  00 00 00 00 00 00 00 00 00 00 00 00 00 00 00 00  ................
9da0  00 00 00 00 00 00 00 00 00 00 00 00 00 00 00 00  ................
9db0  00 00 00 00 00 00 00 00 00 00 00 00 00 00 00 00  ................
9dc0  00 00 00 00 00 00 00 00 00 00 00 00 00 00 00 00  ................
9dd0  00 00 00 00 00 00 00 00 00 00 00 00 00 00 00 00  ................
9de0  00 00 00 00 00 00 00 00 00 00 00 00 00 00 00 00  ................
9df0  00 00 00 00 00 00 00 00 00 00 00 00 00 00 00 00  ................
9e00  00 00 00 00 00 00 00 00 00 00 00 00 00 00 00 00  ................
9e10  00 00 00 00 00 00 00 00 00 00 00 00 00 00 00 00  ................
9e20  00 00 00 00 00 00 00 00 00 00 00 00 00 00 00 00  ................
9e30  00 00 00 00 00 00 00 00 00 00 00 00 00 00 00 00  ................
9e40  00 00 00 00 00 00 00 00 00 00 00 00 00 00 00 00  ................
9e50  00 00 00 00 00 00 00 00 00 00 00 00 00 00 00 00  ................
9e60  00 00 00 00 00 00 00 00 00 00 00 00 00 00 00 00  ................
9e70  00 00 00 00 00 00 00 00 00 00 00 00 00 00 00 00  ................
9e80  00 00 00 00 00 00 00 00 00 00 00 00 00 00 00 00  ................
9e90  00 00 00 00 00 00 00 00 00 00 00 00 00 00 00 00  ................
9ea0  00 00 00 00 00 00 00 00 00 00 00 00 00 00 00 00  ................
9eb0  00 00 00 00 00 00 00 00 00 00 00 00 00 00 00 00  ................
9ec0  00 00 00 00 00 00 00 00 00 00 00 00 00 00 00 00  ................
9ed0  00 00 00 00 00 00 00 00 00 00 00 00 00 00 00 00  ................
9ee0  00 00 00 00 00 00 00 00 00 00 00 00 00 00 00 00  ................
9ef0  00 00 00 00 00 00 00 00 00 00 00 00 00 00 00 00  ................
9f00  00 00 00 00 00 00 00 00 00 00 00 00 00 00 00 00  ................
9f10  00 00 00 00 00 00 00 00 00 00 00 00 00 00 00 00  ................
9f20  00 00 00 00 00 00 00 00 00 00 00 00 00 00 00 00  ................
9f30  00 00 00 00 00 00 00 00 00 00 00 00 00 00 00 00  ................
9f40  00 00 00 00 00 00 00 00 00 00 00 00 00 00 00 00  ................
9f50  00 00 00 00 00 00 00 00 00 00 00 00 00 00 00 00  ................
9f60  00 00 00 00 00 00 00 00 00 00 00 00 00 00 00 00  ................
9f70  00 00 00 00 00 00 00 00 00 00 00 00 00 00 00 00  ................
9f80  00 00 00 00 00 00 00 00 00 00 00 00 00 00 00 00  ................
9f90  00 00 00 00 00 00 00 00 00 00 00 00 00 00 00 00  ................
9fa0  00 00 00 00 00 00 00 00 00 00 00 00 00 00 00 00  ................
9fb0  00 00 00 00 00 00 00 00 00 00 00 00 00 00 00 00  ................
9fc0  00 00 00 00 00 00 00 00 00 00 00 00 00 00 00 00  ................
9fd0  00 00 00 00 00 00 00 00 00 00 00 00 00 00 00 00  ................
9fe0  00 00 00 00 00 00 00 00 00 00 00 00 00 00 00 00  ................
9ff0  00 00 00 00 00 00 00 00 00 00 00 00 00 00 00 00  ................
a000  00 00 00 00 00 00 00 00 00 00 00 00 00 00 00 00  ................
a010  00 00 00 00 00 00 00 00 00 00 00 00 00 00 00 00  ................
a020  00 00 00 00 00 00 00 00 00 00 00 00 00 00 00 00  ................
a030  00 00 00 00 00 00 00 00 00 00 00 00 00 00 00 00  ................
a040  00 00 00 00 00 00 00 00 00 00 00 00 00 00 00 00  ................
a050  00 00 00 00 00 00 00 00 00 00 00 00 00 00 00 00  ................
a060  00 00 00 00 00 00 00 00 00 00 00 00 00 00 00 00  ................
a070  00 00 00 00 00 00 00 00 00 00 00 00 00 00 00 00  ................
a080  00 00 00 00 00 00 00 00 00 00 00 00 00 00 00 00  ................
a090  00 00 00 00 00 00 00 00 00 00 00 00 00 00 00 00  ................
a0a0  00 00 00 00 00 00 00 00 00 00 00 00 00 00 00 00  ................
a0b0  00 00 00 00 00 00 00 00 00 00 00 00 00 00 00 00  ................
a0c0  00 00 00 00 00 00 00 00 00 00 00 00 00 00 00 00  ................
a0d0  00 00 00 00 00 00 00 00 00 00 00 00 00 00 00 00  ................
a0e0  00 00 00 00 00 00 00 00 00 00 00 00 00 00 00 00  ................
a0f0  00 00 00 00 00 00 00 00 00 00 00 00 00 00 00 00  ................
a100  00 00 00 00 00 00 00 00 00 00 00 00 00 00 00 00  ................
a110  00 00 00 00 00 00 00 00 00 00 00 00 00 00 00 00  ................
a120  00 00 00 00 00 00 00 00 00 00 00 00 00 00 00 00  ................
a130  00 00 00 00 00 00 00 00 00 00 00 00 00 00 00 00  ................
a140  00 00 00 00 00 00 00 00 00 00 00 00 00 00 00 00  ................
a150  00 00 00 00 00 00 00 00 00 00 00 00 00 00 00 00  ................
a160  00 00 00 00 00 00 00 00 00 00 00 00 00 00 00 00  ................
a170  00 00 00 00 00 00 00 00 00 00 00 00 00 00 00 00  ................
a180  00 00 00 00 00 00 00 00 00 00 00 00 00 00 00 00  ................
a190  00 00 00 00 00 00 00 00 00 00 00 00 00 00 00 00  ................
a1a0  00 00 00 00 00 00 00 00 00 00 00 00 00 00 00 00  ................
a1b0  00 00 00 00 00 00 00 00 00 00 00 00 00 00 00 00  ................
a1c0  00 00 00 00 00 00 00 00 00 00 00 00 00 00 00 00  ................
a1d0  00 00 00 00 00 00 00 00 00 00 00 00 00 00 00 00  ................
a1e0  00 00 00 00 00 00 00 00 00 00 00 00 00 00 00 00  ................
a1f0  00 00 00 00 00 00 00 00 00 00 00 00 00 00 00 00  ................
a200  00 00 00 00 00 00 00 00 00 00 00 00 00 00 00 00  ................
a210  00 00 00 00 00 00 00 00 00 00 00 00 00 00 00 00  ................
a220  00 00 00 00 00 00 00 00 00 00 00 00 00 00 00 00  ................
a230  00 00 00 00 00 00 00 00 00 00 00 00 00 00 00 00  ................
a240  00 00 00 00 00 00 00 00 00 00 00 00 00 00 00 00  ................
a250  00 00 00 00 00 00 00 00 00 00 00 00 00 00 00 00  ................
a260  00 00 00 00 00 00 00 00 00 00 00 00 00 00 00 00  ................
a270  00 00 00 00 00 00 00 00 00 00 00 00 00 00 00 00  ................
a280  00 00 00 00 00 00 00 00 00 00 00 00 00 00 00 00  ................
a290  00 00 00 00 00 00 00 00 00 00 00 00 00 00 00 00  ................
a2a0  00 00 00 00 00 00 00 00 00 00 00 00 00 00 00 00  ................
a2b0  00 00 00 00 00 00 00 00 00 00 00 00 00 00 00 00  ................
a2c0  00 00 00 00 00 00 00 00 00 00 00 00 00 00 00 00  ................
a2d0  00 00 00 00 00 00 00 00 00 00 00 00 00 00 00 00  ................
a2e0  00 00 00 00 00 00 00 00 00 00 00 00 00 00 00 00  ................
a2f0  00 00 00 00 00 00 00 00 00 00 00 00 00 00 00 00  ................
a300  00 00 00 00 00 00 00 00 00 00 00 00 00 00 00 00  ................
a310  00 00 00 00 00 00 00 00 00 00 00 00 00 00 00 00  ................
a320  00 00 00 00 00 00 00 00 00 00 00 00 00 00 00 00  ................
a330  00 00 00 00 00 00 00 00 00 00 00 00 00 00 00 00  ................
a340  00 00 00 00 00 00 00 00 00 00 00 00 00 00 00 00  ................
a350  00 00 00 00 00 00 00 00 00 00 00 00 00 00 00 00  ................
a360  00 00 00 00 00 00 00 00 00 00 00 00 00 00 00 00  ................
a370  00 00 00 00 00 00 00 00 00 00 00 00 00 00 00 00  ................
a380  00 00 00 00 00 00 00 00 00 00 00 00 00 00 00 00  ................
a390  00 00 00 00 00 00 00 00 00 00 00 00 00 00 00 00  ................
a3a0  00 00 00 00 00 00 00 00 00 00 00 00 00 00 00 00  ................
a3b0  00 00 00 00 00 00 00 00 00 00 00 00 00 00 00 00  ................
a3c0  00 00 00 00 00 00 00 00 00 00 00 00 00 00 00 00  ................
a3d0  00 00 00 00 00 00 00 00 00 00 00 00 00 00 00 00  ................
a3e0  00 00 00 00 00 00 00 00 00 00 00 00 00 00 00 00  ................
a3f0  00 00 00 00 00 00 00 00 00 00 00 00 00 00 00 00  ................
a400  00 00 00 00 00 00 00 00 00 00 00 00 00 00 00 00  ................
a410  00 00 00 00 00 00 00 00 00 00 00 00 00 00 00 00  ................
a420  00 00 00 00 00 00 00 00 00 00 00 00 00 00 00 00  ................
a430  00 00 00 00 00 00 00 00 00 00 00 00 00 00 00 00  ................
a440  00 00 00 00 00 00 00 00 00 00 00 00 00 00 00 00  ................
a450  00 00 00 00 00 00 00 00 00 00 00 00 00 00 00 00  ................
a460  00 00 00 00 00 00 00 00 00 00 00 00 00 00 00 00  ................
a470  00 00 00 00 00 00 00 00 00 00 00 00 00 00 00 00  ................
a480  00 00 00 00 00 00 00 00 00 00 00 00 00 00 00 00  ................
a490  00 00 00 00 00 00 00 00 00 00 00 00 00 00 00 00  ................
a4a0  00 00 00 00 00 00 00 00 00 00 00 00 00 00 00 00  ................
a4b0  00 00 00 00 00 00 00 00 00 00 00 00 00 00 00 00  ................
a4c0  00 00 00 00 00 00 00 00 00 00 00 00 00 00 00 00  ................
a4d0  00 00 00 00 00 00 00 00 00 00 00 00 00 00 00 00  ................
a4e0  00 00 00 00 00 00 00 00 00 00 00 00 00 00 00 00  ................
a4f0  00 00 00 00 00 00 00 00 00 00 00 00 00 00 00 00  ................
a500  00 00 00 00 00 00 00 00 00 00 00 00 00 00 00 00  ................
a510  00 00 00 00 00 00 00 00 00 00 00 00 00 00 00 00  ................
a520  00 00 00 00 00 00 00 00 00 00 00 00 00 00 00 00  ................
a530  00 00 00 00 00 00 00 00 00 00 00 00 00 00 00 00  ................
a540  00 00 00 00 00 00 00 00 00 00 00 00 00 00 00 00  ................
a550  00 00 00 00 00 00 00 00 00 00 00 00 00 00 00 00  ................
a560  00 00 00 00 00 00 00 00 00 00 00 00 00 00 00 00  ................
a570  00 00 00 00 00 00 00 00 00 00 00 00 00 00 00 00  ................
a580  00 00 00 00 00 00 00 00 00 00 00 00 00 00 00 00  ................
a590  00 00 00 00 00 00 00 00 00 00 00 00 00 00 00 00  ................
a5a0  00 00 00 00 00 00 00 00 00 00 00 00 00 00 00 00  ................
a5b0  00 00 00 00 00 00 00 00 00 00 00 00 00 00 00 00  ................
a5c0  00 00 00 00 00 00 00 00 00 00 00 00 00 00 00 00  ................
a5d0  00 00 00 00 00 00 00 00 00 00 00 00 00 00 00 00  ................
a5e0  00 00 00 00 00 00 00 00 00 00 00 00 00 00 00 00  ................
a5f0  00 00 00 00 00 00 00 00 00 00 00 00 00 00 00 00  ................
a600  00 00 00 00 00 00 00 00 00 00 00 00 00 00 00 00  ................
a610  00 00 00 00 00 00 00 00 00 00 00 00 00 00 00 00  ................
a620  00 00 00 00 00 00 00 00 00 00 00 00 00 00 00 00  ................
a630  00 00 00 00 00 00 00 00 00 00 00 00 00 00 00 00  ................
a640  00 00 00 00 00 00 00 00 00 00 00 00 00 00 00 00  ................
a650  00 00 00 00 00 00 00 00 00 00 00 00 00 00 00 00  ................
a660  00 00 00 00 00 00 00 00 00 00 00 00 00 00 00 00  ................
a670  00 00 00 00 00 00 00 00 00 00 00 00 00 00 00 00  ................
a680  00 00 00 00 00 00 00 00 00 00 00 00 00 00 00 00  ................
a690  00 00 00 00 00 00 00 00 00 00 00 00 00 00 00 00  ................
a6a0  00 00 00 00 00 00 00 00 00 00 00 00 00 00 00 00  ................
a6b0  00 00 00 00 00 00 00 00 00 00 00 00 00 00 00 00  ................
a6c0  00 00 00 00 00 00 00 00 00 00 00 00 00 00 00 00  ................
a6d0  00 00 00 00 00 00 00 00 00 00 00 00 00 00 00 00  ................
a6e0  00 00 00 00 00 00 00 00 00 00 00 00 00 00 00 00  ................
a6f0  00 00 00 00 00 00 00 00 00 00 00 00 00 00 00 00  ................
a700  00 00 00 00 00 00 00 00 00 00 00 00 00 00 00 00  ................
a710  00 00 00 00 00 00 00 00 00 00 00 00 00 00 00 00  ................
a720  00 00 00 00 00 00 00 00 00 00 00 00 00 00 00 00  ................
a730  00 00 00 00 00 00 00 00 00 00 00 00 00 00 00 00  ................
a740  00 00 00 00 00 00 00 00 00 00 00 00 00 00 00 00  ................
a750  00 00 00 00 00 00 00 00 00 00 00 00 00 00 00 00  ................
a760  00 00 00 00 00 00 00 00 00 00 00 00 00 00 00 00  ................
a770  00 00 00 00 00 00 00 00 00 00 00 00 00 00 00 00  ................
a780  00 00 00 00 00 00 00 00 00 00 00 00 00 00 00 00  ................
a790  00 00 00 00 00 00 00 00 00 00 00 00 00 00 00 00  ................
a7a0  00 00 00 00 00 00 00 00 00 00 00 00 00 00 00 00  ................
a7b0  00 00 00 00 00 00 00 00 00 00 00 00 00 00 00 00  ................
a7c0  00 00 00 00 00 00 00 00 00 00 00 00 00 00 00 00  ................
a7d0  00 00 00 00 00 00 00 00 00 00 00 00 00 00 00 00  ................
a7e0  00 00 00 00 00 00 00 00 00 00 00 00 00 00 00 00  ................
a7f0  00 00 00 00 00 00 00 00 00 00 00 00 00 00 00 00  ................
a800  00 00 00 00 00 00 00 00 00 00 00 00 00 00 00 00  ................
a810  00 00 00 00 00 00 00 00 00 00 00 00 00 00 00 00  ................
a820  00 00 00 00 00 00 00 00 00 00 00 00 00 00 00 00  ................
a830  00 00 00 00 00 00 00 00 00 00 00 00 00 00 00 00  ................
a840  00 00 00 00 00 00 00 00 00 00 00 00 00 00 00 00  ................
a850  00 00 00 00 00 00 00 00 00 00 00 00 00 00 00 00  ................
a860  00 00 00 00 00 00 00 00 00 00 00 00 00 00 00 00  ................
a870  00 00 00 00 00 00 00 00 00 00 00 00 00 00 00 00  ................
a880  00 00 00 00 00 00 00 00 00 00 00 00 00 00 00 00  ................
a890  00 00 00 00 00 00 00 00 00 00 00 00 00 00 00 00  ................
a8a0  00 00 00 00 00 00 00 00 00 00 00 00 00 00 00 00  ................
a8b0  00 00 00 00 00 00 00 00 00 00 00 00 00 00 00 00  ................
a8c0  00 00 00 00 00 00 00 00 00 00 00 00 00 00 00 00  ................
a8d0  00 00 00 00 00 00 00 00 00 00 00 00 00 00 00 00  ................
a8e0  00 00 00 00 00 00 00 00 00 00 00 00 00 00 00 00  ................
a8f0  00 00 00 00 00 00 00 00 00 00 00 00 00 00 00 00  ................
a900  00 00 00 00 00 00 00 00 00 00 00 00 00 00 00 00  ................
a910  00 00 00 00 00 00 00 00 00 00 00 00 00 00 00 00  ................
a920  00 00 00 00 00 00 00 00 00 00 00 00 00 00 00 00  ................
a930  00 00 00 00 00 00 00 00 00 00 00 00 00 00 00 00  ................
a940  00 00 00 00 00 00 00 00 00 00 00 00 00 00 00 00  ................
a950  00 00 00 00 00 00 00 00 00 00 00 00 00 00 00 00  ................
a960  00 00 00 00 00 00 00 00 00 00 00 00 00 00 00 00  ................
a970  00 00 00 00 00 00 00 00 00 00 00 00 00 00 00 00  ................
a980  00 00 00 00 00 00 00 00 00 00 00 00 00 00 00 00  ................
a990  00 00 00 00 00 00 00 00 00 00 00 00 00 00 00 00  ................
a9a0  00 00 00 00 00 00 00 00 00 00 00 00 00 00 00 00  ................
a9b0  00 00 00 00 00 00 00 00 00 00 00 00 00 00 00 00  ................
a9c0  00 00 00 00 00 00 00 00 00 00 00 00 00 00 00 00  ................
a9d0  00 00 00 00 00 00 00 00 00 00 00 00 00 00 00 00  ................
a9e0  00 00 00 00 00 00 00 00 00 00 00 00 00 00 00 00  ................
a9f0  00 00 00 00 00 00 00 00 00 00 00 00 00 00 00 00  ................
aa00  00 00 00 00 00 00 00 00 00 00 00 00 00 00 00 00  ................
aa10  00 00 00 00 00 00 00 00 00 00 00 00 00 00 00 00  ................
aa20  00 00 00 00 00 00 00 00 00 00 00 00 00 00 00 00  ................
aa30  00 00 00 00 00 00 00 00 00 00 00 00 00 00 00 00  ................
aa40  00 00 00 00 00 00 00 00 00 00 00 00 00 00 00 00  ................
aa50  00 00 00 00 00 00 00 00 00 00 00 00 00 00 00 00  ................
aa60  00 00 00 00 00 00 00 00 00 00 00 00 00 00 00 00  ................
aa70  00 00 00 00 00 00 00 00 00 00 00 00 00 00 00 00  ................
aa80  00 00 00 00 00 00 00 00 00 00 00 00 00 00 00 00  ................
aa90  00 00 00 00 00 00 00 00 00 00 00 00 00 00 00 00  ................
aaa0  00 00 00 00 00 00 00 00 00 00 00 00 00 00 00 00  ................
aab0  00 00 00 00 00 00 00 00 00 00 00 00 00 00 00 00  ................
aac0  00 00 00 00 00 00 00 00 00 00 00 00 00 00 00 00  ................
aad0  00 00 00 00 00 00 00 00 00 00 00 00 00 00 00 00  ................
aae0  00 00 00 00 00 00 00 00 00 00 00 00 00 00 00 00  ................
aaf0  00 00 00 00 00 00 00 00 00 00 00 00 00 00 00 00  ................
ab00  00 00 00 00 00 00 00 00 00 00 00 00 00 00 00 00  ................
ab10  00 00 00 00 00 00 00 00 00 00 00 00 00 00 00 00  ................
ab20  00 00 00 00 00 00 00 00 00 00 00 00 00 00 00 00  ................
ab30  00 00 00 00 00 00 00 00 00 00 00 00 00 00 00 00  ................
ab40  00 00 00 00 00 00 00 00 00 00 00 00 00 00 00 00  ................
ab50  00 00 00 00 00 00 00 00 00 00 00 00 00 00 00 00  ................
ab60  00 00 00 00 00 00 00 00 00 00 00 00 00 00 00 00  ................
ab70  00 00 00 00 00 00 00 00 00 00 00 00 00 00 00 00  ................
ab80  00 00 00 00 00 00 00 00 00 00 00 00 00 00 00 00  ................
ab90  00 00 00 00 00 00 00 00 00 00 00 00 00 00 00 00  ................
aba0  00 00 00 00 00 00 00 00 00 00 00 00 00 00 00 00  ................
abb0  00 00 00 00 00 00 00 00 00 00 00 00 00 00 00 00  ................
abc0  00 00 00 00 00 00 00 00 00 00 00 00 00 00 00 00  ................
abd0  00 00 00 00 00 00 00 00 00 00 00 00 00 00 00 00  ................
abe0  00 00 00 00 00 00 00 00 00 00 00 00 00 00 00 00  ................
abf0  00 00 00 00 00 00 00 00 00 00 00 00 00 00 00 00  ................
ac00  00 00 00 00 00 00 00 00 00 00 00 00 00 00 00 00  ................
ac10  00 00 00 00 00 00 00 00 00 00 00 00 00 00 00 00  ................
ac20  00 00 00 00 00 00 00 00 00 00 00 00 00 00 00 00  ................
ac30  00 00 00 00 00 00 00 00 00 00 00 00 00 00 00 00  ................
ac40  00 00 00 00 00 00 00 00 00 00 00 00 00 00 00 00  ................
ac50  00 00 00 00 00 00 00 00 00 00 00 00 00 00 00 00  ................
ac60  00 00 00 00 00 00 00 00 00 00 00 00 00 00 00 00  ................
ac70  00 00 00 00 00 00 00 00 00 00 00 00 00 00 00 00  ................
ac80  00 00 00 00 00 00 00 00 00 00 00 00 00 00 00 00  ................
ac90  00 00 00 00 00 00 00 00 00 00 00 00 00 00 00 00  ................
aca0  00 00 00 00 00 00 00 00 00 00 00 00 00 00 00 00  ................
acb0  00 00 00 00 00 00 00 00 00 00 00 00 00 00 00 00  ................
acc0  00 00 00 00 00 00 00 00 00 00 00 00 00 00 00 00  ................
acd0  00 00 00 00 00 00 00 00 00 00 00 00 00 00 00 00  ................
ace0  00 00 00 00 00 00 00 00 00 00 00 00 00 00 00 00  ................
acf0  00 00 00 00 00 00 00 00 00 00 00 00 00 00 00 00  ................
ad00  00 00 00 00 00 00 00 00 00 00 00 00 00 00 00 00  ................
ad10  00 00 00 00 00 00 00 00 00 00 00 00 00 00 00 00  ................
ad20  00 00 00 00 00 00 00 00 00 00 00 00 00 00 00 00  ................
ad30  00 00 00 00 00 00 00 00 00 00 00 00 00 00 00 00  ................
ad40  00 00 00 00 00 00 00 00 00 00 00 00 00 00 00 00  ................
ad50  00 00 00 00 00 00 00 00 00 00 00 00 00 00 00 00  ................
ad60  00 00 00 00 00 00 00 00 00 00 00 00 00 00 00 00  ................
ad70  00 00 00 00 00 00 00 00 00 00 00 00 00 00 00 00  ................
ad80  00 00 00 00 00 00 00 00 00 00 00 00 00 00 00 00  ................
ad90  00 00 00 00 00 00 00 00 00 00 00 00 00 00 00 00  ................
ada0  00 00 00 00 00 00 00 00 00 00 00 00 00 00 00 00  ................
adb0  00 00 00 00 00 00 00 00 00 00 00 00 00 00 00 00  ................
adc0  00 00 00 00 00 00 00 00 00 00 00 00 00 00 00 00  ................
add0  00 00 00 00 00 00 00 00 00 00 00 00 00 00 00 00  ................
ade0  00 00 00 00 00 00 00 00 00 00 00 00 00 00 00 00  ................
adf0  00 00 00 00 00 00 00 00 00 00 00 00 00 00 00 00  ................
ae00  00 00 00 00 00 00 00 00 00 00 00 00 00 00 00 00  ................
ae10  00 00 00 00 00 00 00 00 00 00 00 00 00 00 00 00  ................
ae20  00 00 00 00 00 00 00 00 00 00 00 00 00 00 00 00  ................
ae30  00 00 00 00 00 00 00 00 00 00 00 00 00 00 00 00  ................
ae40  00 00 00 00 00 00 00 00 00 00 00 00 00 00 00 00  ................
ae50  00 00 00 00 00 00 00 00 00 00 00 00 00 00 00 00  ................
ae60  00 00 00 00 00 00 00 00 00 00 00 00 00 00 00 00  ................
ae70  00 00 00 00 00 00 00 00 00 00 00 00 00 00 00 00  ................
ae80  00 00 00 00 00 00 00 00 00 00 00 00 00 00 00 00  ................
ae90  00 00 00 00 00 00 00 00 00 00 00 00 00 00 00 00  ................
aea0  00 00 00 00 00 00 00 00 00 00 00 00 00 00 00 00  ................
aeb0  00 00 00 00 00 00 00 00 00 00 00 00 00 00 00 00  ................
aec0  00 00 00 00 00 00 00 00 00 00 00 00 00 00 00 00  ................
aed0  00 00 00 00 00 00 00 00 00 00 00 00 00 00 00 00  ................
aee0  00 00 00 00 00 00 00 00 00 00 00 00 00 00 00 00  ................
aef0  00 00 00 00 00 00 00 00 00 00 00 00 00 00 00 00  ................
af00  00 00 00 00 00 00 00 00 00 00 00 00 00 00 00 00  ................
af10  00 00 00 00 00 00 00 00 00 00 00 00 00 00 00 00  ................
af20  00 00 00 00 00 00 00 00 00 00 00 00 00 00 00 00  ................
af30  00 00 00 00 00 00 00 00 00 00 00 00 00 00 00 00  ................
af40  00 00 00 00 00 00 00 00 00 00 00 00 00 00 00 00  ................
af50  00 00 00 00 00 00 00 00 00 00 00 00 00 00 00 00  ................
af60  00 00 00 00 00 00 00 00 00 00 00 00 00 00 00 00  ................
af70  00 00 00 00 00 00 00 00 00 00 00 00 00 00 00 00  ................
af80  00 00 00 00 00 00 00 00 00 00 00 00 00 00 00 00  ................
af90  00 00 00 00 00 00 00 00 00 00 00 00 00 00 00 00  ................
afa0  00 00 00 00 00 00 00 00 00 00 00 00 00 00 00 00  ................
afb0  00 00 00 00 00 00 00 00 00 00 00 00 00 00 00 00  ................
afc0  00 00 00 00 00 00 00 00 00 00 00 00 00 00 00 00  ................
afd0  00 00 00 00 00 00 00 00 00 00 00 00 00 00 00 00  ................
afe0  00 00 00 00 00 00 00 00 00 00 00 00 00 00 00 00  ................
aff0  00 00 00 00 00 00 00 00 00 00 00 00 00 00 00 00  ................
b000  00 00 00 00 00 00 00 00 00 00 00 00 00 00 00 00  ................
b010  00 00 00 00 00 00 00 00 00 00 00 00 00 00 00 00  ................
b020  00 00 00 00 00 00 00 00 00 00 00 00 00 00 00 00  ................
b030  00 00 00 00 00 00 00 00 00 00 00 00 00 00 00 00  ................
b040  00 00 00 00 00 00 00 00 00 00 00 00 00 00 00 00  ................
b050  00 00 00 00 00 00 00 00 00 00 00 00 00 00 00 00  ................
b060  00 00 00 00 00 00 00 00 00 00 00 00 00 00 00 00  ................
b070  00 00 00 00 00 00 00 00 00 00 00 00 00 00 00 00  ................
b080  00 00 00 00 00 00 00 00 00 00 00 00 00 00 00 00  ................
b090  00 00 00 00 00 00 00 00 00 00 00 00 00 00 00 00  ................
b0a0  00 00 00 00 00 00 00 00 00 00 00 00 00 00 00 00  ................
b0b0  00 00 00 00 00 00 00 00 00 00 00 00 00 00 00 00  ................
b0c0  00 00 00 00 00 00 00 00 00 00 00 00 00 00 00 00  ................
b0d0  00 00 00 00 00 00 00 00 00 00 00 00 00 00 00 00  ................
b0e0  00 00 00 00 00 00 00 00 00 00 00 00 00 00 00 00  ................
b0f0  00 00 00 00 00 00 00 00 00 00 00 00 00 00 00 00  ................
b100  00 00 00 00 00 00 00 00 00 00 00 00 00 00 00 00  ................
b110  00 00 00 00 00 00 00 00 00 00 00 00 00 00 00 00  ................
b120  00 00 00 00 00 00 00 00 00 00 00 00 00 00 00 00  ................
b130  00 00 00 00 00 00 00 00 00 00 00 00 00 00 00 00  ................
b140  00 00 00 00 00 00 00 00 00 00 00 00 00 00 00 00  ................
b150  00 00 00 00 00 00 00 00 00 00 00 00 00 00 00 00  ................
b160  00 00 00 00 00 00 00 00 00 00 00 00 00 00 00 00  ................
b170  00 00 00 00 00 00 00 00 00 00 00 00 00 00 00 00  ................
b180  00 00 00 00 00 00 00 00 00 00 00 00 00 00 00 00  ................
b190  00 00 00 00 00 00 00 00 00 00 00 00 00 00 00 00  ................
b1a0  00 00 00 00 00 00 00 00 00 00 00 00 00 00 00 00  ................
b1b0  00 00 00 00 00 00 00 00 00 00 00 00 00 00 00 00  ................
b1c0  00 00 00 00 00 00 00 00 00 00 00 00 00 00 00 00  ................
b1d0  00 00 00 00 00 00 00 00 00 00 00 00 00 00 00 00  ................
b1e0  00 00 00 00 00 00 00 00 00 00 00 00 00 00 00 00  ................
b1f0  00 00 00 00 00 00 00 00 00 00 00 00 00 00 00 00  ................
b200  00 00 00 00 00 00 00 00 00 00 00 00 00 00 00 00  ................
b210  00 00 00 00 00 00 00 00 00 00 00 00 00 00 00 00  ................
b220  00 00 00 00 00 00 00 00 00 00 00 00 00 00 00 00  ................
b230  00 00 00 00 00 00 00 00 00 00 00 00 00 00 00 00  ................
b240  00 00 00 00 00 00 00 00 00 00 00 00 00 00 00 00  ................
b250  00 00 00 00 00 00 00 00 00 00 00 00 00 00 00 00  ................
b260  00 00 00 00 00 00 00 00 00 00 00 00 00 00 00 00  ................
b270  00 00 00 00 00 00 00 00 00 00 00 00 00 00 00 00  ................
b280  00 00 00 00 00 00 00 00 00 00 00 00 00 00 00 00  ................
b290  00 00 00 00 00 00 00 00 00 00 00 00 00 00 00 00  ................
b2a0  00 00 00 00 00 00 00 00 00 00 00 00 00 00 00 00  ................
b2b0  00 00 00 00 00 00 00 00 00 00 00 00 00 00 00 00  ................
b2c0  00 00 00 00 00 00 00 00 00 00 00 00 00 00 00 00  ................
b2d0  00 00 00 00 00 00 00 00 00 00 00 00 00 00 00 00  ................
b2e0  00 00 00 00 00 00 00 00 00 00 00 00 00 00 00 00  ................
b2f0  00 00 00 00 00 00 00 00 00 00 00 00 00 00 00 00  ................
b300  00 00 00 00 00 00 00 00 00 00 00 00 00 00 00 00  ................
b310  00 00 00 00 00 00 00 00 00 00 00 00 00 00 00 00  ................
b320  00 00 00 00 00 00 00 00 00 00 00 00 00 00 00 00  ................
b330  00 00 00 00 00 00 00 00 00 00 00 00 00 00 00 00  ................
b340  00 00 00 00 00 00 00 00 00 00 00 00 00 00 00 00  ................
b350  00 00 00 00 00 00 00 00 00 00 00 00 00 00 00 00  ................
b360  00 00 00 00 00 00 00 00 00 00 00 00 00 00 00 00  ................
b370  00 00 00 00 00 00 00 00 00 00 00 00 00 00 00 00  ................
b380  00 00 00 00 00 00 00 00 00 00 00 00 00 00 00 00  ................
b390  00 00 00 00 00 00 00 00 00 00 00 00 00 00 00 00  ................
b3a0  00 00 00 00 00 00 00 00 00 00 00 00 00 00 00 00  ................
b3b0  00 00 00 00 00 00 00 00 00 00 00 00 00 00 00 00  ................
b3c0  00 00 00 00 00 00 00 00 00 00 00 00 00 00 00 00  ................
b3d0  00 00 00 00 00 00 00 00 00 00 00 00 00 00 00 00  ................
b3e0  00 00 00 00 00 00 00 00 00 00 00 00 00 00 00 00  ................
b3f0  00 00 00 00 00 00 00 00 00 00 00 00 00 00 00 00  ................
b400  00 00 00 00 00 00 00 00 00 00 00 00 00 00 00 00  ................
b410  00 00 00 00 00 00 00 00 00 00 00 00 00 00 00 00  ................
b420  00 00 00 00 00 00 00 00 00 00 00 00 00 00 00 00  ................
b430  00 00 00 00 00 00 00 00 00 00 00 00 00 00 00 00  ................
b440  00 00 00 00 00 00 00 00 00 00 00 00 00 00 00 00  ................
b450  00 00 00 00 00 00 00 00 00 00 00 00 00 00 00 00  ................
b460  00 00 00 00 00 00 00 00 00 00 00 00 00 00 00 00  ................
b470  00 00 00 00 00 00 00 00 00 00 00 00 00 00 00 00  ................
b480  00 00 00 00 00 00 00 00 00 00 00 00 00 00 00 00  ................
b490  00 00 00 00 00 00 00 00 00 00 00 00 00 00 00 00  ................
b4a0  00 00 00 00 00 00 00 00 00 00 00 00 00 00 00 00  ................
b4b0  00 00 00 00 00 00 00 00 00 00 00 00 00 00 00 00  ................
b4c0  00 00 00 00 00 00 00 00 00 00 00 00 00 00 00 00  ................
b4d0  00 00 00 00 00 00 00 00 00 00 00 00 00 00 00 00  ................
b4e0  00 00 00 00 00 00 00 00 00 00 00 00 00 00 00 00  ................
b4f0  00 00 00 00 00 00 00 00 00 00 00 00 00 00 00 00  ................
b500  00 00 00 00 00 00 00 00 00 00 00 00 00 00 00 00  ................
b510  00 00 00 00 00 00 00 00 00 00 00 00 00 00 00 00  ................
b520  00 00 00 00 00 00 00 00 00 00 00 00 00 00 00 00  ................
b530  00 00 00 00 00 00 00 00 00 00 00 00 00 00 00 00  ................
b540  00 00 00 00 00 00 00 00 00 00 00 00 00 00 00 00  ................
b550  00 00 00 00 00 00 00 00 00 00 00 00 00 00 00 00  ................
b560  00 00 00 00 00 00 00 00 00 00 00 00 00 00 00 00  ................
b570  00 00 00 00 00 00 00 00 00 00 00 00 00 00 00 00  ................
b580  00 00 00 00 00 00 00 00 00 00 00 00 00 00 00 00  ................
b590  00 00 00 00 00 00 00 00 00 00 00 00 00 00 00 00  ................
b5a0  00 00 00 00 00 00 00 00 00 00 00 00 00 00 00 00  ................
b5b0  00 00 00 00 00 00 00 00 00 00 00 00 00 00 00 00  ................
b5c0  00 00 00 00 00 00 00 00 00 00 00 00 00 00 00 00  ................
b5d0  00 00 00 00 00 00 00 00 00 00 00 00 00 00 00 00  ................
b5e0  00 00 00 00 00 00 00 00 00 00 00 00 00 00 00 00  ................
b5f0  00 00 00 00 00 00 00 00 00 00 00 00 00 00 00 00  ................
b600  00 00 00 00 00 00 00 00 00 00 00 00 00 00 00 00  ................
b610  00 00 00 00 00 00 00 00 00 00 00 00 00 00 00 00  ................
b620  00 00 00 00 00 00 00 00 00 00 00 00 00 00 00 00  ................
b630  00 00 00 00 00 00 00 00 00 00 00 00 00 00 00 00  ................
b640  00 00 00 00 00 00 00 00 00 00 00 00 00 00 00 00  ................
b650  00 00 00 00 00 00 00 00 00 00 00 00 00 00 00 00  ................
b660  00 00 00 00 00 00 00 00 00 00 00 00 00 00 00 00  ................
b670  00 00 00 00 00 00 00 00 00 00 00 00 00 00 00 00  ................
b680  00 00 00 00 00 00 00 00 00 00 00 00 00 00 00 00  ................
b690  00 00 00 00 00 00 00 00 00 00 00 00 00 00 00 00  ................
b6a0  00 00 00 00 00 00 00 00 00 00 00 00 00 00 00 00  ................
b6b0  00 00 00 00 00 00 00 00 00 00 00 00 00 00 00 00  ................
b6c0  00 00 00 00 00 00 00 00 00 00 00 00 00 00 00 00  ................
b6d0  00 00 00 00 00 00 00 00 00 00 00 00 00 00 00 00  ................
b6e0  00 00 00 00 00 00 00 00 00 00 00 00 00 00 00 00  ................
b6f0  00 00 00 00 00 00 00 00 00 00 00 00 00 00 00 00  ................
b700  00 00 00 00 00 00 00 00 00 00 00 00 00 00 00 00  ................
b710  00 00 00 00 00 00 00 00 00 00 00 00 00 00 00 00  ................
b720  00 00 00 00 00 00 00 00 00 00 00 00 00 00 00 00  ................
b730  00 00 00 00 00 00 00 00 00 00 00 00 00 00 00 00  ................
b740  00 00 00 00 00 00 00 00 00 00 00 00 00 00 00 00  ................
b750  00 00 00 00 00 00 00 00 00 00 00 00 00 00 00 00  ................
b760  00 00 00 00 00 00 00 00 00 00 00 00 00 00 00 00  ................
b770  00 00 00 00 00 00 00 00 00 00 00 00 00 00 00 00  ................
b780  00 00 00 00 00 00 00 00 00 00 00 00 00 00 00 00  ................
b790  00 00 00 00 00 00 00 00 00 00 00 00 00 00 00 00  ................
b7a0  00 00 00 00 00 00 00 00 00 00 00 00 00 00 00 00  ................
b7b0  00 00 00 00 00 00 00 00 00 00 00 00 00 00 00 00  ................
b7c0  00 00 00 00 00 00 00 00 00 00 00 00 00 00 00 00  ................
b7d0  00 00 00 00 00 00 00 00 00 00 00 00 00 00 00 00  ................
b7e0  00 00 00 00 00 00 00 00 00 00 00 00 00 00 00 00  ................
b7f0  00 00 00 00 00 00 00 00 00 00 00 00 00 00 00 00  ................
b800  00 00 00 00 00 00 00 00 00 00 00 00 00 00 00 00  ................
b810  00 00 00 00 00 00 00 00 00 00 00 00 00 00 00 00  ................
b820  00 00 00 00 00 00 00 00 00 00 00 00 00 00 00 00  ................
b830  00 00 00 00 00 00 00 00 00 00 00 00 00 00 00 00  ................
b840  00 00 00 00 00 00 00 00 00 00 00 00 00 00 00 00  ................
b850  00 00 00 00 00 00 00 00 00 00 00 00 00 00 00 00  ................
b860  00 00 00 00 00 00 00 00 00 00 00 00 00 00 00 00  ................
b870  00 00 00 00 00 00 00 00 00 00 00 00 00 00 00 00  ................
b880  00 00 00 00 00 00 00 00 00 00 00 00 00 00 00 00  ................
b890  00 00 00 00 00 00 00 00 00 00 00 00 00 00 00 00  ................
b8a0  00 00 00 00 00 00 00 00 00 00 00 00 00 00 00 00  ................
b8b0  00 00 00 00 00 00 00 00 00 00 00 00 00 00 00 00  ................
b8c0  00 00 00 00 00 00 00 00 00 00 00 00 00 00 00 00  ................
b8d0  00 00 00 00 00 00 00 00 00 00 00 00 00 00 00 00  ................
b8e0  00 00 00 00 00 00 00 00 00 00 00 00 00 00 00 00  ................
b8f0  00 00 00 00 00 00 00 00 00 00 00 00 00 00 00 00  ................
b900  00 00 00 00 00 00 00 00 00 00 00 00 00 00 00 00  ................
b910  00 00 00 00 00 00 00 00 00 00 00 00 00 00 00 00  ................
b920  00 00 00 00 00 00 00 00 00 00 00 00 00 00 00 00  ................
b930  00 00 00 00 00 00 00 00 00 00 00 00 00 00 00 00  ................
b940  00 00 00 00 00 00 00 00 00 00 00 00 00 00 00 00  ................
b950  00 00 00 00 00 00 00 00 00 00 00 00 00 00 00 00  ................
b960  00 00 00 00 00 00 00 00 00 00 00 00 00 00 00 00  ................
b970  00 00 00 00 00 00 00 00 00 00 00 00 00 00 00 00  ................
b980  00 00 00 00 00 00 00 00 00 00 00 00 00 00 00 00  ................
b990  00 00 00 00 00 00 00 00 00 00 00 00 00 00 00 00  ................
b9a0  00 00 00 00 00 00 00 00 00 00 00 00 00 00 00 00  ................
b9b0  00 00 00 00 00 00 00 00 00 00 00 00 00 00 00 00  ................
b9c0  00 00 00 00 00 00 00 00 00 00 00 00 00 00 00 00  ................
b9d0  00 00 00 00 00 00 00 00 00 00 00 00 00 00 00 00  ................
b9e0  00 00 00 00 00 00 00 00 00 00 00 00 00 00 00 00  ................
b9f0  00 00 00 00 00 00 00 00 00 00 00 00 00 00 00 00  ................
ba00  00 00 00 00 00 00 00 00 00 00 00 00 00 00 00 00  ................
ba10  00 00 00 00 00 00 00 00 00 00 00 00 00 00 00 00  ................
ba20  00 00 00 00 00 00 00 00 00 00 00 00 00 00 00 00  ................
ba30  00 00 00 00 00 00 00 00 00 00 00 00 00 00 00 00  ................
ba40  00 00 00 00 00 00 00 00 00 00 00 00 00 00 00 00  ................
ba50  00 00 00 00 00 00 00 00 00 00 00 00 00 00 00 00  ................
ba60  00 00 00 00 00 00 00 00 00 00 00 00 00 00 00 00  ................
ba70  00 00 00 00 00 00 00 00 00 00 00 00 00 00 00 00  ................
ba80  00 00 00 00 00 00 00 00 00 00 00 00 00 00 00 00  ................
ba90  00 00 00 00 00 00 00 00 00 00 00 00 00 00 00 00  ................
baa0  00 00 00 00 00 00 00 00 00 00 00 00 00 00 00 00  ................
bab0  00 00 00 00 00 00 00 00 00 00 00 00 00 00 00 00  ................
bac0  00 00 00 00 00 00 00 00 00 00 00 00 00 00 00 00  ................
bad0  00 00 00 00 00 00 00 00 00 00 00 00 00 00 00 00  ................
bae0  00 00 00 00 00 00 00 00 00 00 00 00 00 00 00 00  ................
baf0  00 00 00 00 00 00 00 00 00 00 00 00 00 00 00 00  ................
bb00  00 00 00 00 00 00 00 00 00 00 00 00 00 00 00 00  ................
bb10  00 00 00 00 00 00 00 00 00 00 00 00 00 00 00 00  ................
bb20  00 00 00 00 00 00 00 00 00 00 00 00 00 00 00 00  ................
bb30  00 00 00 00 00 00 00 00 00 00 00 00 00 00 00 00  ................
bb40  00 00 00 00 00 00 00 00 00 00 00 00 00 00 00 00  ................
bb50  00 00 00 00 00 00 00 00 00 00 00 00 00 00 00 00  ................
bb60  00 00 00 00 00 00 00 00 00 00 00 00 00 00 00 00  ................
bb70  00 00 00 00 00 00 00 00 00 00 00 00 00 00 00 00  ................
bb80  00 00 00 00 00 00 00 00 00 00 00 00 00 00 00 00  ................
bb90  00 00 00 00 00 00 00 00 00 00 00 00 00 00 00 00  ................
bba0  00 00 00 00 00 00 00 00 00 00 00 00 00 00 00 00  ................
bbb0  00 00 00 00 00 00 00 00 00 00 00 00 00 00 00 00  ................
bbc0  00 00 00 00 00 00 00 00 00 00 00 00 00 00 00 00  ................
bbd0  00 00 00 00 00 00 00 00 00 00 00 00 00 00 00 00  ................
bbe0  00 00 00 00 00 00 00 00 00 00 00 00 00 00 00 00  ................
bbf0  00 00 00 00 00 00 00 00 00 00 00 00 00 00 00 00  ................
bc00  00 00 00 00 00 00 00 00 00 00 00 00 00 00 00 00  ................
bc10  00 00 00 00 00 00 00 00 00 00 00 00 00 00 00 00  ................
bc20  00 00 00 00 00 00 00 00 00 00 00 00 00 00 00 00  ................
bc30  00 00 00 00 00 00 00 00 00 00 00 00 00 00 00 00  ................
bc40  00 00 00 00 00 00 00 00 00 00 00 00 00 00 00 00  ................
bc50  00 00 00 00 00 00 00 00 00 00 00 00 00 00 00 00  ................
bc60  00 00 00 00 00 00 00 00 00 00 00 00 00 00 00 00  ................
bc70  00 00 00 00 00 00 00 00 00 00 00 00 00 00 00 00  ................
bc80  00 00 00 00 00 00 00 00 00 00 00 00 00 00 00 00  ................
bc90  00 00 00 00 00 00 00 00 00 00 00 00 00 00 00 00  ................
bca0  00 00 00 00 00 00 00 00 00 00 00 00 00 00 00 00  ................
bcb0  00 00 00 00 00 00 00 00 00 00 00 00 00 00 00 00  ................
bcc0  00 00 00 00 00 00 00 00 00 00 00 00 00 00 00 00  ................
bcd0  00 00 00 00 00 00 00 00 00 00 00 00 00 00 00 00  ................
bce0  00 00 00 00 00 00 00 00 00 00 00 00 00 00 00 00  ................
bcf0  00 00 00 00 00 00 00 00 00 00 00 00 00 00 00 00  ................
bd00  00 00 00 00 00 00 00 00 00 00 00 00 00 00 00 00  ................
bd10  00 00 00 00 00 00 00 00 00 00 00 00 00 00 00 00  ................
bd20  00 00 00 00 00 00 00 00 00 00 00 00 00 00 00 00  ................
bd30  00 00 00 00 00 00 00 00 00 00 00 00 00 00 00 00  ................
bd40  00 00 00 00 00 00 00 00 00 00 00 00 00 00 00 00  ................
bd50  00 00 00 00 00 00 00 00 00 00 00 00 00 00 00 00  ................
bd60  00 00 00 00 00 00 00 00 00 00 00 00 00 00 00 00  ................
bd70  00 00 00 00 00 00 00 00 00 00 00 00 00 00 00 00  ................
bd80  00 00 00 00 00 00 00 00 00 00 00 00 00 00 00 00  ................
bd90  00 00 00 00 00 00 00 00 00 00 00 00 00 00 00 00  ................
bda0  00 00 00 00 00 00 00 00 00 00 00 00 00 00 00 00  ................
bdb0  00 00 00 00 00 00 00 00 00 00 00 00 00 00 00 00  ................
bdc0  00 00 00 00 00 00 00 00 00 00 00 00 00 00 00 00  ................
bdd0  00 00 00 00 00 00 00 00 00 00 00 00 00 00 00 00  ................
bde0  00 00 00 00 00 00 00 00 00 00 00 00 00 00 00 00  ................
bdf0  00 00 00 00 00 00 00 00 00 00 00 00 00 00 00 00  ................
be00  00 00 00 00 00 00 00 00 00 00 00 00 00 00 00 00  ................
be10  00 00 00 00 00 00 00 00 00 00 00 00 00 00 00 00  ................
be20  00 00 00 00 00 00 00 00 00 00 00 00 00 00 00 00  ................
be30  00 00 00 00 00 00 00 00 00 00 00 00 00 00 00 00  ................
be40  00 00 00 00 00 00 00 00 00 00 00 00 00 00 00 00  ................
be50  00 00 00 00 00 00 00 00 00 00 00 00 00 00 00 00  ................
be60  00 00 00 00 00 00 00 00 00 00 00 00 00 00 00 00  ................
be70  00 00 00 00 00 00 00 00 00 00 00 00 00 00 00 00  ................
be80  00 00 00 00 00 00 00 00 00 00 00 00 00 00 00 00  ................
be90  00 00 00 00 00 00 00 00 00 00 00 00 00 00 00 00  ................
bea0  00 00 00 00 00 00 00 00 00 00 00 00 00 00 00 00  ................
beb0  00 00 00 00 00 00 00 00 00 00 00 00 00 00 00 00  ................
bec0  00 00 00 00 00 00 00 00 00 00 00 00 00 00 00 00  ................
bed0  00 00 00 00 00 00 00 00 00 00 00 00 00 00 00 00  ................
bee0  00 00 00 00 00 00 00 00 00 00 00 00 00 00 00 00  ................
bef0  00 00 00 00 00 00 00 00 00 00 00 00 00 00 00 00  ................
bf00  00 00 00 00 00 00 00 00 00 00 00 00 00 00 00 00  ................
bf10  00 00 00 00 00 00 00 00 00 00 00 00 00 00 00 00  ................
bf20  00 00 00 00 00 00 00 00 00 00 00 00 00 00 00 00  ................
bf30  00 00 00 00 00 00 00 00 00 00 00 00 00 00 00 00  ................
bf40  00 00 00 00 00 00 00 00 00 00 00 00 00 00 00 00  ................
bf50  00 00 00 00 00 00 00 00 00 00 00 00 00 00 00 00  ................
bf60  00 00 00 00 00 00 00 00 00 00 00 00 00 00 00 00  ................
bf70  00 00 00 00 00 00 00 00 00 00 00 00 00 00 00 00  ................
bf80  00 00 00 00 00 00 00 00 00 00 00 00 00 00 00 00  ................
bf90  00 00 00 00 00 00 00 00 00 00 00 00 00 00 00 00  ................
bfa0  00 00 00 00 00 00 00 00 00 00 00 00 00 00 00 00  ................
bfb0  00 00 00 00 00 00 00 00 00 00 00 00 00 00 00 00  ................
bfc0  00 00 00 00 00 00 00 00 00 00 00 00 00 00 00 00  ................
bfd0  00 00 00 00 00 00 00 00 00 00 00 00 00 00 00 00  ................
bfe0  00 00 00 00 00 00 00 00 00 00 00 00 00 00 00 00  ................
bff0  00 00 00 00 00 00 00 00 00 00 00 00 00 00 00 00  ................
c000  ff ff ff ff ff ff ff ff ff ff ff ff ff ff ff ff  ................
c010  ff ff ff ff ff ff ff ff ff ff ff ff ff ff ff ff  ................
c020  ff ff ff ff ff ff ff ff ff ff ff ff ff ff ff ff  ................
c030  ff ff ff ff ff ff ff ff ff ff ff ff ff ff ff ff  ................
c040  ff ff ff ff ff ff ff ff ff ff ff ff ff ff ff ff  ................
c050  ff ff ff ff ff ff ff ff ff ff ff ff ff ff ff ff  ................
c060  ff ff ff ff ff ff ff ff ff ff ff ff ff ff ff ff  ................
c070  ff ff ff ff ff ff ff ff ff ff ff ff ff ff ff ff  ................
c080  ff ff ff ff ff ff ff ff ff ff ff ff ff ff ff ff  ................
c090  ff ff ff ff ff ff ff ff ff ff ff ff ff ff ff ff  ................
c0a0  ff ff ff ff ff ff ff ff ff ff ff ff ff ff ff ff  ................
c0b0  ff ff ff ff ff ff ff ff ff ff ff ff ff ff ff ff  ................
c0c0  ff ff ff ff ff ff ff ff ff ff ff ff ff ff ff ff  ................
c0d0  ff ff ff ff ff ff ff ff ff ff ff ff ff ff ff ff  ................
c0e0  ff ff ff ff ff ff ff ff ff ff ff ff ff ff ff ff  ................
c0f0  ff ff ff ff ff ff ff ff ff ff ff ff ff ff ff ff  ................
c100  ff ff ff ff ff ff ff ff ff ff ff ff ff ff ff ff  ................
c110  ff ff ff ff ff ff ff ff ff ff ff ff ff ff ff ff  ................
c120  ff ff ff ff ff ff ff ff ff ff ff ff ff ff ff ff  ................
c130  ff ff ff ff ff ff ff ff ff ff ff ff ff ff ff ff  ................
c140  ff ff ff ff ff ff ff ff ff ff ff ff ff ff ff ff  ................
c150  ff ff ff ff ff ff ff ff ff ff ff ff ff ff ff ff  ................
c160  ff ff ff ff ff ff ff ff ff ff ff ff ff ff ff ff  ................
c170  ff ff ff ff ff ff ff ff ff ff ff ff ff ff ff ff  ................
c180  ff ff ff ff ff ff ff ff ff ff ff ff ff ff ff ff  ................
c190  ff ff ff ff ff ff ff ff ff ff ff ff ff ff ff ff  ................
c1a0  ff ff ff ff ff ff ff ff ff ff ff ff ff ff ff ff  ................
c1b0  ff ff ff ff ff ff ff ff ff ff ff ff ff ff ff ff  ................
c1c0  ff ff ff ff ff ff ff ff ff ff ff ff ff ff ff ff  ................
c1d0  ff ff ff ff ff ff ff ff ff ff ff ff ff ff ff ff  ................
c1e0  ff ff ff ff ff ff ff ff ff ff ff ff ff ff ff ff  ................
c1f0  ff ff ff ff ff ff ff ff ff ff ff ff ff ff ff ff  ................
c200  ff ff ff ff ff ff ff ff ff ff ff ff ff ff ff ff  ................
c210  ff ff ff ff ff ff ff ff ff ff ff ff ff ff ff ff  ................
c220  ff ff ff ff ff ff ff ff ff ff ff ff ff ff ff ff  ................
c230  ff ff ff ff ff ff ff ff ff ff ff ff ff ff ff ff  ................
c240  ff ff ff ff ff ff ff ff ff ff ff ff ff ff ff ff  ................
c250  ff ff ff ff ff ff ff ff ff ff ff ff ff ff ff ff  ................
c260  ff ff ff ff ff ff ff ff ff ff ff ff ff ff ff ff  ................
c270  ff ff ff ff ff ff ff ff ff ff ff ff ff ff ff ff  ................
c280  ff ff ff ff ff ff ff ff ff ff ff ff ff ff ff ff  ................
c290  ff ff ff ff ff ff ff ff ff ff ff ff ff ff ff ff  ................
c2a0  ff ff ff ff ff ff ff ff ff ff ff ff ff ff ff ff  ................
c2b0  ff ff ff ff ff ff ff ff ff ff ff ff ff ff ff ff  ................
c2c0  ff ff ff ff ff ff ff ff ff ff ff ff ff ff ff ff  ................
c2d0  ff ff ff ff ff ff ff ff ff ff ff ff ff ff ff ff  ................
c2e0  ff ff ff ff ff ff ff ff ff ff ff ff ff ff ff ff  ................
c2f0  ff ff ff ff ff ff ff ff ff ff ff ff ff ff ff ff  ................
c300  ff ff ff ff ff ff ff ff ff ff ff ff ff ff ff ff  ................
c310  ff ff ff ff ff ff ff ff ff ff ff ff ff ff ff ff  ................
c320  ff ff ff ff ff ff ff ff ff ff ff ff ff ff ff ff  ................
c330  ff ff ff ff ff ff ff ff ff ff ff ff ff ff ff ff  ................
c340  ff ff ff ff ff ff ff ff ff ff ff ff ff ff ff ff  ................
c350  ff ff ff ff ff ff ff ff ff ff ff ff ff ff ff ff  ................
c360  ff ff ff ff ff ff ff ff ff ff ff ff ff ff ff ff  ................
c370  ff ff ff ff ff ff ff ff ff ff ff ff ff ff ff ff  ................
c380  ff ff ff ff ff ff ff ff ff ff ff ff ff ff ff ff  ................
c390  ff ff ff ff ff ff ff ff ff ff ff ff ff ff ff ff  ................
c3a0  ff ff ff ff ff ff ff ff ff ff ff ff ff ff ff ff  ................
c3b0  ff ff ff ff ff ff ff ff ff ff ff ff ff ff ff ff  ................
c3c0  ff ff ff ff ff ff ff ff ff ff ff ff ff ff ff ff  ................
c3d0  ff ff ff ff ff ff ff ff ff ff ff ff ff ff ff ff  ................
c3e0  ff ff ff ff ff ff ff ff ff ff ff ff ff ff ff ff  ................
c3f0  ff ff ff ff ff ff ff ff ff ff ff ff ff ff ff ff  ................
c400  ff ff ff ff ff ff ff ff ff ff ff ff ff ff ff ff  ................
c410  ff ff ff ff ff ff ff ff ff ff ff ff ff ff ff ff  ................
c420  ff ff ff ff ff ff ff ff ff ff ff ff ff ff ff ff  ................
c430  ff ff ff ff ff ff ff ff ff ff ff ff ff ff ff ff  ................
c440  ff ff ff ff ff ff ff ff ff ff ff ff ff ff ff ff  ................
c450  ff ff ff ff ff ff ff ff ff ff ff ff ff ff ff ff  ................
c460  ff ff ff ff ff ff ff ff ff ff ff ff ff ff ff ff  ................
c470  ff ff ff ff ff ff ff ff ff ff ff ff ff ff ff ff  ................
c480  ff ff ff ff ff ff ff ff ff ff ff ff ff ff ff ff  ................
c490  ff ff ff ff ff ff ff ff ff ff ff ff ff ff ff ff  ................
c4a0  ff ff ff ff ff ff ff ff ff ff ff ff ff ff ff ff  ................
c4b0  ff ff ff ff ff ff ff ff ff ff ff ff ff ff ff ff  ................
c4c0  ff ff ff ff ff ff ff ff ff ff ff ff ff ff ff ff  ................
c4d0  ff ff ff ff ff ff ff ff ff ff ff ff ff ff ff ff  ................
c4e0  ff ff ff ff ff ff ff ff ff ff ff ff ff ff ff ff  ................
c4f0  ff ff ff ff ff ff ff ff ff ff ff ff ff ff ff ff  ................
c500  ff ff ff ff ff ff ff ff ff ff ff ff ff ff ff ff  ................
c510  ff ff ff ff ff ff ff ff ff ff ff ff ff ff ff ff  ................
c520  ff ff ff ff ff ff ff ff ff ff ff ff ff ff ff ff  ................
c530  ff ff ff ff ff ff ff ff ff ff ff ff ff ff ff ff  ................
c540  ff ff ff ff ff ff ff ff ff ff ff ff ff ff ff ff  ................
c550  ff ff ff ff ff ff ff ff ff ff ff ff ff ff ff ff  ................
c560  ff ff ff ff ff ff ff ff ff ff ff ff ff ff ff ff  ................
c570  ff ff ff ff ff ff ff ff ff ff ff ff ff ff ff ff  ................
c580  ff ff ff ff ff ff ff ff ff ff ff ff ff ff ff ff  ................
c590  ff ff ff ff ff ff ff ff ff ff ff ff ff ff ff ff  ................
c5a0  ff ff ff ff ff ff ff ff ff ff ff ff ff ff ff ff  ................
c5b0  ff ff ff ff ff ff ff ff ff ff ff ff ff ff ff ff  ................
c5c0  ff ff ff ff ff ff ff ff ff ff ff ff ff ff ff ff  ................
c5d0  ff ff ff ff ff ff ff ff ff ff ff ff ff ff ff ff  ................
c5e0  ff ff ff ff ff ff ff ff ff ff ff ff ff ff ff ff  ................
c5f0  ff ff ff ff ff ff ff ff ff ff ff ff ff ff ff ff  ................
c600  ff ff ff ff ff ff ff ff ff ff ff ff ff ff ff ff  ................
c610  ff ff ff ff ff ff ff ff ff ff ff ff ff ff ff ff  ................
c620  ff ff ff ff ff ff ff ff ff ff ff ff ff ff ff ff  ................
c630  ff ff ff ff ff ff ff ff ff ff ff ff ff ff ff ff  ................
c640  ff ff ff ff ff ff ff ff ff ff ff ff ff ff ff ff  ................
c650  ff ff ff ff ff ff ff ff ff ff ff ff ff ff ff ff  ................
c660  ff ff ff ff ff ff ff ff ff ff ff ff ff ff ff ff  ................
c670  ff ff ff ff ff ff ff ff ff ff ff ff ff ff ff ff  ................
c680  ff ff ff ff ff ff ff ff ff ff ff ff ff ff ff ff  ................
c690  ff ff ff ff ff ff ff ff ff ff ff ff ff ff ff ff  ................
c6a0  ff ff ff ff ff ff ff ff ff ff ff ff ff ff ff ff  ................
c6b0  ff ff ff ff ff ff ff ff ff ff ff ff ff ff ff ff  ................
c6c0  ff ff ff ff ff ff ff ff ff ff ff ff ff ff ff ff  ................
c6d0  ff ff ff ff ff ff ff ff ff ff ff ff ff ff ff ff  ................
c6e0  ff ff ff ff ff ff ff ff ff ff ff ff ff ff ff ff  ................
c6f0  ff ff ff ff ff ff ff ff ff ff ff ff ff ff ff ff  ................
c700  ff ff ff ff ff ff ff ff ff ff ff ff ff ff ff ff  ................
c710  ff ff ff ff ff ff ff ff ff ff ff ff ff ff ff ff  ................
c720  ff ff ff ff ff ff ff ff ff ff ff ff ff ff ff ff  ................
c730  ff ff ff ff ff ff ff ff ff ff ff ff ff ff ff ff  ................
c740  ff ff ff ff ff ff ff ff ff ff ff ff ff ff ff ff  ................
c750  ff ff ff ff ff ff ff ff ff ff ff ff ff ff ff ff  ................
c760  ff ff ff ff ff ff ff ff ff ff ff ff ff ff ff ff  ................
c770  ff ff ff ff ff ff ff ff ff ff ff ff ff ff ff ff  ................
c780  ff ff ff ff ff ff ff ff ff ff ff ff ff ff ff ff  ................
c790  ff ff ff ff ff ff ff ff ff ff ff ff ff ff ff ff  ................
c7a0  ff ff ff ff ff ff ff ff ff ff ff ff ff ff ff ff  ................
c7b0  ff ff ff ff ff ff ff ff ff ff ff ff ff ff ff ff  ................
c7c0  ff ff ff ff ff ff ff ff ff ff ff ff ff ff ff ff  ................
c7d0  ff ff ff ff ff ff ff ff ff ff ff ff ff ff ff ff  ................
c7e0  ff ff ff ff ff ff ff ff ff ff ff ff ff ff ff ff  ................
c7f0  ff ff ff ff ff ff ff ff ff ff ff ff ff ff ff ff  ................
c800  00 00 00 00 00 00 00 00 00 00 00 00 00 00 00 00  ................
c810  00 00 00 00 00 00 00 00 00 00 00 00 00 00 00 00  ................
c820  00 00 00 00 00 00 00 00 00 00 00 00 00 00 00 00  ................
c830  00 00 00 00 00 00 00 00 00 00 00 00 00 00 00 00  ................
c840  00 00 00 00 00 00 00 00 00 00 00 00 00 00 00 00  ................
c850  00 00 00 00 00 00 00 00 00 00 00 00 00 00 00 00  ................
c860  00 00 00 00 00 00 00 00 00 00 00 00 00 00 00 00  ................
c870  00 00 00 00 00 00 00 00 00 00 00 00 00 00 00 00  ................
c880  00 00 00 00 00 00 00 00 00 00 00 00 00 00 00 00  ................
c890  00 00 00 00 00 00 00 00 00 00 00 00 00 00 00 00  ................
c8a0  00 00 00 00 00 00 00 00 00 00 00 00 00 00 00 00  ................
c8b0  00 00 00 00 00 00 00 00 00 00 00 00 00 00 00 00  ................
c8c0  00 00 00 00 00 00 00 00 00 00 00 00 00 00 00 00  ................
c8d0  00 00 00 00 00 00 00 00 00 00 00 00 00 00 00 00  ................
c8e0  00 00 00 00 00 00 00 00 00 00 00 00 00 00 00 00  ................
c8f0  00 00 00 00 00 00 00 00 00 00 00 00 00 00 00 00  ................
c900  00 00 00 00 00 00 00 00 00 00 00 00 00 00 00 00  ................
c910  00 00 00 00 00 00 00 00 00 00 00 00 00 00 00 00  ................
c920  00 00 00 00 00 00 00 00 00 00 00 00 00 00 00 00  ................
c930  00 00 00 00 00 00 00 00 00 00 00 00 00 00 00 00  ................
c940  00 00 00 00 00 00 00 00 00 00 00 00 00 00 00 00  ................
c950  00 00 00 00 00 00 00 00 00 00 00 00 00 00 00 00  ................
c960  00 00 00 00 00 00 00 00 00 00 00 00 00 00 00 00  ................
c970  00 00 00 00 00 00 00 00 00 00 00 00 00 00 00 00  ................
c980  00 00 00 00 00 00 00 00 00 00 00 00 00 00 00 00  ................
c990  00 00 00 00 00 00 00 00 00 00 00 00 00 00 00 00  ................
c9a0  00 00 00 00 00 00 00 00 00 00 00 00 00 00 00 00  ................
c9b0  00 00 00 00 00 00 00 00 00 00 00 00 00 00 00 00  ................
c9c0  00 00 00 00 00 00 00 00 00 00 00 00 00 00 00 00  ................
c9d0  00 00 00 00 00 00 00 00 00 00 00 00 00 00 00 00  ................
c9e0  00 00 00 00 00 00 00 00 00 00 00 00 00 00 00 00  ................
c9f0  00 00 00 00 00 00 00 00 00 00 00 00 00 00 00 00  ................
ca00  00 00 00 00 00 00 00 00 00 00 00 00 00 00 00 00  ................
ca10  00 00 00 00 00 00 00 00 00 00 00 00 00 00 00 00  ................
ca20  00 00 00 00 00 00 00 00 00 00 00 00 00 00 00 00  ................
ca30  00 00 00 00 00 00 00 00 00 00 00 00 00 00 00 00  ................
ca40  00 00 00 00 00 00 00 00 00 00 00 00 00 00 00 00  ................
ca50  00 00 00 00 00 00 00 00 00 00 00 00 00 00 00 00  ................
ca60  00 00 00 00 00 00 00 00 00 00 00 00 00 00 00 00  ................
ca70  00 00 00 00 00 00 00 00 00 00 00 00 00 00 00 00  ................
ca80  00 00 00 00 00 00 00 00 00 00 00 00 00 00 00 00  ................
ca90  00 00 00 00 00 00 00 00 00 00 00 00 00 00 00 00  ................
caa0  00 00 00 00 00 00 00 00 00 00 00 00 00 00 00 00  ................
cab0  00 00 00 00 00 00 00 00 00 00 00 00 00 00 00 00  ................
cac0  00 00 00 00 00 00 00 00 00 00 00 00 00 00 00 00  ................
cad0  00 00 00 00 00 00 00 00 00 00 00 00 00 00 00 00  ................
cae0  00 00 00 00 00 00 00 00 00 00 00 00 00 00 00 00  ................
caf0  00 00 00 00 00 00 00 00 00 00 00 00 00 00 00 00  ................
cb00  00 00 00 00 00 00 00 00 00 00 00 00 00 00 00 00  ................
cb10  00 00 00 00 00 00 00 00 00 00 00 00 00 00 00 00  ................
cb20  00 00 00 00 00 00 00 00 00 00 00 00 00 00 00 00  ................
cb30  00 00 00 00 00 00 00 00 00 00 00 00 00 00 00 00  ................
cb40  00 00 00 00 00 00 00 00 00 00 00 00 00 00 00 00  ................
cb50  00 00 00 00 00 00 00 00 00 00 00 00 00 00 00 00  ................
cb60  00 00 00 00 00 00 00 00 00 00 00 00 00 00 00 00  ................
cb70  00 00 00 00 00 00 00 00 00 00 00 00 00 00 00 00  ................
cb80  00 00 00 00 00 00 00 00 00 00 00 00 00 00 00 00  ................
cb90  00 00 00 00 00 00 00 00 00 00 00 00 00 00 00 00  ................
cba0  00 00 00 00 00 00 00 00 00 00 00 00 00 00 00 00  ................
cbb0  00 00 00 00 00 00 00 00 00 00 00 00 00 00 00 00  ................
cbc0  00 00 00 00 00 00 00 00 00 00 00 00 00 00 00 00  ................
cbd0  00 00 00 00 00 00 00 00 00 00 00 00 00 00 00 00  ................
cbe0  00 00 00 00 00 00 00 00 00 00 00 00 00 00 00 00  ................
cbf0  00 00 00 00 00 00 00 00 00 00 00 00 00 00 00 00  ................
cc00  00 00 00 00 00 00 00 00 00 00 00 00 00 00 00 00  ................
cc10  00 00 00 00 00 00 00 00 00 00 00 00 00 00 00 00  ................
cc20  00 00 00 00 00 00 00 00 00 00 00 00 00 00 00 00  ................
cc30  00 00 00 00 00 00 00 00 00 00 00 00 00 00 00 00  ................
cc40  00 00 00 00 00 00 00 00 00 00 00 00 00 00 00 00  ................
cc50  00 00 00 00 00 00 00 00 00 00 00 00 00 00 00 00  ................
cc60  00 00 00 00 00 00 00 00 00 00 00 00 00 00 00 00  ................
cc70  00 00 00 00 00 00 00 00 00 00 00 00 00 00 00 00  ................
cc80  00 00 00 00 00 00 00 00 00 00 00 00 00 00 00 00  ................
cc90  00 00 00 00 00 00 00 00 00 00 00 00 00 00 00 00  ................
cca0  00 00 00 00 00 00 00 00 00 00 00 00 00 00 00 00  ................
ccb0  00 00 00 00 00 00 00 00 00 00 00 00 00 00 00 00  ................
ccc0  00 00 00 00 00 00 00 00 00 00 00 00 00 00 00 00  ................
ccd0  00 00 00 00 00 00 00 00 00 00 00 00 00 00 00 00  ................
cce0  00 00 00 00 00 00 00 00 00 00 00 00 00 00 00 00  ................
ccf0  00 00 00 00 00 00 00 00 00 00 00 00 00 00 00 00  ................
cd00  00 00 00 00 00 00 00 00 00 00 00 00 00 00 00 00  ................
cd10  00 00 00 00 00 00 00 00 00 00 00 00 00 00 00 00  ................
cd20  00 00 00 00 00 00 00 00 00 00 00 00 00 00 00 00  ................
cd30  00 00 00 00 00 00 00 00 00 00 00 00 00 00 00 00  ................
cd40  00 00 00 00 00 00 00 00 00 00 00 00 00 00 00 00  ................
cd50  00 00 00 00 00 00 00 00 00 00 00 00 00 00 00 00  ................
cd60  00 00 00 00 00 00 00 00 00 00 00 00 00 00 00 00  ................
cd70  00 00 00 00 00 00 00 00 00 00 00 00 00 00 00 00  ................
cd80  00 00 00 00 00 00 00 00 00 00 00 00 00 00 00 00  ................
cd90  00 00 00 00 00 00 00 00 00 00 00 00 00 00 00 00  ................
cda0  00 00 00 00 00 00 00 00 00 00 00 00 00 00 00 00  ................
cdb0  00 00 00 00 00 00 00 00 00 00 00 00 00 00 00 00  ................
cdc0  00 00 00 00 00 00 00 00 00 00 00 00 00 00 00 00  ................
cdd0  00 00 00 00 00 00 00 00 00 00 00 00 00 00 00 00  ................
cde0  00 00 00 00 00 00 00 00 00 00 00 00 00 00 00 00  ................
cdf0  00 00 00 00 00 00 00 00 00 00 00 00 00 00 00 00  ................
ce00  00 00 00 00 00 00 00 00 00 00 00 00 00 00 00 00  ................
ce10  00 00 00 00 00 00 00 00 00 00 00 00 00 00 00 00  ................
ce20  00 00 00 00 00 00 00 00 00 00 00 00 00 00 00 00  ................
ce30  00 00 00 00 00 00 00 00 00 00 00 00 00 00 00 00  ................
ce40  00 00 00 00 00 00 00 00 00 00 00 00 00 00 00 00  ................
ce50  00 00 00 00 00 00 00 00 00 00 00 00 00 00 00 00  ................
ce60  00 00 00 00 00 00 00 00 00 00 00 00 00 00 00 00  ................
ce70  00 00 00 00 00 00 00 00 00 00 00 00 00 00 00 00  ................
ce80  00 00 00 00 00 00 00 00 00 00 00 00 00 00 00 00  ................
ce90  00 00 00 00 00 00 00 00 00 00 00 00 00 00 00 00  ................
cea0  00 00 00 00 00 00 00 00 00 00 00 00 00 00 00 00  ................
ceb0  00 00 00 00 00 00 00 00 00 00 00 00 00 00 00 00  ................
cec0  00 00 00 00 00 00 00 00 00 00 00 00 00 00 00 00  ................
ced0  00 00 00 00 00 00 00 00 00 00 00 00 00 00 00 00  ................
cee0  00 00 00 00 00 00 00 00 00 00 00 00 00 00 00 00  ................
cef0  00 00 00 00 00 00 00 00 00 00 00 00 00 00 00 00  ................
cf00  00 00 00 00 00 00 00 00 00 00 00 00 00 00 00 00  ................
cf10  00 00 00 00 00 00 00 00 00 00 00 00 00 00 00 00  ................
cf20  00 00 00 00 00 00 00 00 00 00 00 00 00 00 00 00  ................
cf30  00 00 00 00 00 00 00 00 00 00 00 00 00 00 00 00  ................
cf40  00 00 00 00 00 00 00 00 00 00 00 00 00 00 00 00  ................
cf50  00 00 00 00 00 00 00 00 00 00 00 00 00 00 00 00  ................
cf60  00 00 00 00 00 00 00 00 00 00 00 00 00 00 00 00  ................
cf70  00 00 00 00 00 00 00 00 00 00 00 00 00 00 00 00  ................
cf80  00 00 00 00 00 00 00 00 00 00 00 00 00 00 00 00  ................
cf90  00 00 00 00 00 00 00 00 00 00 00 00 00 00 00 00  ................
cfa0  00 00 00 00 00 00 00 00 00 00 00 00 00 00 00 00  ................
cfb0  00 00 00 00 00 00 00 00 00 00 00 00 00 00 00 00  ................
cfc0  00 00 00 00 00 00 00 00 00 00 00 00 00 00 00 00  ................
cfd0  00 00 00 00 00 00 00 00 00 00 00 00 00 00 00 00  ................
cfe0  00 00 00 00 00 00 00 00 00 00 00 00 00 00 00 00  ................
cff0  00 00 00 00 00 00 00 00 00 00 00 00 00 00 00 00  ................
d000  00 00 00 00 00 00 00 00 00 00 00 00 00 00 00 00  ................
d010  00 00 00 00 00 00 00 00 00 00 00 00 00 00 00 00  ................
d020  00 00 00 00 00 00 00 00 00 00 00 00 00 00 00 00  ................
d030  00 00 00 00 00 00 00 00 00 00 00 00 00 00 00 00  ................
d040  00 00 00 00 00 00 00 00 00 00 00 00 00 00 00 00  ................
d050  00 00 00 00 00 00 00 00 00 00 00 00 00 00 00 00  ................
d060  00 00 00 00 00 00 00 00 00 00 00 00 00 00 00 00  ................
d070  00 00 00 00 00 00 00 00 00 00 00 00 00 00 00 00  ................
d080  00 00 00 00 00 00 00 00 00 00 00 00 00 00 00 00  ................
d090  00 00 00 00 00 00 00 00 00 00 00 00 00 00 00 00  ................
d0a0  00 00 00 00 00 00 00 00 00 00 00 00 00 00 00 00  ................
d0b0  00 00 00 00 00 00 00 00 00 00 00 00 00 00 00 00  ................
d0c0  00 00 00 00 00 00 00 00 00 00 00 00 00 00 00 00  ................
d0d0  00 00 00 00 00 00 00 00 00 00 00 00 00 00 00 00  ................
d0e0  00 00 00 00 00 00 00 00 00 00 00 00 00 00 00 00  ................
d0f0  00 00 00 00 00 00 00 00 00 00 00 00 00 00 00 00  ................
d100  00 00 00 00 00 00 00 00 00 00 00 00 00 00 00 00  ................
d110  00 00 00 00 00 00 00 00 00 00 00 00 00 00 00 00  ................
d120  00 00 00 00 00 00 00 00 00 00 00 00 00 00 00 00  ................
d130  00 00 00 00 00 00 00 00 00 00 00 00 00 00 00 00  ................
d140  00 00 00 00 00 00 00 00 00 00 00 00 00 00 00 00  ................
d150  00 00 00 00 00 00 00 00 00 00 00 00 00 00 00 00  ................
d160  00 00 00 00 00 00 00 00 00 00 00 00 00 00 00 00  ................
d170  00 00 00 00 00 00 00 00 00 00 00 00 00 00 00 00  ................
d180  00 00 00 00 00 00 00 00 00 00 00 00 00 00 00 00  ................
d190  00 00 00 00 00 00 00 00 00 00 00 00 00 00 00 00  ................
d1a0  00 00 00 00 00 00 00 00 00 00 00 00 00 00 00 00  ................
d1b0  00 00 00 00 00 00 00 00 00 00 00 00 00 00 00 00  ................
d1c0  00 00 00 00 00 00 00 00 00 00 00 00 00 00 00 00  ................
d1d0  00 00 00 00 00 00 00 00 00 00 00 00 00 00 00 00  ................
d1e0  00 00 00 00 00 00 00 00 00 00 00 00 00 00 00 00  ................
d1f0  00 00 00 00 00 00 00 00 00 00 00 00 00 00 00 00  ................
d200  00 00 00 00 00 00 00 00 00 00 00 00 00 00 00 00  ................
d210  00 00 00 00 00 00 00 00 00 00 00 00 00 00 00 00  ................
d220  00 00 00 00 00 00 00 00 00 00 00 00 00 00 00 00  ................
d230  00 00 00 00 00 00 00 00 00 00 00 00 00 00 00 00  ................
d240  00 00 00 00 00 00 00 00 00 00 00 00 00 00 00 00  ................
d250  00 00 00 00 00 00 00 00 00 00 00 00 00 00 00 00  ................
d260  00 00 00 00 00 00 00 00 00 00 00 00 00 00 00 00  ................
d270  00 00 00 00 00 00 00 00 00 00 00 00 00 00 00 00  ................
d280  00 00 00 00 00 00 00 00 00 00 00 00 00 00 00 00  ................
d290  00 00 00 00 00 00 00 00 00 00 00 00 00 00 00 00  ................
d2a0  00 00 00 00 00 00 00 00 00 00 00 00 00 00 00 00  ................
d2b0  00 00 00 00 00 00 00 00 00 00 00 00 00 00 00 00  ................
d2c0  00 00 00 00 00 00 00 00 00 00 00 00 00 00 00 00  ................
d2d0  00 00 00 00 00 00 00 00 00 00 00 00 00 00 00 00  ................
d2e0  00 00 00 00 00 00 00 00 00 00 00 00 00 00 00 00  ................
d2f0  00 00 00 00 00 00 00 00 00 00 00 00 00 00 00 00  ................
d300  00 00 00 00 00 00 00 00 00 00 00 00 00 00 00 00  ................
d310  00 00 00 00 00 00 00 00 00 00 00 00 00 00 00 00  ................
d320  00 00 00 00 00 00 00 00 00 00 00 00 00 00 00 00  ................
d330  00 00 00 00 00 00 00 00 00 00 00 00 00 00 00 00  ................
d340  00 00 00 00 00 00 00 00 00 00 00 00 00 00 00 00  ................
d350  00 00 00 00 00 00 00 00 00 00 00 00 00 00 00 00  ................
d360  00 00 00 00 00 00 00 00 00 00 00 00 00 00 00 00  ................
d370  00 00 00 00 00 00 00 00 00 00 00 00 00 00 00 00  ................
d380  00 00 00 00 00 00 00 00 00 00 00 00 00 00 00 00  ................
d390  00 00 00 00 00 00 00 00 00 00 00 00 00 00 00 00  ................
d3a0  00 00 00 00 00 00 00 00 00 00 00 00 00 00 00 00  ................
d3b0  00 00 00 00 00 00 00 00 00 00 00 00 00 00 00 00  ................
d3c0  00 00 00 00 00 00 00 00 00 00 00 00 00 00 00 00  ................
d3d0  00 00 00 00 00 00 00 00 00 00 00 00 00 00 00 00  ................
d3e0  00 00 00 00 00 00 00 00 00 00 00 00 00 00 00 00  ................
d3f0  00 00 00 00 00 00 00 00 00 00 00 00 00 00 00 00  ................
d400  00 00 00 00 00 00 00 00 00 00 00 00 00 00 00 00  ................
d410  00 00 00 00 00 00 00 00 00 00 00 00 00 00 00 00  ................
d420  00 00 00 00 00 00 00 00 00 00 00 00 00 00 00 00  ................
d430  00 00 00 00 00 00 00 00 00 00 00 00 00 00 00 00  ................
d440  00 00 00 00 00 00 00 00 00 00 00 00 00 00 00 00  ................
d450  00 00 00 00 00 00 00 00 00 00 00 00 00 00 00 00  ................
d460  00 00 00 00 00 00 00 00 00 00 00 00 00 00 00 00  ................
d470  00 00 00 00 00 00 00 00 00 00 00 00 00 00 00 00  ................
d480  00 00 00 00 00 00 00 00 00 00 00 00 00 00 00 00  ................
d490  00 00 00 00 00 00 00 00 00 00 00 00 00 00 00 00  ................
d4a0  00 00 00 00 00 00 00 00 00 00 00 00 00 00 00 00  ................
d4b0  00 00 00 00 00 00 00 00 00 00 00 00 00 00 00 00  ................
d4c0  00 00 00 00 00 00 00 00 00 00 00 00 00 00 00 00  ................
d4d0  00 00 00 00 00 00 00 00 00 00 00 00 00 00 00 00  ................
d4e0  00 00 00 00 00 00 00 00 00 00 00 00 00 00 00 00  ................
d4f0  00 00 00 00 00 00 00 00 00 00 00 00 00 00 00 00  ................
d500  00 00 00 00 00 00 00 00 00 00 00 00 00 00 00 00  ................
d510  00 00 00 00 00 00 00 00 00 00 00 00 00 00 00 00  ................
d520  00 00 00 00 00 00 00 00 00 00 00 00 00 00 00 00  ................
d530  00 00 00 00 00 00 00 00 00 00 00 00 00 00 00 00  ................
d540  00 00 00 00 00 00 00 00 00 00 00 00 00 00 00 00  ................
d550  00 00 00 00 00 00 00 00 00 00 00 00 00 00 00 00  ................
d560  00 00 00 00 00 00 00 00 00 00 00 00 00 00 00 00  ................
d570  00 00 00 00 00 00 00 00 00 00 00 00 00 00 00 00  ................
d580  00 00 00 00 00 00 00 00 00 00 00 00 00 00 00 00  ................
d590  00 00 00 00 00 00 00 00 00 00 00 00 00 00 00 00  ................
d5a0  00 00 00 00 00 00 00 00 00 00 00 00 00 00 00 00  ................
d5b0  00 00 00 00 00 00 00 00 00 00 00 00 00 00 00 00  ................
d5c0  00 00 00 00 00 00 00 00 00 00 00 00 00 00 00 00  ................
d5d0  00 00 00 00 00 00 00 00 00 00 00 00 00 00 00 00  ................
d5e0  00 00 00 00 00 00 00 00 00 00 00 00 00 00 00 00  ................
d5f0  00 00 00 00 00 00 00 00 00 00 00 00 00 00 00 00  ................
d600  00 00 00 00 00 00 00 00 00 00 00 00 00 00 00 00  ................
d610  00 00 00 00 00 00 00 00 00 00 00 00 00 00 00 00  ................
d620  00 00 00 00 00 00 00 00 00 00 00 00 00 00 00 00  ................
d630  00 00 00 00 00 00 00 00 00 00 00 00 00 00 00 00  ................
d640  00 00 00 00 00 00 00 00 00 00 00 00 00 00 00 00  ................
d650  00 00 00 00 00 00 00 00 00 00 00 00 00 00 00 00  ................
d660  00 00 00 00 00 00 00 00 00 00 00 00 00 00 00 00  ................
d670  00 00 00 00 00 00 00 00 00 00 00 00 00 00 00 00  ................
d680  00 00 00 00 00 00 00 00 00 00 00 00 00 00 00 00  ................
d690  00 00 00 00 00 00 00 00 00 00 00 00 00 00 00 00  ................
d6a0  00 00 00 00 00 00 00 00 00 00 00 00 00 00 00 00  ................
d6b0  00 00 00 00 00 00 00 00 00 00 00 00 00 00 00 00  ................
d6c0  00 00 00 00 00 00 00 00 00 00 00 00 00 00 00 00  ................
d6d0  00 00 00 00 00 00 00 00 00 00 00 00 00 00 00 00  ................
d6e0  00 00 00 00 00 00 00 00 00 00 00 00 00 00 00 00  ................
d6f0  00 00 00 00 00 00 00 00 00 00 00 00 00 00 00 00  ................
d700  00 00 00 00 00 00 00 00 00 00 00 00 00 00 00 00  ................
d710  00 00 00 00 00 00 00 00 00 00 00 00 00 00 00 00  ................
d720  00 00 00 00 00 00 00 00 00 00 00 00 00 00 00 00  ................
d730  00 00 00 00 00 00 00 00 00 00 00 00 00 00 00 00  ................
d740  00 00 00 00 00 00 00 00 00 00 00 00 00 00 00 00  ................
d750  00 00 00 00 00 00 00 00 00 00 00 00 00 00 00 00  ................
d760  00 00 00 00 00 00 00 00 00 00 00 00 00 00 00 00  ................
d770  00 00 00 00 00 00 00 00 00 00 00 00 00 00 00 00  ................
d780  00 00 00 00 00 00 00 00 00 00 00 00 00 00 00 00  ................
d790  00 00 00 00 00 00 00 00 00 00 00 00 00 00 00 00  ................
d7a0  00 00 00 00 00 00 00 00 00 00 00 00 00 00 00 00  ................
d7b0  00 00 00 00 00 00 00 00 00 00 00 00 00 00 00 00  ................
d7c0  00 00 00 00 00 00 00 00 00 00 00 00 00 00 00 00  ................
d7d0  00 00 00 00 00 00 00 00 00 00 00 00 00 00 00 00  ................
d7e0  00 00 00 00 00 00 00 00 00 00 00 00 00 00 00 00  ................
d7f0  00 00 00 00 00 00 00 00 00 00 00 00 00 00 00 00  ................
d800  00 00 00 00 00 00 00 00 00 00 00 00 00 00 00 00  ................
d810  00 00 00 00 00 00 00 00 00 00 00 00 00 00 00 00  ................
d820  00 00 00 00 00 00 00 00 00 00 00 00 00 00 00 00  ................
d830  00 00 00 00 00 00 00 00 00 00 00 00 00 00 00 00  ................
d840  00 00 00 00 00 00 00 00 00 00 00 00 00 00 00 00  ................
d850  00 00 00 00 00 00 00 00 00 00 00 00 00 00 00 00  ................
d860  00 00 00 00 00 00 00 00 00 00 00 00 00 00 00 00  ................
d870  00 00 00 00 00 00 00 00 00 00 00 00 00 00 00 00  ................
d880  00 00 00 00 00 00 00 00 00 00 00 00 00 00 00 00  ................
d890  00 00 00 00 00 00 00 00 00 00 00 00 00 00 00 00  ................
d8a0  00 00 00 00 00 00 00 00 00 00 00 00 00 00 00 00  ................
d8b0  00 00 00 00 00 00 00 00 00 00 00 00 00 00 00 00  ................
d8c0  00 00 00 00 00 00 00 00 00 00 00 00 00 00 00 00  ................
d8d0  00 00 00 00 00 00 00 00 00 00 00 00 00 00 00 00  ................
d8e0  00 00 00 00 00 00 00 00 00 00 00 00 00 00 00 00  ................
d8f0  00 00 00 00 00 00 00 00 00 00 00 00 00 00 00 00  ................
d900  00 00 00 00 00 00 00 00 00 00 00 00 00 00 00 00  ................
d910  00 00 00 00 00 00 00 00 00 00 00 00 00 00 00 00  ................
d920  00 00 00 00 00 00 00 00 00 00 00 00 00 00 00 00  ................
d930  00 00 00 00 00 00 00 00 00 00 00 00 00 00 00 00  ................
d940  00 00 00 00 00 00 00 00 00 00 00 00 00 00 00 00  ................
d950  00 00 00 00 00 00 00 00 00 00 00 00 00 00 00 00  ................
d960  00 00 00 00 00 00 00 00 00 00 00 00 00 00 00 00  ................
d970  00 00 00 00 00 00 00 00 00 00 00 00 00 00 00 00  ................
d980  00 00 00 00 00 00 00 00 00 00 00 00 00 00 00 00  ................
d990  00 00 00 00 00 00 00 00 00 00 00 00 00 00 00 00  ................
d9a0  00 00 00 00 00 00 00 00 00 00 00 00 00 00 00 00  ................
d9b0  00 00 00 00 00 00 00 00 00 00 00 00 00 00 00 00  ................
d9c0  00 00 00 00 00 00 00 00 00 00 00 00 00 00 00 00  ................
d9d0  00 00 00 00 00 00 00 00 00 00 00 00 00 00 00 00  ................
d9e0  00 00 00 00 00 00 00 00 00 00 00 00 00 00 00 00  ................
d9f0  00 00 00 00 00 00 00 00 00 00 00 00 00 00 00 00  ................
da00  00 00 00 00 00 00 00 00 00 00 00 00 00 00 00 00  ................
da10  00 00 00 00 00 00 00 00 00 00 00 00 00 00 00 00  ................
da20  00 00 00 00 00 00 00 00 00 00 00 00 00 00 00 00  ................
da30  00 00 00 00 00 00 00 00 00 00 00 00 00 00 00 00  ................
da40  00 00 00 00 00 00 00 00 00 00 00 00 00 00 00 00  ................
da50  00 00 00 00 00 00 00 00 00 00 00 00 00 00 00 00  ................
da60  00 00 00 00 00 00 00 00 00 00 00 00 00 00 00 00  ................
da70  00 00 00 00 00 00 00 00 00 00 00 00 00 00 00 00  ................
da80  00 00 00 00 00 00 00 00 00 00 00 00 00 00 00 00  ................
da90  00 00 00 00 00 00 00 00 00 00 00 00 00 00 00 00  ................
daa0  00 00 00 00 00 00 00 00 00 00 00 00 00 00 00 00  ................
dab0  00 00 00 00 00 00 00 00 00 00 00 00 00 00 00 00  ................
dac0  00 00 00 00 00 00 00 00 00 00 00 00 00 00 00 00  ................
dad0  00 00 00 00 00 00 00 00 00 00 00 00 00 00 00 00  ................
dae0  00 00 00 00 00 00 00 00 00 00 00 00 00 00 00 00  ................
daf0  00 00 00 00 00 00 00 00 00 00 00 00 00 00 00 00  ................
db00  00 00 00 00 00 00 00 00 00 00 00 00 00 00 00 00  ................
db10  00 00 00 00 00 00 00 00 00 00 00 00 00 00 00 00  ................
db20  00 00 00 00 00 00 00 00 00 00 00 00 00 00 00 00  ................
db30  00 00 00 00 00 00 00 00 00 00 00 00 00 00 00 00  ................
db40  00 00 00 00 00 00 00 00 00 00 00 00 00 00 00 00  ................
db50  00 00 00 00 00 00 00 00 00 00 00 00 00 00 00 00  ................
db60  00 00 00 00 00 00 00 00 00 00 00 00 00 00 00 00  ................
db70  00 00 00 00 00 00 00 00 00 00 00 00 00 00 00 00  ................
db80  00 00 00 00 00 00 00 00 00 00 00 00 00 00 00 00  ................
db90  00 00 00 00 00 00 00 00 00 00 00 00 00 00 00 00  ................
dba0  00 00 00 00 00 00 00 00 00 00 00 00 00 00 00 00  ................
dbb0  00 00 00 00 00 00 00 00 00 00 00 00 00 00 00 00  ................
dbc0  00 00 00 00 00 00 00 00 00 00 00 00 00 00 00 00  ................
dbd0  00 00 00 00 00 00 00 00 00 00 00 00 00 00 00 00  ................
dbe0  00 00 00 00 00 00 00 00 00 00 00 00 00 00 00 00  ................
dbf0  00 00 00 00 00 00 00 00 00 00 00 00 00 00 00 00  ................
dc00  00 00 00 00 00 00 00 00 00 00 00 00 00 00 00 00  ................
dc10  00 00 00 00 00 00 00 00 00 00 00 00 00 00 00 00  ................
dc20  00 00 00 00 00 00 00 00 00 00 00 00 00 00 00 00  ................
dc30  00 00 00 00 00 00 00 00 00 00 00 00 00 00 00 00  ................
dc40  00 00 00 00 00 00 00 00 00 00 00 00 00 00 00 00  ................
dc50  00 00 00 00 00 00 00 00 00 00 00 00 00 00 00 00  ................
dc60  00 00 00 00 00 00 00 00 00 00 00 00 00 00 00 00  ................
dc70  00 00 00 00 00 00 00 00 00 00 00 00 00 00 00 00  ................
dc80  00 00 00 00 00 00 00 00 00 00 00 00 00 00 00 00  ................
dc90  00 00 00 00 00 00 00 00 00 00 00 00 00 00 00 00  ................
dca0  00 00 00 00 00 00 00 00 00 00 00 00 00 00 00 00  ................
dcb0  00 00 00 00 00 00 00 00 00 00 00 00 00 00 00 00  ................
dcc0  00 00 00 00 00 00 00 00 00 00 00 00 00 00 00 00  ................
dcd0  00 00 00 00 00 00 00 00 00 00 00 00 00 00 00 00  ................
dce0  00 00 00 00 00 00 00 00 00 00 00 00 00 00 00 00  ................
dcf0  00 00 00 00 00 00 00 00 00 00 00 00 00 00 00 00  ................
dd00  00 00 00 00 00 00 00 00 00 00 00 00 00 00 00 00  ................
dd10  00 00 00 00 00 00 00 00 00 00 00 00 00 00 00 00  ................
dd20  00 00 00 00 00 00 00 00 00 00 00 00 00 00 00 00  ................
dd30  00 00 00 00 00 00 00 00 00 00 00 00 00 00 00 00  ................
dd40  00 00 00 00 00 00 00 00 00 00 00 00 00 00 00 00  ................
dd50  00 00 00 00 00 00 00 00 00 00 00 00 00 00 00 00  ................
dd60  00 00 00 00 00 00 00 00 00 00 00 00 00 00 00 00  ................
dd70  00 00 00 00 00 00 00 00 00 00 00 00 00 00 00 00  ................
dd80  00 00 00 00 00 00 00 00 00 00 00 00 00 00 00 00  ................
dd90  00 00 00 00 00 00 00 00 00 00 00 00 00 00 00 00  ................
dda0  00 00 00 00 00 00 00 00 00 00 00 00 00 00 00 00  ................
ddb0  00 00 00 00 00 00 00 00 00 00 00 00 00 00 00 00  ................
ddc0  00 00 00 00 00 00 00 00 00 00 00 00 00 00 00 00  ................
ddd0  00 00 00 00 00 00 00 00 00 00 00 00 00 00 00 00  ................
dde0  00 00 00 00 00 00 00 00 00 00 00 00 00 00 00 00  ................
ddf0  00 00 00 00 00 00 00 00 00 00 00 00 00 00 00 00  ................
de00  00 00 00 00 00 00 00 00 00 00 00 00 00 00 00 00  ................
de10  00 00 00 00 00 00 00 00 00 00 00 00 00 00 00 00  ................
de20  00 00 00 00 00 00 00 00 00 00 00 00 00 00 00 00  ................
de30  00 00 00 00 00 00 00 00 00 00 00 00 00 00 00 00  ................
de40  00 00 00 00 00 00 00 00 00 00 00 00 00 00 00 00  ................
de50  00 00 00 00 00 00 00 00 00 00 00 00 00 00 00 00  ................
de60  00 00 00 00 00 00 00 00 00 00 00 00 00 00 00 00  ................
de70  00 00 00 00 00 00 00 00 00 00 00 00 00 00 00 00  ................
de80  00 00 00 00 00 00 00 00 00 00 00 00 00 00 00 00  ................
de90  00 00 00 00 00 00 00 00 00 00 00 00 00 00 00 00  ................
dea0  00 00 00 00 00 00 00 00 00 00 00 00 00 00 00 00  ................
deb0  00 00 00 00 00 00 00 00 00 00 00 00 00 00 00 00  ................
dec0  00 00 00 00 00 00 00 00 00 00 00 00 00 00 00 00  ................
ded0  00 00 00 00 00 00 00 00 00 00 00 00 00 00 00 00  ................
dee0  00 00 00 00 00 00 00 00 00 00 00 00 00 00 00 00  ................
def0  00 00 00 00 00 00 00 00 00 00 00 00 00 00 00 00  ................
df00  00 00 00 00 00 00 00 00 00 00 00 00 00 00 00 00  ................
df10  00 00 00 00 00 00 00 00 00 00 00 00 00 00 00 00  ................
df20  00 00 00 00 00 00 00 00 00 00 00 00 00 00 00 00  ................
df30  00 00 00 00 00 00 00 00 00 00 00 00 00 00 00 00  ................
df40  00 00 00 00 00 00 00 00 00 00 00 00 00 00 00 00  ................
df50  00 00 00 00 00 00 00 00 00 00 00 00 00 00 00 00  ................
df60  00 00 00 00 00 00 00 00 00 00 00 00 00 00 00 00  ................
df70  00 00 00 00 00 00 00 00 00 00 00 00 00 00 00 00  ................
df80  00 00 00 00 00 00 00 00 00 00 00 00 00 00 00 00  ................
df90  00 00 00 00 00 00 00 00 00 00 00 00 00 00 00 00  ................
dfa0  00 00 00 00 00 00 00 00 00 00 00 00 00 00 00 00  ................
dfb0  00 00 00 00 00 00 00 00 00 00 00 00 00 00 00 00  ................
dfc0  00 00 00 00 00 00 00 00 00 00 00 00 00 00 00 00  ................
dfd0  00 00 00 00 00 00 00 00 00 00 00 00 00 00 00 00  ................
dfe0  00 00 00 00 00 00 00 00 00 00 00 00 00 00 00 00  ................
dff0  00 00 00 00 00 00 00 00 00 00 00 00 00 00 00 00  ................
e000  00 00 00 00 00 00 00 00 00 00 00 00 00 00 00 00  ................
e010  00 00 00 00 00 00 00 00 00 00 00 00 00 00 00 00  ................
e020  00 00 00 00 00 00 00 00 00 00 00 00 00 00 00 00  ................
e030  00 00 00 00 00 00 00 00 00 00 00 00 00 00 00 00  ................
e040  00 00 00 00 00 00 00 00 00 00 00 00 00 00 00 00  ................
e050  00 00 00 00 00 00 00 00 00 00 00 00 00 00 00 00  ................
e060  00 00 00 00 00 00 00 00 00 00 00 00 00 00 00 00  ................
e070  00 00 00 00 00 00 00 00 00 00 00 00 00 00 00 00  ................
e080  00 00 00 00 00 00 00 00 00 00 00 00 00 00 00 00  ................
e090  00 00 00 00 00 00 00 00 00 00 00 00 00 00 00 00  ................
e0a0  00 00 00 00 00 00 00 00 00 00 00 00 00 00 00 00  ................
e0b0  00 00 00 00 00 00 00 00 00 00 00 00 00 00 00 00  ................
e0c0  00 00 00 00 00 00 00 00 00 00 00 00 00 00 00 00  ................
e0d0  00 00 00 00 00 00 00 00 00 00 00 00 00 00 00 00  ................
e0e0  00 00 00 00 00 00 00 00 00 00 00 00 00 00 00 00  ................
e0f0  00 00 00 00 00 00 00 00 00 00 00 00 00 00 00 00  ................
e100  00 00 00 00 00 00 00 00 00 00 00 00 00 00 00 00  ................
e110  00 00 00 00 00 00 00 00 00 00 00 00 00 00 00 00  ................
e120  00 00 00 00 00 00 00 00 00 00 00 00 00 00 00 00  ................
e130  00 00 00 00 00 00 00 00 00 00 00 00 00 00 00 00  ................
e140  00 00 00 00 00 00 00 00 00 00 00 00 00 00 00 00  ................
e150  00 00 00 00 00 00 00 00 00 00 00 00 00 00 00 00  ................
e160  00 00 00 00 00 00 00 00 00 00 00 00 00 00 00 00  ................
e170  00 00 00 00 00 00 00 00 00 00 00 00 00 00 00 00  ................
e180  00 00 00 00 00 00 00 00 00 00 00 00 00 00 00 00  ................
e190  00 00 00 00 00 00 00 00 00 00 00 00 00 00 00 00  ................
e1a0  00 00 00 00 00 00 00 00 00 00 00 00 00 00 00 00  ................
e1b0  00 00 00 00 00 00 00 00 00 00 00 00 00 00 00 00  ................
e1c0  00 00 00 00 00 00 00 00 00 00 00 00 00 00 00 00  ................
e1d0  00 00 00 00 00 00 00 00 00 00 00 00 00 00 00 00  ................
e1e0  00 00 00 00 00 00 00 00 00 00 00 00 00 00 00 00  ................
e1f0  00 00 00 00 00 00 00 00 00 00 00 00 00 00 00 00  ................
e200  00 00 00 00 00 00 00 00 00 00 00 00 00 00 00 00  ................
e210  00 00 00 00 00 00 00 00 00 00 00 00 00 00 00 00  ................
e220  00 00 00 00 00 00 00 00 00 00 00 00 00 00 00 00  ................
e230  00 00 00 00 00 00 00 00 00 00 00 00 00 00 00 00  ................
e240  00 00 00 00 00 00 00 00 00 00 00 00 00 00 00 00  ................
e250  00 00 00 00 00 00 00 00 00 00 00 00 00 00 00 00  ................
e260  00 00 00 00 00 00 00 00 00 00 00 00 00 00 00 00  ................
e270  00 00 00 00 00 00 00 00 00 00 00 00 00 00 00 00  ................
e280  00 00 00 00 00 00 00 00 00 00 00 00 00 00 00 00  ................
e290  00 00 00 00 00 00 00 00 00 00 00 00 00 00 00 00  ................
e2a0  00 00 00 00 00 00 00 00 00 00 00 00 00 00 00 00  ................
e2b0  00 00 00 00 00 00 00 00 00 00 00 00 00 00 00 00  ................
e2c0  00 00 00 00 00 00 00 00 00 00 00 00 00 00 00 00  ................
e2d0  00 00 00 00 00 00 00 00 00 00 00 00 00 00 00 00  ................
e2e0  00 00 00 00 00 00 00 00 00 00 00 00 00 00 00 00  ................
e2f0  00 00 00 00 00 00 00 00 00 00 00 00 00 00 00 00  ................
e300  00 00 00 00 00 00 00 00 00 00 00 00 00 00 00 00  ................
e310  00 00 00 00 00 00 00 00 00 00 00 00 00 00 00 00  ................
e320  00 00 00 00 00 00 00 00 00 00 00 00 00 00 00 00  ................
e330  00 00 00 00 00 00 00 00 00 00 00 00 00 00 00 00  ................
e340  00 00 00 00 00 00 00 00 00 00 00 00 00 00 00 00  ................
e350  00 00 00 00 00 00 00 00 00 00 00 00 00 00 00 00  ................
e360  00 00 00 00 00 00 00 00 00 00 00 00 00 00 00 00  ................
e370  00 00 00 00 00 00 00 00 00 00 00 00 00 00 00 00  ................
e380  00 00 00 00 00 00 00 00 00 00 00 00 00 00 00 00  ................
e390  00 00 00 00 00 00 00 00 00 00 00 00 00 00 00 00  ................
e3a0  00 00 00 00 00 00 00 00 00 00 00 00 00 00 00 00  ................
e3b0  00 00 00 00 00 00 00 00 00 00 00 00 00 00 00 00  ................
e3c0  00 00 00 00 00 00 00 00 00 00 00 00 00 00 00 00  ................
e3d0  00 00 00 00 00 00 00 00 00 00 00 00 00 00 00 00  ................
e3e0  00 00 00 00 00 00 00 00 00 00 00 00 00 00 00 00  ................
e3f0  00 00 00 00 00 00 00 00 00 00 00 00 00 00 00 00  ................
e400  00 00 00 00 00 00 00 00 00 00 00 00 00 00 00 00  ................
e410  00 00 00 00 00 00 00 00 00 00 00 00 00 00 00 00  ................
e420  00 00 00 00 00 00 00 00 00 00 00 00 00 00 00 00  ................
e430  00 00 00 00 00 00 00 00 00 00 00 00 00 00 00 00  ................
e440  00 00 00 00 00 00 00 00 00 00 00 00 00 00 00 00  ................
e450  00 00 00 00 00 00 00 00 00 00 00 00 00 00 00 00  ................
e460  00 00 00 00 00 00 00 00 00 00 00 00 00 00 00 00  ................
e470  00 00 00 00 00 00 00 00 00 00 00 00 00 00 00 00  ................
e480  00 00 00 00 00 00 00 00 00 00 00 00 00 00 00 00  ................
e490  00 00 00 00 00 00 00 00 00 00 00 00 00 00 00 00  ................
e4a0  00 00 00 00 00 00 00 00 00 00 00 00 00 00 00 00  ................
e4b0  00 00 00 00 00 00 00 00 00 00 00 00 00 00 00 00  ................
e4c0  00 00 00 00 00 00 00 00 00 00 00 00 00 00 00 00  ................
e4d0  00 00 00 00 00 00 00 00 00 00 00 00 00 00 00 00  ................
e4e0  00 00 00 00 00 00 00 00 00 00 00 00 00 00 00 00  ................
e4f0  00 00 00 00 00 00 00 00 00 00 00 00 00 00 00 00  ................
e500  00 00 00 00 00 00 00 00 00 00 00 00 00 00 00 00  ................
e510  00 00 00 00 00 00 00 00 00 00 00 00 00 00 00 00  ................
e520  00 00 00 00 00 00 00 00 00 00 00 00 00 00 00 00  ................
e530  00 00 00 00 00 00 00 00 00 00 00 00 00 00 00 00  ................
e540  00 00 00 00 00 00 00 00 00 00 00 00 00 00 00 00  ................
e550  00 00 00 00 00 00 00 00 00 00 00 00 00 00 00 00  ................
e560  00 00 00 00 00 00 00 00 00 00 00 00 00 00 00 00  ................
e570  00 00 00 00 00 00 00 00 00 00 00 00 00 00 00 00  ................
e580  00 00 00 00 00 00 00 00 00 00 00 00 00 00 00 00  ................
e590  00 00 00 00 00 00 00 00 00 00 00 00 00 00 00 00  ................
e5a0  00 00 00 00 00 00 00 00 00 00 00 00 00 00 00 00  ................
e5b0  00 00 00 00 00 00 00 00 00 00 00 00 00 00 00 00  ................
e5c0  00 00 00 00 00 00 00 00 00 00 00 00 00 00 00 00  ................
e5d0  00 00 00 00 00 00 00 00 00 00 00 00 00 00 00 00  ................
e5e0  00 00 00 00 00 00 00 00 00 00 00 00 00 00 00 00  ................
e5f0  00 00 00 00 00 00 00 00 00 00 00 00 00 00 00 00  ................
e600  00 00 00 00 00 00 00 00 00 00 00 00 00 00 00 00  ................
e610  00 00 00 00 00 00 00 00 00 00 00 00 00 00 00 00  ................
e620  00 00 00 00 00 00 00 00 00 00 00 00 00 00 00 00  ................
e630  00 00 00 00 00 00 00 00 00 00 00 00 00 00 00 00  ................
e640  00 00 00 00 00 00 00 00 00 00 00 00 00 00 00 00  ................
e650  00 00 00 00 00 00 00 00 00 00 00 00 00 00 00 00  ................
e660  00 00 00 00 00 00 00 00 00 00 00 00 00 00 00 00  ................
e670  00 00 00 00 00 00 00 00 00 00 00 00 00 00 00 00  ................
e680  00 00 00 00 00 00 00 00 00 00 00 00 00 00 00 00  ................
e690  00 00 00 00 00 00 00 00 00 00 00 00 00 00 00 00  ................
e6a0  00 00 00 00 00 00 00 00 00 00 00 00 00 00 00 00  ................
e6b0  00 00 00 00 00 00 00 00 00 00 00 00 00 00 00 00  ................
e6c0  00 00 00 00 00 00 00 00 00 00 00 00 00 00 00 00  ................
e6d0  00 00 00 00 00 00 00 00 00 00 00 00 00 00 00 00  ................
e6e0  00 00 00 00 00 00 00 00 00 00 00 00 00 00 00 00  ................
e6f0  00 00 00 00 00 00 00 00 00 00 00 00 00 00 00 00  ................
e700  00 00 00 00 00 00 00 00 00 00 00 00 00 00 00 00  ................
e710  00 00 00 00 00 00 00 00 00 00 00 00 00 00 00 00  ................
e720  00 00 00 00 00 00 00 00 00 00 00 00 00 00 00 00  ................
e730  00 00 00 00 00 00 00 00 00 00 00 00 00 00 00 00  ................
e740  00 00 00 00 00 00 00 00 00 00 00 00 00 00 00 00  ................
e750  00 00 00 00 00 00 00 00 00 00 00 00 00 00 00 00  ................
e760  00 00 00 00 00 00 00 00 00 00 00 00 00 00 00 00  ................
e770  00 00 00 00 00 00 00 00 00 00 00 00 00 00 00 00  ................
e780  00 00 00 00 00 00 00 00 00 00 00 00 00 00 00 00  ................
e790  00 00 00 00 00 00 00 00 00 00 00 00 00 00 00 00  ................
e7a0  00 00 00 00 00 00 00 00 00 00 00 00 00 00 00 00  ................
e7b0  00 00 00 00 00 00 00 00 00 00 00 00 00 00 00 00  ................
e7c0  00 00 00 00 00 00 00 00 00 00 00 00 00 00 00 00  ................
e7d0  00 00 00 00 00 00 00 00 00 00 00 00 00 00 00 00  ................
e7e0  00 00 00 00 00 00 00 00 00 00 00 00 00 00 00 00  ................
e7f0  00 00 00 00 00 00 00 00 00 00 00 00 00 00 00 00  ................
e800  00 00 00 00 00 00 00 00 00 00 00 00 00 00 00 00  ................
e810  00 00 00 00 00 00 00 00 00 00 00 00 00 00 00 00  ................
e820  00 00 00 00 00 00 00 00 00 00 00 00 00 00 00 00  ................
e830  00 00 00 00 00 00 00 00 00 00 00 00 00 00 00 00  ................
e840  00 00 00 00 00 00 00 00 00 00 00 00 00 00 00 00  ................
e850  00 00 00 00 00 00 00 00 00 00 00 00 00 00 00 00  ................
e860  00 00 00 00 00 00 00 00 00 00 00 00 00 00 00 00  ................
e870  00 00 00 00 00 00 00 00 00 00 00 00 00 00 00 00  ................
e880  00 00 00 00 00 00 00 00 00 00 00 00 00 00 00 00  ................
e890  00 00 00 00 00 00 00 00 00 00 00 00 00 00 00 00  ................
e8a0  00 00 00 00 00 00 00 00 00 00 00 00 00 00 00 00  ................
e8b0  00 00 00 00 00 00 00 00 00 00 00 00 00 00 00 00  ................
e8c0  00 00 00 00 00 00 00 00 00 00 00 00 00 00 00 00  ................
e8d0  00 00 00 00 00 00 00 00 00 00 00 00 00 00 00 00  ................
e8e0  00 00 00 00 00 00 00 00 00 00 00 00 00 00 00 00  ................
e8f0  00 00 00 00 00 00 00 00 00 00 00 00 00 00 00 00  ................
e900  00 00 00 00 00 00 00 00 00 00 00 00 00 00 00 00  ................
e910  00 00 00 00 00 00 00 00 00 00 00 00 00 00 00 00  ................
e920  00 00 00 00 00 00 00 00 00 00 00 00 00 00 00 00  ................
e930  00 00 00 00 00 00 00 00 00 00 00 00 00 00 00 00  ................
e940  00 00 00 00 00 00 00 00 00 00 00 00 00 00 00 00  ................
e950  00 00 00 00 00 00 00 00 00 00 00 00 00 00 00 00  ................
e960  00 00 00 00 00 00 00 00 00 00 00 00 00 00 00 00  ................
e970  00 00 00 00 00 00 00 00 00 00 00 00 00 00 00 00  ................
e980  00 00 00 00 00 00 00 00 00 00 00 00 00 00 00 00  ................
e990  00 00 00 00 00 00 00 00 00 00 00 00 00 00 00 00  ................
e9a0  00 00 00 00 00 00 00 00 00 00 00 00 00 00 00 00  ................
e9b0  00 00 00 00 00 00 00 00 00 00 00 00 00 00 00 00  ................
e9c0  00 00 00 00 00 00 00 00 00 00 00 00 00 00 00 00  ................
e9d0  00 00 00 00 00 00 00 00 00 00 00 00 00 00 00 00  ................
e9e0  00 00 00 00 00 00 00 00 00 00 00 00 00 00 00 00  ................
e9f0  00 00 00 00 00 00 00 00 00 00 00 00 00 00 00 00  ................
ea00  00 00 00 00 00 00 00 00 00 00 00 00 00 00 00 00  ................
ea10  00 00 00 00 00 00 00 00 00 00 00 00 00 00 00 00  ................
ea20  00 00 00 00 00 00 00 00 00 00 00 00 00 00 00 00  ................
ea30  00 00 00 00 00 00 00 00 00 00 00 00 00 00 00 00  ................
ea40  00 00 00 00 00 00 00 00 00 00 00 00 00 00 00 00  ................
ea50  00 00 00 00 00 00 00 00 00 00 00 00 00 00 00 00  ................
ea60  00 00 00 00 00 00 00 00 00 00 00 00 00 00 00 00  ................
ea70  00 00 00 00 00 00 00 00 00 00 00 00 00 00 00 00  ................
ea80  00 00 00 00 00 00 00 00 00 00 00 00 00 00 00 00  ................
ea90  00 00 00 00 00 00 00 00 00 00 00 00 00 00 00 00  ................
eaa0  00 00 00 00 00 00 00 00 00 00 00 00 00 00 00 00  ................
eab0  00 00 00 00 00 00 00 00 00 00 00 00 00 00 00 00  ................
eac0  00 00 00 00 00 00 00 00 00 00 00 00 00 00 00 00  ................
ead0  00 00 00 00 00 00 00 00 00 00 00 00 00 00 00 00  ................
eae0  00 00 00 00 00 00 00 00 00 00 00 00 00 00 00 00  ................
eaf0  00 00 00 00 00 00 00 00 00 00 00 00 00 00 00 00  ................
eb00  00 00 00 00 00 00 00 00 00 00 00 00 00 00 00 00  ................
eb10  00 00 00 00 00 00 00 00 00 00 00 00 00 00 00 00  ................
eb20  00 00 00 00 00 00 00 00 00 00 00 00 00 00 00 00  ................
eb30  00 00 00 00 00 00 00 00 00 00 00 00 00 00 00 00  ................
eb40  00 00 00 00 00 00 00 00 00 00 00 00 00 00 00 00  ................
eb50  00 00 00 00 00 00 00 00 00 00 00 00 00 00 00 00  ................
eb60  00 00 00 00 00 00 00 00 00 00 00 00 00 00 00 00  ................
eb70  00 00 00 00 00 00 00 00 00 00 00 00 00 00 00 00  ................
eb80  00 00 00 00 00 00 00 00 00 00 00 00 00 00 00 00  ................
eb90  00 00 00 00 00 00 00 00 00 00 00 00 00 00 00 00  ................
eba0  00 00 00 00 00 00 00 00 00 00 00 00 00 00 00 00  ................
ebb0  00 00 00 00 00 00 00 00 00 00 00 00 00 00 00 00  ................
ebc0  00 00 00 00 00 00 00 00 00 00 00 00 00 00 00 00  ................
ebd0  00 00 00 00 00 00 00 00 00 00 00 00 00 00 00 00  ................
ebe0  00 00 00 00 00 00 00 00 00 00 00 00 00 00 00 00  ................
ebf0  00 00 00 00 00 00 00 00 00 00 00 00 00 00 00 00  ................
ec00  00 00 00 00 00 00 00 00 00 00 00 00 00 00 00 00  ................
ec10  00 00 00 00 00 00 00 00 00 00 00 00 00 00 00 00  ................
ec20  00 00 00 00 00 00 00 00 00 00 00 00 00 00 00 00  ................
ec30  00 00 00 00 00 00 00 00 00 00 00 00 00 00 00 00  ................
ec40  00 00 00 00 00 00 00 00 00 00 00 00 00 00 00 00  ................
ec50  00 00 00 00 00 00 00 00 00 00 00 00 00 00 00 00  ................
ec60  00 00 00 00 00 00 00 00 00 00 00 00 00 00 00 00  ................
ec70  00 00 00 00 00 00 00 00 00 00 00 00 00 00 00 00  ................
ec80  00 00 00 00 00 00 00 00 00 00 00 00 00 00 00 00  ................
ec90  00 00 00 00 00 00 00 00 00 00 00 00 00 00 00 00  ................
eca0  00 00 00 00 00 00 00 00 00 00 00 00 00 00 00 00  ................
ecb0  00 00 00 00 00 00 00 00 00 00 00 00 00 00 00 00  ................
ecc0  00 00 00 00 00 00 00 00 00 00 00 00 00 00 00 00  ................
ecd0  00 00 00 00 00 00 00 00 00 00 00 00 00 00 00 00  ................
ece0  00 00 00 00 00 00 00 00 00 00 00 00 00 00 00 00  ................
ecf0  00 00 00 00 00 00 00 00 00 00 00 00 00 00 00 00  ................
ed00  00 00 00 00 00 00 00 00 00 00 00 00 00 00 00 00  ................
ed10  00 00 00 00 00 00 00 00 00 00 00 00 00 00 00 00  ................
ed20  00 00 00 00 00 00 00 00 00 00 00 00 00 00 00 00  ................
ed30  00 00 00 00 00 00 00 00 00 00 00 00 00 00 00 00  ................
ed40  00 00 00 00 00 00 00 00 00 00 00 00 00 00 00 00  ................
ed50  00 00 00 00 00 00 00 00 00 00 00 00 00 00 00 00  ................
ed60  00 00 00 00 00 00 00 00 00 00 00 00 00 00 00 00  ................
ed70  00 00 00 00 00 00 00 00 00 00 00 00 00 00 00 00  ................
ed80  00 00 00 00 00 00 00 00 00 00 00 00 00 00 00 00  ................
ed90  00 00 00 00 00 00 00 00 00 00 00 00 00 00 00 00  ................
eda0  00 00 00 00 00 00 00 00 00 00 00 00 00 00 00 00  ................
edb0  00 00 00 00 00 00 00 00 00 00 00 00 00 00 00 00  ................
edc0  00 00 00 00 00 00 00 00 00 00 00 00 00 00 00 00  ................
edd0  00 00 00 00 00 00 00 00 00 00 00 00 00 00 00 00  ................
ede0  00 00 00 00 00 00 00 00 00 00 00 00 00 00 00 00  ................
edf0  00 00 00 00 00 00 00 00 00 00 00 00 00 00 00 00  ................
ee00  00 00 00 00 00 00 00 00 00 00 00 00 00 00 00 00  ................
ee10  00 00 00 00 00 00 00 00 00 00 00 00 00 00 00 00  ................
ee20  00 00 00 00 00 00 00 00 00 00 00 00 00 00 00 00  ................
ee30  00 00 00 00 00 00 00 00 00 00 00 00 00 00 00 00  ................
ee40  00 00 00 00 00 00 00 00 00 00 00 00 00 00 00 00  ................
ee50  00 00 00 00 00 00 00 00 00 00 00 00 00 00 00 00  ................
ee60  00 00 00 00 00 00 00 00 00 00 00 00 00 00 00 00  ................
ee70  00 00 00 00 00 00 00 00 00 00 00 00 00 00 00 00  ................
ee80  00 00 00 00 00 00 00 00 00 00 00 00 00 00 00 00  ................
ee90  00 00 00 00 00 00 00 00 00 00 00 00 00 00 00 00  ................
eea0  00 00 00 00 00 00 00 00 00 00 00 00 00 00 00 00  ................
eeb0  00 00 00 00 00 00 00 00 00 00 00 00 00 00 00 00  ................
eec0  00 00 00 00 00 00 00 00 00 00 00 00 00 00 00 00  ................
eed0  00 00 00 00 00 00 00 00 00 00 00 00 00 00 00 00  ................
eee0  00 00 00 00 00 00 00 00 00 00 00 00 00 00 00 00  ................
eef0  00 00 00 00 00 00 00 00 00 00 00 00 00 00 00 00  ................
ef00  00 00 00 00 00 00 00 00 00 00 00 00 00 00 00 00  ................
ef10  00 00 00 00 00 00 00 00 00 00 00 00 00 00 00 00  ................
ef20  00 00 00 00 00 00 00 00 00 00 00 00 00 00 00 00  ................
ef30  00 00 00 00 00 00 00 00 00 00 00 00 00 00 00 00  ................
ef40  00 00 00 00 00 00 00 00 00 00 00 00 00 00 00 00  ................
ef50  00 00 00 00 00 00 00 00 00 00 00 00 00 00 00 00  ................
ef60  00 00 00 00 00 00 00 00 00 00 00 00 00 00 00 00  ................
ef70  00 00 00 00 00 00 00 00 00 00 00 00 00 00 00 00  ................
ef80  00 00 00 00 00 00 00 00 00 00 00 00 00 00 00 00  ................
ef90  00 00 00 00 00 00 00 00 00 00 00 00 00 00 00 00  ................
efa0  00 00 00 00 00 00 00 00 00 00 00 00 00 00 00 00  ................
efb0  00 00 00 00 00 00 00 00 00 00 00 00 00 00 00 00  ................
efc0  00 00 00 00 00 00 00 00 00 00 00 00 00 00 00 00  ................
efd0  00 00 00 00 00 00 00 00 00 00 00 00 00 00 00 00  ................
efe0  00 00 00 00 00 00 00 00 00 00 00 00 00 00 00 00  ................
eff0  00 00 00 00 00 00 00 00 00 00 00 00 00 00 00 00  ................
f000  00 00 00 00 00 00 00 00 00 00 00 00 00 00 00 00  ................
f010  00 00 00 00 00 00 00 00 00 00 00 00 00 00 00 00  ................
f020  00 00 00 00 00 00 00 00 00 00 00 00 00 00 00 00  ................
f030  00 00 00 00 00 00 00 00 00 00 00 00 00 00 00 00  ................
f040  00 00 00 00 00 00 00 00 00 00 00 00 00 00 00 00  ................
f050  00 00 00 00 00 00 00 00 00 00 00 00 00 00 00 00  ................
f060  00 00 00 00 00 00 00 00 00 00 00 00 00 00 00 00  ................
f070  00 00 00 00 00 00 00 00 00 00 00 00 00 00 00 00  ................
f080  00 00 00 00 00 00 00 00 00 00 00 00 00 00 00 00  ................
f090  00 00 00 00 00 00 00 00 00 00 00 00 00 00 00 00  ................
f0a0  00 00 00 00 00 00 00 00 00 00 00 00 00 00 00 00  ................
f0b0  00 00 00 00 00 00 00 00 00 00 00 00 00 00 00 00  ................
f0c0  00 00 00 00 00 00 00 00 00 00 00 00 00 00 00 00  ................
f0d0  00 00 00 00 00 00 00 00 00 00 00 00 00 00 00 00  ................
f0e0  00 00 00 00 00 00 00 00 00 00 00 00 00 00 00 00  ................
f0f0  00 00 00 00 00 00 00 00 00 00 00 00 00 00 00 00  ................
f100  00 00 00 00 00 00 00 00 00 00 00 00 00 00 00 00  ................
f110  00 00 00 00 00 00 00 00 00 00 00 00 00 00 00 00  ................
f120  00 00 00 00 00 00 00 00 00 00 00 00 00 00 00 00  ................
f130  00 00 00 00 00 00 00 00 00 00 00 00 00 00 00 00  ................
f140  00 00 00 00 00 00 00 00 00 00 00 00 00 00 00 00  ................
f150  00 00 00 00 00 00 00 00 00 00 00 00 00 00 00 00  ................
f160  00 00 00 00 00 00 00 00 00 00 00 00 00 00 00 00  ................
f170  00 00 00 00 00 00 00 00 00 00 00 00 00 00 00 00  ................
f180  00 00 00 00 00 00 00 00 00 00 00 00 00 00 00 00  ................
f190  00 00 00 00 00 00 00 00 00 00 00 00 00 00 00 00  ................
f1a0  00 00 00 00 00 00 00 00 00 00 00 00 00 00 00 00  ................
f1b0  00 00 00 00 00 00 00 00 00 00 00 00 00 00 00 00  ................
f1c0  00 00 00 00 00 00 00 00 00 00 00 00 00 00 00 00  ................
f1d0  00 00 00 00 00 00 00 00 00 00 00 00 00 00 00 00  ................
f1e0  00 00 00 00 00 00 00 00 00 00 00 00 00 00 00 00  ................
f1f0  00 00 00 00 00 00 00 00 00 00 00 00 00 00 00 00  ................
f200  00 00 00 00 00 00 00 00 00 00 00 00 00 00 00 00  ................
f210  00 00 00 00 00 00 00 00 00 00 00 00 00 00 00 00  ................
f220  00 00 00 00 00 00 00 00 00 00 00 00 00 00 00 00  ................
f230  00 00 00 00 00 00 00 00 00 00 00 00 00 00 00 00  ................
f240  00 00 00 00 00 00 00 00 00 00 00 00 00 00 00 00  ................
f250  00 00 00 00 00 00 00 00 00 00 00 00 00 00 00 00  ................
f260  00 00 00 00 00 00 00 00 00 00 00 00 00 00 00 00  ................
f270  00 00 00 00 00 00 00 00 00 00 00 00 00 00 00 00  ................
f280  00 00 00 00 00 00 00 00 00 00 00 00 00 00 00 00  ................
f290  00 00 00 00 00 00 00 00 00 00 00 00 00 00 00 00  ................
f2a0  00 00 00 00 00 00 00 00 00 00 00 00 00 00 00 00  ................
f2b0  00 00 00 00 00 00 00 00 00 00 00 00 00 00 00 00  ................
f2c0  00 00 00 00 00 00 00 00 00 00 00 00 00 00 00 00  ................
f2d0  00 00 00 00 00 00 00 00 00 00 00 00 00 00 00 00  ................
f2e0  00 00 00 00 00 00 00 00 00 00 00 00 00 00 00 00  ................
f2f0  00 00 00 00 00 00 00 00 00 00 00 00 00 00 00 00  ................
f300  00 00 00 00 00 00 00 00 00 00 00 00 00 00 00 00  ................
f310  00 00 00 00 00 00 00 00 00 00 00 00 00 00 00 00  ................
f320  00 00 00 00 00 00 00 00 00 00 00 00 00 00 00 00  ................
f330  00 00 00 00 00 00 00 00 00 00 00 00 00 00 00 00  ................
f340  00 00 00 00 00 00 00 00 00 00 00 00 00 00 00 00  ................
f350  00 00 00 00 00 00 00 00 00 00 00 00 00 00 00 00  ................
f360  00 00 00 00 00 00 00 00 00 00 00 00 00 00 00 00  ................
f370  00 00 00 00 00 00 00 00 00 00 00 00 00 00 00 00  ................
f380  00 00 00 00 00 00 00 00 00 00 00 00 00 00 00 00  ................
f390  00 00 00 00 00 00 00 00 00 00 00 00 00 00 00 00  ................
f3a0  00 00 00 00 00 00 00 00 00 00 00 00 00 00 00 00  ................
f3b0  00 00 00 00 00 00 00 00 00 00 00 00 00 00 00 00  ................
f3c0  00 00 00 00 00 00 00 00 00 00 00 00 00 00 00 00  ................
f3d0  00 00 00 00 00 00 00 00 00 00 00 00 00 00 00 00  ................
f3e0  00 00 00 00 00 00 00 00 00 00 00 00 00 00 00 00  ................
f3f0  00 00 00 00 00 00 00 00 00 00 00 00 00 00 00 00  ................
f400  00 00 00 00 00 00 00 00 00 00 00 00 00 00 00 00  ................
f410  00 00 00 00 00 00 00 00 00 00 00 00 00 00 00 00  ................
f420  00 00 00 00 00 00 00 00 00 00 00 00 00 00 00 00  ................
f430  00 00 00 00 00 00 00 00 00 00 00 00 00 00 00 00  ................
f440  00 00 00 00 00 00 00 00 00 00 00 00 00 00 00 00  ................
f450  00 00 00 00 00 00 00 00 00 00 00 00 00 00 00 00  ................
f460  00 00 00 00 00 00 00 00 00 00 00 00 00 00 00 00  ................
f470  00 00 00 00 00 00 00 00 00 00 00 00 00 00 00 00  ................
f480  00 00 00 00 00 00 00 00 00 00 00 00 00 00 00 00  ................
f490  00 00 00 00 00 00 00 00 00 00 00 00 00 00 00 00  ................
f4a0  00 00 00 00 00 00 00 00 00 00 00 00 00 00 00 00  ................
f4b0  00 00 00 00 00 00 00 00 00 00 00 00 00 00 00 00  ................
f4c0  00 00 00 00 00 00 00 00 00 00 00 00 00 00 00 00  ................
f4d0  00 00 00 00 00 00 00 00 00 00 00 00 00 00 00 00  ................
f4e0  00 00 00 00 00 00 00 00 00 00 00 00 00 00 00 00  ................
f4f0  00 00 00 00 00 00 00 00 00 00 00 00 00 00 00 00  ................
f500  00 00 00 00 00 00 00 00 00 00 00 00 00 00 00 00  ................
f510  00 00 00 00 00 00 00 00 00 00 00 00 00 00 00 00  ................
f520  00 00 00 00 00 00 00 00 00 00 00 00 00 00 00 00  ................
f530  00 00 00 00 00 00 00 00 00 00 00 00 00 00 00 00  ................
f540  00 00 00 00 00 00 00 00 00 00 00 00 00 00 00 00  ................
f550  00 00 00 00 00 00 00 00 00 00 00 00 00 00 00 00  ................
f560  00 00 00 00 00 00 00 00 00 00 00 00 00 00 00 00  ................
f570  00 00 00 00 00 00 00 00 00 00 00 00 00 00 00 00  ................
f580  00 00 00 00 00 00 00 00 00 00 00 00 00 00 00 00  ................
f590  00 00 00 00 00 00 00 00 00 00 00 00 00 00 00 00  ................
f5a0  00 00 00 00 00 00 00 00 00 00 00 00 00 00 00 00  ................
f5b0  00 00 00 00 00 00 00 00 00 00 00 00 00 00 00 00  ................
f5c0  00 00 00 00 00 00 00 00 00 00 00 00 00 00 00 00  ................
f5d0  00 00 00 00 00 00 00 00 00 00 00 00 00 00 00 00  ................
f5e0  00 00 00 00 00 00 00 00 00 00 00 00 00 00 00 00  ................
f5f0  00 00 00 00 00 00 00 00 00 00 00 00 00 00 00 00  ................
f600  00 00 00 00 00 00 00 00 00 00 00 00 00 00 00 00  ................
f610  00 00 00 00 00 00 00 00 00 00 00 00 00 00 00 00  ................
f620  00 00 00 00 00 00 00 00 00 00 00 00 00 00 00 00  ................
f630  00 00 00 00 00 00 00 00 00 00 00 00 00 00 00 00  ................
f640  00 00 00 00 00 00 00 00 00 00 00 00 00 00 00 00  ................
f650  00 00 00 00 00 00 00 00 00 00 00 00 00 00 00 00  ................
f660  00 00 00 00 00 00 00 00 00 00 00 00 00 00 00 00  ................
f670  00 00 00 00 00 00 00 00 00 00 00 00 00 00 00 00  ................
f680  00 00 00 00 00 00 00 00 00 00 00 00 00 00 00 00  ................
f690  00 00 00 00 00 00 00 00 00 00 00 00 00 00 00 00  ................
f6a0  00 00 00 00 00 00 00 00 00 00 00 00 00 00 00 00  ................
f6b0  00 00 00 00 00 00 00 00 00 00 00 00 00 00 00 00  ................
f6c0  00 00 00 00 00 00 00 00 00 00 00 00 00 00 00 00  ................
f6d0  00 00 00 00 00 00 00 00 00 00 00 00 00 00 00 00  ................
f6e0  00 00 00 00 00 00 00 00 00 00 00 00 00 00 00 00  ................
f6f0  00 00 00 00 00 00 00 00 00 00 00 00 00 00 00 00  ................
f700  00 00 00 00 00 00 00 00 00 00 00 00 00 00 00 00  ................
f710  00 00 00 00 00 00 00 00 00 00 00 00 00 00 00 00  ................
f720  00 00 00 00 00 00 00 00 00 00 00 00 00 00 00 00  ................
f730  00 00 00 00 00 00 00 00 00 00 00 00 00 00 00 00  ................
f740  00 00 00 00 00 00 00 00 00 00 00 00 00 00 00 00  ................
f750  00 00 00 00 00 00 00 00 00 00 00 00 00 00 00 00  ................
f760  00 00 00 00 00 00 00 00 00 00 00 00 00 00 00 00  ................
f770  00 00 00 00 00 00 00 00 00 00 00 00 00 00 00 00  ................
f780  00 00 00 00 00 00 00 00 00 00 00 00 00 00 00 00  ................
f790  00 00 00 00 00 00 00 00 00 00 00 00 00 00 00 00  ................
f7a0  00 00 00 00 00 00 00 00 00 00 00 00 00 00 00 00  ................
f7b0  00 00 00 00 00 00 00 00 00 00 00 00 00 00 00 00  ................
f7c0  00 00 00 00 00 00 00 00 00 00 00 00 00 00 00 00  ................
f7d0  00 00 00 00 00 00 00 00 00 00 00 00 00 00 00 00  ................
f7e0  00 00 00 00 00 00 00 00 00 00 00 00 00 00 00 00  ................
f7f0  00 00 00 00 00 00 00 00 00 00 00 00 00 00 00 00  ................
f800  00 00 00 00 00 00 00 00 00 00 00 00 00 00 00 00  ................
f810  00 00 00 00 00 00 00 00 00 00 00 00 00 00 00 00  ................
f820  00 00 00 00 00 00 00 00 00 00 00 00 00 00 00 00  ................
f830  00 00 00 00 00 00 00 00 00 00 00 00 00 00 00 00  ................
f840  00 00 00 00 00 00 00 00 00 00 00 00 00 00 00 00  ................
f850  00 00 00 00 00 00 00 00 00 00 00 00 00 00 00 00  ................
f860  00 00 00 00 00 00 00 00 00 00 00 00 00 00 00 00  ................
f870  00 00 00 00 00 00 00 00 00 00 00 00 00 00 00 00  ................
f880  00 00 00 00 00 00 00 00 00 00 00 00 00 00 00 00  ................
f890  00 00 00 00 00 00 00 00 00 00 00 00 00 00 00 00  ................
f8a0  00 00 00 00 00 00 00 00 00 00 00 00 00 00 00 00  ................
f8b0  00 00 00 00 00 00 00 00 00 00 00 00 00 00 00 00  ................
f8c0  00 00 00 00 00 00 00 00 00 00 00 00 00 00 00 00  ................
f8d0  00 00 00 00 00 00 00 00 00 00 00 00 00 00 00 00  ................
f8e0  00 00 00 00 00 00 00 00 00 00 00 00 00 00 00 00  ................
f8f0  00 00 00 00 00 00 00 00 00 00 00 00 00 00 00 00  ................
f900  00 00 00 00 00 00 00 00 00 00 00 00 00 00 00 00  ................
f910  00 00 00 00 00 00 00 00 00 00 00 00 00 00 00 00  ................
f920  00 00 00 00 00 00 00 00 00 00 00 00 00 00 00 00  ................
f930  00 00 00 00 00 00 00 00 00 00 00 00 00 00 00 00  ................
f940  00 00 00 00 00 00 00 00 00 00 00 00 00 00 00 00  ................
f950  00 00 00 00 00 00 00 00 00 00 00 00 00 00 00 00  ................
f960  00 00 00 00 00 00 00 00 00 00 00 00 00 00 00 00  ................
f970  00 00 00 00 00 00 00 00 00 00 00 00 00 00 00 00  ................
f980  00 00 00 00 00 00 00 00 00 00 00 00 00 00 00 00  ................
f990  00 00 00 00 00 00 00 00 00 00 00 00 00 00 00 00  ................
f9a0  00 00 00 00 00 00 00 00 00 00 00 00 00 00 00 00  ................
f9b0  00 00 00 00 00 00 00 00 00 00 00 00 00 00 00 00  ................
f9c0  00 00 00 00 00 00 00 00 00 00 00 00 00 00 00 00  ................
f9d0  00 00 00 00 00 00 00 00 00 00 00 00 00 00 00 00  ................
f9e0  00 00 00 00 00 00 00 00 00 00 00 00 00 00 00 00  ................
f9f0  00 00 00 00 00 00 00 00 00 00 00 00 00 00 00 00  ................
fa00  00 00 00 00 00 00 00 00 00 00 00 00 00 00 00 00  ................
fa10  00 00 00 00 00 00 00 00 00 00 00 00 00 00 00 00  ................
fa20  00 00 00 00 00 00 00 00 00 00 00 00 00 00 00 00  ................
fa30  00 00 00 00 00 00 00 00 00 00 00 00 00 00 00 00  ................
fa40  00 00 00 00 00 00 00 00 00 00 00 00 00 00 00 00  ................
fa50  00 00 00 00 00 00 00 00 00 00 00 00 00 00 00 00  ................
fa60  00 00 00 00 00 00 00 00 00 00 00 00 00 00 00 00  ................
fa70  00 00 00 00 00 00 00 00 00 00 00 00 00 00 00 00  ................
fa80  00 00 00 00 00 00 00 00 00 00 00 00 00 00 00 00  ................
fa90  00 00 00 00 00 00 00 00 00 00 00 00 00 00 00 00  ................
faa0  00 00 00 00 00 00 00 00 00 00 00 00 00 00 00 00  ................
fab0  00 00 00 00 00 00 00 00 00 00 00 00 00 00 00 00  ................
fac0  00 00 00 00 00 00 00 00 00 00 00 00 00 00 00 00  ................
fad0  00 00 00 00 00 00 00 00 00 00 00 00 00 00 00 00  ................
fae0  00 00 00 00 00 00 00 00 00 00 00 00 00 00 00 00  ................
faf0  00 00 00 00 00 00 00 00 00 00 00 00 00 00 00 00  ................
fb00  00 00 00 00 00 00 00 00 00 00 00 00 00 00 00 00  ................
fb10  00 00 00 00 00 00 00 00 00 00 00 00 00 00 00 00  ................
fb20  00 00 00 00 00 00 00 00 00 00 00 00 00 00 00 00  ................
fb30  00 00 00 00 00 00 00 00 00 00 00 00 00 00 00 00  ................
fb40  00 00 00 00 00 00 00 00 00 00 00 00 00 00 00 00  ................
fb50  00 00 00 00 00 00 00 00 00 00 00 00 00 00 00 00  ................
fb60  00 00 00 00 00 00 00 00 00 00 00 00 00 00 00 00  ................
fb70  00 00 00 00 00 00 00 00 00 00 00 00 00 00 00 00  ................
fb80  00 00 00 00 00 00 00 00 00 00 00 00 00 00 00 00  ................
fb90  00 00 00 00 00 00 00 00 00 00 00 00 00 00 00 00  ................
fba0  00 00 00 00 00 00 00 00 00 00 00 00 00 00 00 00  ................
fbb0  00 00 00 00 00 00 00 00 00 00 00 00 00 00 00 00  ................
fbc0  00 00 00 00 00 00 00 00 00 00 00 00 00 00 00 00  ................
fbd0  00 00 00 00 00 00 00 00 00 00 00 00 00 00 00 00  ................
fbe0  00 00 00 00 00 00 00 00 00 00 00 00 00 00 00 00  ................
fbf0  00 00 00 00 00 00 00 00 00 00 00 00 00 00 00 00  ................
fc00  00 00 00 00 00 00 00 00 00 00 00 00 00 00 00 00  ................
fc10  00 00 00 00 00 00 00 00 00 00 00 00 00 00 00 00  ................
fc20  00 00 00 00 00 00 00 00 00 00 00 00 00 00 00 00  ................
fc30  00 00 00 00 00 00 00 00 00 00 00 00 00 00 00 00  ................
fc40  00 00 00 00 00 00 00 00 00 00 00 00 00 00 00 00  ................
fc50  00 00 00 00 00 00 00 00 00 00 00 00 00 00 00 00  ................
fc60  00 00 00 00 00 00 00 00 00 00 00 00 00 00 00 00  ................
fc70  00 00 00 00 00 00 00 00 00 00 00 00 00 00 00 00  ................
fc80  00 00 00 00 00 00 00 00 00 00 00 00 00 00 00 00  ................
fc90  00 00 00 00 00 00 00 00 00 00 00 00 00 00 00 00  ................
fca0  00 00 00 00 00 00 00 00 00 00 00 00 00 00 00 00  ................
fcb0  00 00 00 00 00 00 00 00 00 00 00 00 00 00 00 00  ................
fcc0  00 00 00 00 00 00 00 00 00 00 00 00 00 00 00 00  ................
fcd0  00 00 00 00 00 00 00 00 00 00 00 00 00 00 00 00  ................
fce0  00 00 00 00 00 00 00 00 00 00 00 00 00 00 00 00  ................
fcf0  00 00 00 00 00 00 00 00 00 00 00 00 00 00 00 00  ................
fd00  00 00 00 00 00 00 00 00 00 00 00 00 00 00 00 00  ................
fd10  00 00 00 00 00 00 00 00 00 00 00 00 00 00 00 00  ................
fd20  00 00 00 00 00 00 00 00 00 00 00 00 00 00 00 00  ................
fd30  00 00 00 00 00 00 00 00 00 00 00 00 00 00 00 00  ................
fd40  00 00 00 00 00 00 00 00 00 00 00 00 00 00 00 00  ................
fd50  00 00 00 00 00 00 00 00 00 00 00 00 00 00 00 00  ................
fd60  00 00 00 00 00 00 00 00 00 00 00 00 00 00 00 00  ................
fd70  00 00 00 00 00 00 00 00 00 00 00 00 00 00 00 00  ................
fd80  00 00 00 00 00 00 00 00 00 00 00 00 00 00 00 00  ................
fd90  00 00 00 00 00 00 00 00 00 00 00 00 00 00 00 00  ................
fda0  00 00 00 00 00 00 00 00 00 00 00 00 00 00 00 00  ................
fdb0  00 00 00 00 00 00 00 00 00 00 00 00 00 00 00 00  ................
fdc0  00 00 00 00 00 00 00 00 00 00 00 00 00 00 00 00  ................
fdd0  00 00 00 00 00 00 00 00 00 00 00 00 00 00 00 00  ................
fde0  00 00 00 00 00 00 00 00 00 00 00 00 00 00 00 00  ................
fdf0  00 00 00 00 00 00 00 00 00 00 00 00 00 00 00 00  ................
fe00  00 00 00 00 00 00 00 00 00 00 00 00 00 00 00 00  ................
fe10  00 00 00 00 00 00 00 00 00 00 00 00 00 00 00 00  ................
fe20  00 00 00 00 00 00 00 00 00 00 00 00 00 00 00 00  ................
fe30  00 00 00 00 00 00 00 00 00 00 00 00 00 00 00 00  ................
fe40  00 00 00 00 00 00 00 00 00 00 00 00 00 00 00 00  ................
fe50  00 00 00 00 00 00 00 00 00 00 00 00 00 00 00 00  ................
fe60  00 00 00 00 00 00 00 00 00 00 00 00 00 00 00 00  ................
fe70  00 00 00 00 00 00 00 00 00 00 00 00 00 00 00 00  ................
fe80  00 00 00 00 00 00 00 00 00 00 00 00 00 00 00 00  ................
fe90  00 00 00 00 00 00 00 00 00 00 00 00 00 00 00 00  ................
fea0  00 00 00 00 00 00 00 00 00 00 00 00 00 00 00 00  ................
feb0  00 00 00 00 00 00 00 00 00 00 00 00 00 00 00 00  ................
fec0  00 00 00 00 00 00 00 00 00 00 00 00 00 00 00 00  ................
fed0  00 00 00 00 00 00 00 00 00 00 00 00 00 00 00 00  ................
fee0  00 00 00 00 00 00 00 00 00 00 00 00 00 00 00 00  ................
fef0  00 00 00 00 00 00 00 00 00 00 00 00 00 00 00 00  ................
ff00  00 00 00 00 00 00 00 00 00 00 00 00 00 00 00 00  ................
ff10  00 00 00 00 00 00 00 00 00 00 00 00 00 00 00 00  ................
ff20  00 00 00 00 00 00 00 00 00 00 00 00 00 00 00 00  ................
ff30  00 00 00 00 00 00 00 00 00 00 00 00 00 00 00 00  ................
ff40  00 00 00 00 00 00 00 00 00 00 00 00 00 00 00 00  ................
ff50  00 00 00 00 00 00 00 00 00 00 00 00 00 00 00 00  ................
ff60  00 00 00 00 00 00 00 00 00 00 00 00 00 00 00 00  ................
ff70  00 00 00 00 00 00 00 00 00 00 00 00 00 00 00 00  ................
ff80  00 00 00 00 00 00 00 00 00 00 00 00 00 00 00 00  ................
ff90  00 00 00 00 00 00 00 00 00 00 00 00 00 00 00 00  ................
ffa0  00 00 00 00 00 00 00 00 00 00 00 00 00 00 00 00  ................
ffb0  00 00 00 00 00 00 00 00 00 00 00 00 00 00 00 00  ................
ffc0  00 00 00 00 00 00 00 00 00 00 00 00 00 00 00 00  ................
ffd0  00 00 00 00 00 00 00 00 00 00 00 00 00 00 00 00  ................
ffe0  00 00 00 00 00 00 00 00 00 00 00 00 00 00 00 00  ................
fff0  00 00 00 00 00 00 00 00 00 00 00 00 00 00 00 00  ................
10000  ff ff ff ff ff ff ff ff ff ff ff ff ff ff ff ff  ................
10010  ff ff ff ff ff ff ff ff ff ff ff ff ff ff ff ff  ................
10020  ff ff ff ff ff ff ff ff ff ff ff ff ff ff ff ff  ................
10030  ff ff ff ff ff ff ff ff ff ff ff ff ff ff ff ff  ................
10040  ff ff ff ff ff ff ff ff ff ff ff ff ff ff ff ff  ................
10050  ff ff ff ff ff ff ff ff ff ff ff ff ff ff ff ff  ................
10060  ff ff ff ff ff ff ff ff ff ff ff ff ff ff ff ff  ................
10070  ff ff ff ff ff ff ff ff ff ff ff ff ff ff ff ff  ................
10080  ff ff ff ff ff ff ff ff ff ff ff ff ff ff ff ff  ................
10090  ff ff ff ff ff ff ff ff ff ff ff ff ff ff ff ff  ................
100a0  ff ff ff ff ff ff ff ff ff ff ff ff ff ff ff ff  ................
100b0  ff ff ff ff ff ff ff ff ff ff ff ff ff ff ff ff  ................
100c0  ff ff ff ff ff ff ff ff ff ff ff ff ff ff ff ff  ................
100d0  ff ff ff ff ff ff ff ff ff ff ff ff ff ff ff ff  ................
100e0  ff ff ff ff ff ff ff ff ff ff ff ff ff ff ff ff  ................
100f0  ff ff ff ff ff ff ff ff ff ff ff ff ff ff ff ff  ................
10100  ff ff ff ff ff ff ff ff ff ff ff ff ff ff ff ff  ................
10110  ff ff ff ff ff ff ff ff ff ff ff ff ff ff ff ff  ................
10120  ff ff ff ff ff ff ff ff ff ff ff ff ff ff ff ff  ................
10130  ff ff ff ff ff ff ff ff ff ff ff ff ff ff ff ff  ................
10140  ff ff ff ff ff ff ff ff ff ff ff ff ff ff ff ff  ................
10150  ff ff ff ff ff ff ff ff ff ff ff ff ff ff ff ff  ................
10160  ff ff ff ff ff ff ff ff ff ff ff ff ff ff ff ff  ................
10170  ff ff ff ff ff ff ff ff ff ff ff ff ff ff ff ff  ................
10180  ff ff ff ff ff ff ff ff ff ff ff ff ff ff ff ff  ................
10190  ff ff ff ff ff ff ff ff ff ff ff ff ff ff ff ff  ................
101a0  ff ff ff ff ff ff ff ff ff ff ff ff ff ff ff ff  ................
101b0  ff ff ff ff ff ff ff ff ff ff ff ff ff ff ff ff  ................
101c0  ff ff ff ff ff ff ff ff ff ff ff ff ff ff ff ff  ................
101d0  ff ff ff ff ff ff ff ff ff ff ff ff ff ff ff ff  ................
101e0  ff ff ff ff ff ff ff ff ff ff ff ff ff ff ff ff  ................
101f0  ff ff ff ff ff ff ff ff ff ff ff ff ff ff ff ff  ................
10200  ff ff ff ff ff ff ff ff ff ff ff ff ff ff ff ff  ................
10210  ff ff ff ff ff ff ff ff ff ff ff ff ff ff ff ff  ................
10220  ff ff ff ff ff ff ff ff ff ff ff ff ff ff ff ff  ................
10230  ff ff ff ff ff ff ff ff ff ff ff ff ff ff ff ff  ................
10240  ff ff ff ff ff ff ff ff ff ff ff ff ff ff ff ff  ................
10250  ff ff ff ff ff ff ff ff ff ff ff ff ff ff ff ff  ................
10260  ff ff ff ff ff ff ff ff ff ff ff ff ff ff ff ff  ................
10270  ff ff ff ff ff ff ff ff ff ff ff ff ff ff ff ff  ................
10280  ff ff ff ff ff ff ff ff ff ff ff ff ff ff ff ff  ................
10290  ff ff ff ff ff ff ff ff ff ff ff ff ff ff ff ff  ................
102a0  ff ff ff ff ff ff ff ff ff ff ff ff ff ff ff ff  ................
102b0  ff ff ff ff ff ff ff ff ff ff ff ff ff ff ff ff  ................
102c0  ff ff ff ff ff ff ff ff ff ff ff ff ff ff ff ff  ................
102d0  ff ff ff ff ff ff ff ff ff ff ff ff ff ff ff ff  ................
102e0  ff ff ff ff ff ff ff ff ff ff ff ff ff ff ff ff  ................
102f0  ff ff ff ff ff ff ff ff ff ff ff ff ff ff ff ff  ................
10300  ff ff ff ff ff ff ff ff ff ff ff ff ff ff ff ff  ................
10310  ff ff ff ff ff ff ff ff ff ff ff ff ff ff ff ff  ................
10320  ff ff ff ff ff ff ff ff ff ff ff ff ff ff ff ff  ................
10330  ff ff ff ff ff ff ff ff ff ff ff ff ff ff ff ff  ................
10340  ff ff ff ff ff ff ff ff ff ff ff ff ff ff ff ff  ................
10350  ff ff ff ff ff ff ff ff ff ff ff ff ff ff ff ff  ................
10360  ff ff ff ff ff ff ff ff ff ff ff ff ff ff ff ff  ................
10370  ff ff ff ff ff ff ff ff ff ff ff ff ff ff ff ff  ................
10380  ff ff ff ff ff ff ff ff ff ff ff ff ff ff ff ff  ................
10390  ff ff ff ff ff ff ff ff ff ff ff ff ff ff ff ff  ................
103a0  ff ff ff ff ff ff ff ff ff ff ff ff ff ff ff ff  ................
103b0  ff ff ff ff ff ff ff ff ff ff ff ff ff ff ff ff  ................
103c0  ff ff ff ff ff ff ff ff ff ff ff ff ff ff ff ff  ................
103d0  ff ff ff ff ff ff ff ff ff ff ff ff ff ff ff ff  ................
103e0  ff ff ff ff ff ff ff ff ff ff ff ff ff ff ff ff  ................
103f0  ff ff ff ff ff ff ff ff ff ff ff ff ff ff ff ff  ................
10400  ff ff ff ff ff ff ff ff ff ff ff ff ff ff ff ff  ................
10410  ff ff ff ff ff ff ff ff ff ff ff ff ff ff ff ff  ................
10420  ff ff ff ff ff ff ff ff ff ff ff ff ff ff ff ff  ................
10430  ff ff ff ff ff ff ff ff ff ff ff ff ff ff ff ff  ................
10440  ff ff ff ff ff ff ff ff ff ff ff ff ff ff ff ff  ................
10450  ff ff ff ff ff ff ff ff ff ff ff ff ff ff ff ff  ................
10460  ff ff ff ff ff ff ff ff ff ff ff ff ff ff ff ff  ................
10470  ff ff ff ff ff ff ff ff ff ff ff ff ff ff ff ff  ................
10480  ff ff ff ff ff ff ff ff ff ff ff ff ff ff ff ff  ................
10490  ff ff ff ff ff ff ff ff ff ff ff ff ff ff ff ff  ................
104a0  ff ff ff ff ff ff ff ff ff ff ff ff ff ff ff ff  ................
104b0  ff ff ff ff ff ff ff ff ff ff ff ff ff ff ff ff  ................
104c0  ff ff ff ff ff ff ff ff ff ff ff ff ff ff ff ff  ................
104d0  ff ff ff ff ff ff ff ff ff ff ff ff ff ff ff ff  ................
104e0  ff ff ff ff ff ff ff ff ff ff ff ff ff ff ff ff  ................
104f0  ff ff ff ff ff ff ff ff ff ff ff ff ff ff ff ff  ................
10500  ff ff ff ff ff ff ff ff ff ff ff ff ff ff ff ff  ................
10510  ff ff ff ff ff ff ff ff ff ff ff ff ff ff ff ff  ................
10520  ff ff ff ff ff ff ff ff ff ff ff ff ff ff ff ff  ................
10530  ff ff ff ff ff ff ff ff ff ff ff ff ff ff ff ff  ................
10540  ff ff ff ff ff ff ff ff ff ff ff ff ff ff ff ff  ................
10550  ff ff ff ff ff ff ff ff ff ff ff ff ff ff ff ff  ................
10560  ff ff ff ff ff ff ff ff ff ff ff ff ff ff ff ff  ................
10570  ff ff ff ff ff ff ff ff ff ff ff ff ff ff ff ff  ................
10580  ff ff ff ff ff ff ff ff ff ff ff ff ff ff ff ff  ................
10590  ff ff ff ff ff ff ff ff ff ff ff ff ff ff ff ff  ................
105a0  ff ff ff ff ff ff ff ff ff ff ff ff ff ff ff ff  ................
105b0  ff ff ff ff ff ff ff ff ff ff ff ff ff ff ff ff  ................
105c0  ff ff ff ff ff ff ff ff ff ff ff ff ff ff ff ff  ................
105d0  ff ff ff ff ff ff ff ff ff ff ff ff ff ff ff ff  ................
105e0  ff ff ff ff ff ff ff ff ff ff ff ff ff ff ff ff  ................
105f0  ff ff ff ff ff ff ff ff ff ff ff ff ff ff ff ff  ................
10600  ff ff ff ff ff ff ff ff ff ff ff ff ff ff ff ff  ................
10610  ff ff ff ff ff ff ff ff ff ff ff ff ff ff ff ff  ................
10620  ff ff ff ff ff ff ff ff ff ff ff ff ff ff ff ff  ................
10630  ff ff ff ff ff ff ff ff ff ff ff ff ff ff ff ff  ................
10640  ff ff ff ff ff ff ff ff ff ff ff ff ff ff ff ff  ................
10650  ff ff ff ff ff ff ff ff ff ff ff ff ff ff ff ff  ................
10660  ff ff ff ff ff ff ff ff ff ff ff ff ff ff ff ff  ................
10670  ff ff ff ff ff ff ff ff ff ff ff ff ff ff ff ff  ................
10680  ff ff ff ff ff ff ff ff ff ff ff ff ff ff ff ff  ................
10690  ff ff ff ff ff ff ff ff ff ff ff ff ff ff ff ff  ................
106a0  ff ff ff ff ff ff ff ff ff ff ff ff ff ff ff ff  ................
106b0  ff ff ff ff ff ff ff ff ff ff ff ff ff ff ff ff  ................
106c0  ff ff ff ff ff ff ff ff ff ff ff ff ff ff ff ff  ................
106d0  ff ff ff ff ff ff ff ff ff ff ff ff ff ff ff ff  ................
106e0  ff ff ff ff ff ff ff ff ff ff ff ff ff ff ff ff  ................
106f0  ff ff ff ff ff ff ff ff ff ff ff ff ff ff ff ff  ................
10700  ff ff ff ff ff ff ff ff ff ff ff ff ff ff ff ff  ................
10710  ff ff ff ff ff ff ff ff ff ff ff ff ff ff ff ff  ................
10720  ff ff ff ff ff ff ff ff ff ff ff ff ff ff ff ff  ................
10730  ff ff ff ff ff ff ff ff ff ff ff ff ff ff ff ff  ................
10740  ff ff ff ff ff ff ff ff ff ff ff ff ff ff ff ff  ................
10750  ff ff ff ff ff ff ff ff ff ff ff ff ff ff ff ff  ................
10760  ff ff ff ff ff ff ff ff ff ff ff ff ff ff ff ff  ................
10770  ff ff ff ff ff ff ff ff ff ff ff ff ff ff ff ff  ................
10780  ff ff ff ff ff ff ff ff ff ff ff ff ff ff ff ff  ................
10790  ff ff ff ff ff ff ff ff ff ff ff ff ff ff ff ff  ................
107a0  ff ff ff ff ff ff ff ff ff ff ff ff ff ff ff ff  ................
107b0  ff ff ff ff ff ff ff ff ff ff ff ff ff ff ff ff  ................
107c0  ff ff ff ff ff ff ff ff ff ff ff ff ff ff ff ff  ................
107d0  ff ff ff ff ff ff ff ff ff ff ff ff ff ff ff ff  ................
107e0  ff ff ff ff ff ff ff ff ff ff ff ff ff ff ff ff  ................
107f0  ff ff ff ff ff ff ff ff ff ff ff ff ff ff ff ff  ................
10800  00 00 00 00 00 00 00 00 00 00 00 00 00 00 00 00  ................
10810  00 00 00 00 00 00 00 00 00 00 00 00 00 00 00 00  ................
10820  00 00 00 00 00 00 00 00 00 00 00 00 00 00 00 00  ................
10830  00 00 00 00 00 00 00 00 00 00 00 00 00 00 00 00  ................
10840  00 00 00 00 00 00 00 00 00 00 00 00 00 00 00 00  ................
10850  00 00 00 00 00 00 00 00 00 00 00 00 00 00 00 00  ................
10860  00 00 00 00 00 00 00 00 00 00 00 00 00 00 00 00  ................
10870  00 00 00 00 00 00 00 00 00 00 00 00 00 00 00 00  ................
10880  00 00 00 00 00 00 00 00 00 00 00 00 00 00 00 00  ................
10890  00 00 00 00 00 00 00 00 00 00 00 00 00 00 00 00  ................
108a0  00 00 00 00 00 00 00 00 00 00 00 00 00 00 00 00  ................
108b0  00 00 00 00 00 00 00 00 00 00 00 00 00 00 00 00  ................
108c0  00 00 00 00 00 00 00 00 00 00 00 00 00 00 00 00  ................
108d0  00 00 00 00 00 00 00 00 00 00 00 00 00 00 00 00  ................
108e0  00 00 00 00 00 00 00 00 00 00 00 00 00 00 00 00  ................
108f0  00 00 00 00 00 00 00 00 00 00 00 00 00 00 00 00  ................
10900  00 00 00 00 00 00 00 00 00 00 00 00 00 00 00 00  ................
10910  00 00 00 00 00 00 00 00 00 00 00 00 00 00 00 00  ................
10920  00 00 00 00 00 00 00 00 00 00 00 00 00 00 00 00  ................
10930  00 00 00 00 00 00 00 00 00 00 00 00 00 00 00 00  ................
10940  00 00 00 00 00 00 00 00 00 00 00 00 00 00 00 00  ................
10950  00 00 00 00 00 00 00 00 00 00 00 00 00 00 00 00  ................
10960  00 00 00 00 00 00 00 00 00 00 00 00 00 00 00 00  ................
10970  00 00 00 00 00 00 00 00 00 00 00 00 00 00 00 00  ................
10980  00 00 00 00 00 00 00 00 00 00 00 00 00 00 00 00  ................
10990  00 00 00 00 00 00 00 00 00 00 00 00 00 00 00 00  ................
109a0  00 00 00 00 00 00 00 00 00 00 00 00 00 00 00 00  ................
109b0  00 00 00 00 00 00 00 00 00 00 00 00 00 00 00 00  ................
109c0  00 00 00 00 00 00 00 00 00 00 00 00 00 00 00 00  ................
109d0  00 00 00 00 00 00 00 00 00 00 00 00 00 00 00 00  ................
109e0  00 00 00 00 00 00 00 00 00 00 00 00 00 00 00 00  ................
109f0  00 00 00 00 00 00 00 00 00 00 00 00 00 00 00 00  ................
10a00  00 00 00 00 00 00 00 00 00 00 00 00 00 00 00 00  ................
10a10  00 00 00 00 00 00 00 00 00 00 00 00 00 00 00 00  ................
10a20  00 00 00 00 00 00 00 00 00 00 00 00 00 00 00 00  ................
10a30  00 00 00 00 00 00 00 00 00 00 00 00 00 00 00 00  ................
10a40  00 00 00 00 00 00 00 00 00 00 00 00 00 00 00 00  ................
10a50  00 00 00 00 00 00 00 00 00 00 00 00 00 00 00 00  ................
10a60  00 00 00 00 00 00 00 00 00 00 00 00 00 00 00 00  ................
10a70  00 00 00 00 00 00 00 00 00 00 00 00 00 00 00 00  ................
10a80  00 00 00 00 00 00 00 00 00 00 00 00 00 00 00 00  ................
10a90  00 00 00 00 00 00 00 00 00 00 00 00 00 00 00 00  ................
10aa0  00 00 00 00 00 00 00 00 00 00 00 00 00 00 00 00  ................
10ab0  00 00 00 00 00 00 00 00 00 00 00 00 00 00 00 00  ................
10ac0  00 00 00 00 00 00 00 00 00 00 00 00 00 00 00 00  ................
10ad0  00 00 00 00 00 00 00 00 00 00 00 00 00 00 00 00  ................
10ae0  00 00 00 00 00 00 00 00 00 00 00 00 00 00 00 00  ................
10af0  00 00 00 00 00 00 00 00 00 00 00 00 00 00 00 00  ................
10b00  00 00 00 00 00 00 00 00 00 00 00 00 00 00 00 00  ................
10b10  00 00 00 00 00 00 00 00 00 00 00 00 00 00 00 00  ................
10b20  00 00 00 00 00 00 00 00 00 00 00 00 00 00 00 00  ................
10b30  00 00 00 00 00 00 00 00 00 00 00 00 00 00 00 00  ................
10b40  00 00 00 00 00 00 00 00 00 00 00 00 00 00 00 00  ................
10b50  00 00 00 00 00 00 00 00 00 00 00 00 00 00 00 00  ................
10b60  00 00 00 00 00 00 00 00 00 00 00 00 00 00 00 00  ................
10b70  00 00 00 00 00 00 00 00 00 00 00 00 00 00 00 00  ................
10b80  00 00 00 00 00 00 00 00 00 00 00 00 00 00 00 00  ................
10b90  00 00 00 00 00 00 00 00 00 00 00 00 00 00 00 00  ................
10ba0  00 00 00 00 00 00 00 00 00 00 00 00 00 00 00 00  ................
10bb0  00 00 00 00 00 00 00 00 00 00 00 00 00 00 00 00  ................
10bc0  00 00 00 00 00 00 00 00 00 00 00 00 00 00 00 00  ................
10bd0  00 00 00 00 00 00 00 00 00 00 00 00 00 00 00 00  ................
10be0  00 00 00 00 00 00 00 00 00 00 00 00 00 00 00 00  ................
10bf0  00 00 00 00 00 00 00 00 00 00 00 00 00 00 00 00  ................
10c00  00 00 00 00 00 00 00 00 00 00 00 00 00 00 00 00  ................
10c10  00 00 00 00 00 00 00 00 00 00 00 00 00 00 00 00  ................
10c20  00 00 00 00 00 00 00 00 00 00 00 00 00 00 00 00  ................
10c30  00 00 00 00 00 00 00 00 00 00 00 00 00 00 00 00  ................
10c40  00 00 00 00 00 00 00 00 00 00 00 00 00 00 00 00  ................
10c50  00 00 00 00 00 00 00 00 00 00 00 00 00 00 00 00  ................
10c60  00 00 00 00 00 00 00 00 00 00 00 00 00 00 00 00  ................
10c70  00 00 00 00 00 00 00 00 00 00 00 00 00 00 00 00  ................
10c80  00 00 00 00 00 00 00 00 00 00 00 00 00 00 00 00  ................
10c90  00 00 00 00 00 00 00 00 00 00 00 00 00 00 00 00  ................
10ca0  00 00 00 00 00 00 00 00 00 00 00 00 00 00 00 00  ................
10cb0  00 00 00 00 00 00 00 00 00 00 00 00 00 00 00 00  ................
10cc0  00 00 00 00 00 00 00 00 00 00 00 00 00 00 00 00  ................
10cd0  00 00 00 00 00 00 00 00 00 00 00 00 00 00 00 00  ................
10ce0  00 00 00 00 00 00 00 00 00 00 00 00 00 00 00 00  ................
10cf0  00 00 00 00 00 00 00 00 00 00 00 00 00 00 00 00  ................
10d00  00 00 00 00 00 00 00 00 00 00 00 00 00 00 00 00  ................
10d10  00 00 00 00 00 00 00 00 00 00 00 00 00 00 00 00  ................
10d20  00 00 00 00 00 00 00 00 00 00 00 00 00 00 00 00  ................
10d30  00 00 00 00 00 00 00 00 00 00 00 00 00 00 00 00  ................
10d40  00 00 00 00 00 00 00 00 00 00 00 00 00 00 00 00  ................
10d50  00 00 00 00 00 00 00 00 00 00 00 00 00 00 00 00  ................
10d60  00 00 00 00 00 00 00 00 00 00 00 00 00 00 00 00  ................
10d70  00 00 00 00 00 00 00 00 00 00 00 00 00 00 00 00  ................
10d80  00 00 00 00 00 00 00 00 00 00 00 00 00 00 00 00  ................
10d90  00 00 00 00 00 00 00 00 00 00 00 00 00 00 00 00  ................
10da0  00 00 00 00 00 00 00 00 00 00 00 00 00 00 00 00  ................
10db0  00 00 00 00 00 00 00 00 00 00 00 00 00 00 00 00  ................
10dc0  00 00 00 00 00 00 00 00 00 00 00 00 00 00 00 00  ................
10dd0  00 00 00 00 00 00 00 00 00 00 00 00 00 00 00 00  ................
10de0  00 00 00 00 00 00 00 00 00 00 00 00 00 00 00 00  ................
10df0  00 00 00 00 00 00 00 00 00 00 00 00 00 00 00 00  ................
10e00  00 00 00 00 00 00 00 00 00 00 00 00 00 00 00 00  ................
10e10  00 00 00 00 00 00 00 00 00 00 00 00 00 00 00 00  ................
10e20  00 00 00 00 00 00 00 00 00 00 00 00 00 00 00 00  ................
10e30  00 00 00 00 00 00 00 00 00 00 00 00 00 00 00 00  ................
10e40  00 00 00 00 00 00 00 00 00 00 00 00 00 00 00 00  ................
10e50  00 00 00 00 00 00 00 00 00 00 00 00 00 00 00 00  ................
10e60  00 00 00 00 00 00 00 00 00 00 00 00 00 00 00 00  ................
10e70  00 00 00 00 00 00 00 00 00 00 00 00 00 00 00 00  ................
10e80  00 00 00 00 00 00 00 00 00 00 00 00 00 00 00 00  ................
10e90  00 00 00 00 00 00 00 00 00 00 00 00 00 00 00 00  ................
10ea0  00 00 00 00 00 00 00 00 00 00 00 00 00 00 00 00  ................
10eb0  00 00 00 00 00 00 00 00 00 00 00 00 00 00 00 00  ................
10ec0  00 00 00 00 00 00 00 00 00 00 00 00 00 00 00 00  ................
10ed0  00 00 00 00 00 00 00 00 00 00 00 00 00 00 00 00  ................
10ee0  00 00 00 00 00 00 00 00 00 00 00 00 00 00 00 00  ................
10ef0  00 00 00 00 00 00 00 00 00 00 00 00 00 00 00 00  ................
10f00  00 00 00 00 00 00 00 00 00 00 00 00 00 00 00 00  ................
10f10  00 00 00 00 00 00 00 00 00 00 00 00 00 00 00 00  ................
10f20  00 00 00 00 00 00 00 00 00 00 00 00 00 00 00 00  ................
10f30  00 00 00 00 00 00 00 00 00 00 00 00 00 00 00 00  ................
10f40  00 00 00 00 00 00 00 00 00 00 00 00 00 00 00 00  ................
10f50  00 00 00 00 00 00 00 00 00 00 00 00 00 00 00 00  ................
10f60  00 00 00 00 00 00 00 00 00 00 00 00 00 00 00 00  ................
10f70  00 00 00 00 00 00 00 00 00 00 00 00 00 00 00 00  ................
10f80  00 00 00 00 00 00 00 00 00 00 00 00 00 00 00 00  ................
10f90  00 00 00 00 00 00 00 00 00 00 00 00 00 00 00 00  ................
10fa0  00 00 00 00 00 00 00 00 00 00 00 00 00 00 00 00  ................
10fb0  00 00 00 00 00 00 00 00 00 00 00 00 00 00 00 00  ................
10fc0  00 00 00 00 00 00 00 00 00 00 00 00 00 00 00 00  ................
10fd0  00 00 00 00 00 00 00 00 00 00 00 00 00 00 00 00  ................
10fe0  00 00 00 00 00 00 00 00 00 00 00 00 00 00 00 00  ................
10ff0  00 00 00 00 00 00 00 00 00 00 00 00 00 00 00 00  ................
11000  00 00 00 00 00 00 00 00 00 00 00 00 00 00 00 00  ................
11010  00 00 00 00 00 00 00 00 00 00 00 00 00 00 00 00  ................
11020  00 00 00 00 00 00 00 00 00 00 00 00 00 00 00 00  ................
11030  00 00 00 00 00 00 00 00 00 00 00 00 00 00 00 00  ................
11040  00 00 00 00 00 00 00 00 00 00 00 00 00 00 00 00  ................
11050  00 00 00 00 00 00 00 00 00 00 00 00 00 00 00 00  ................
11060  00 00 00 00 00 00 00 00 00 00 00 00 00 00 00 00  ................
11070  00 00 00 00 00 00 00 00 00 00 00 00 00 00 00 00  ................
11080  00 00 00 00 00 00 00 00 00 00 00 00 00 00 00 00  ................
11090  00 00 00 00 00 00 00 00 00 00 00 00 00 00 00 00  ................
110a0  00 00 00 00 00 00 00 00 00 00 00 00 00 00 00 00  ................
110b0  00 00 00 00 00 00 00 00 00 00 00 00 00 00 00 00  ................
110c0  00 00 00 00 00 00 00 00 00 00 00 00 00 00 00 00  ................
110d0  00 00 00 00 00 00 00 00 00 00 00 00 00 00 00 00  ................
110e0  00 00 00 00 00 00 00 00 00 00 00 00 00 00 00 00  ................
110f0  00 00 00 00 00 00 00 00 00 00 00 00 00 00 00 00  ................
11100  00 00 00 00 00 00 00 00 00 00 00 00 00 00 00 00  ................
11110  00 00 00 00 00 00 00 00 00 00 00 00 00 00 00 00  ................
11120  00 00 00 00 00 00 00 00 00 00 00 00 00 00 00 00  ................
11130  00 00 00 00 00 00 00 00 00 00 00 00 00 00 00 00  ................
11140  00 00 00 00 00 00 00 00 00 00 00 00 00 00 00 00  ................
11150  00 00 00 00 00 00 00 00 00 00 00 00 00 00 00 00  ................
11160  00 00 00 00 00 00 00 00 00 00 00 00 00 00 00 00  ................
11170  00 00 00 00 00 00 00 00 00 00 00 00 00 00 00 00  ................
11180  00 00 00 00 00 00 00 00 00 00 00 00 00 00 00 00  ................
11190  00 00 00 00 00 00 00 00 00 00 00 00 00 00 00 00  ................
111a0  00 00 00 00 00 00 00 00 00 00 00 00 00 00 00 00  ................
111b0  00 00 00 00 00 00 00 00 00 00 00 00 00 00 00 00  ................
111c0  00 00 00 00 00 00 00 00 00 00 00 00 00 00 00 00  ................
111d0  00 00 00 00 00 00 00 00 00 00 00 00 00 00 00 00  ................
111e0  00 00 00 00 00 00 00 00 00 00 00 00 00 00 00 00  ................
111f0  00 00 00 00 00 00 00 00 00 00 00 00 00 00 00 00  ................
11200  00 00 00 00 00 00 00 00 00 00 00 00 00 00 00 00  ................
11210  00 00 00 00 00 00 00 00 00 00 00 00 00 00 00 00  ................
11220  00 00 00 00 00 00 00 00 00 00 00 00 00 00 00 00  ................
11230  00 00 00 00 00 00 00 00 00 00 00 00 00 00 00 00  ................
11240  00 00 00 00 00 00 00 00 00 00 00 00 00 00 00 00  ................
11250  00 00 00 00 00 00 00 00 00 00 00 00 00 00 00 00  ................
11260  00 00 00 00 00 00 00 00 00 00 00 00 00 00 00 00  ................
11270  00 00 00 00 00 00 00 00 00 00 00 00 00 00 00 00  ................
11280  00 00 00 00 00 00 00 00 00 00 00 00 00 00 00 00  ................
11290  00 00 00 00 00 00 00 00 00 00 00 00 00 00 00 00  ................
112a0  00 00 00 00 00 00 00 00 00 00 00 00 00 00 00 00  ................
112b0  00 00 00 00 00 00 00 00 00 00 00 00 00 00 00 00  ................
112c0  00 00 00 00 00 00 00 00 00 00 00 00 00 00 00 00  ................
112d0  00 00 00 00 00 00 00 00 00 00 00 00 00 00 00 00  ................
112e0  00 00 00 00 00 00 00 00 00 00 00 00 00 00 00 00  ................
112f0  00 00 00 00 00 00 00 00 00 00 00 00 00 00 00 00  ................
11300  00 00 00 00 00 00 00 00 00 00 00 00 00 00 00 00  ................
11310  00 00 00 00 00 00 00 00 00 00 00 00 00 00 00 00  ................
11320  00 00 00 00 00 00 00 00 00 00 00 00 00 00 00 00  ................
11330  00 00 00 00 00 00 00 00 00 00 00 00 00 00 00 00  ................
11340  00 00 00 00 00 00 00 00 00 00 00 00 00 00 00 00  ................
11350  00 00 00 00 00 00 00 00 00 00 00 00 00 00 00 00  ................
11360  00 00 00 00 00 00 00 00 00 00 00 00 00 00 00 00  ................
11370  00 00 00 00 00 00 00 00 00 00 00 00 00 00 00 00  ................
11380  00 00 00 00 00 00 00 00 00 00 00 00 00 00 00 00  ................
11390  00 00 00 00 00 00 00 00 00 00 00 00 00 00 00 00  ................
113a0  00 00 00 00 00 00 00 00 00 00 00 00 00 00 00 00  ................
113b0  00 00 00 00 00 00 00 00 00 00 00 00 00 00 00 00  ................
113c0  00 00 00 00 00 00 00 00 00 00 00 00 00 00 00 00  ................
113d0  00 00 00 00 00 00 00 00 00 00 00 00 00 00 00 00  ................
113e0  00 00 00 00 00 00 00 00 00 00 00 00 00 00 00 00  ................
113f0  00 00 00 00 00 00 00 00 00 00 00 00 00 00 00 00  ................
11400  00 00 00 00 00 00 00 00 00 00 00 00 00 00 00 00  ................
11410  00 00 00 00 00 00 00 00 00 00 00 00 00 00 00 00  ................
11420  00 00 00 00 00 00 00 00 00 00 00 00 00 00 00 00  ................
11430  00 00 00 00 00 00 00 00 00 00 00 00 00 00 00 00  ................
11440  00 00 00 00 00 00 00 00 00 00 00 00 00 00 00 00  ................
11450  00 00 00 00 00 00 00 00 00 00 00 00 00 00 00 00  ................
11460  00 00 00 00 00 00 00 00 00 00 00 00 00 00 00 00  ................
11470  00 00 00 00 00 00 00 00 00 00 00 00 00 00 00 00  ................
11480  00 00 00 00 00 00 00 00 00 00 00 00 00 00 00 00  ................
11490  00 00 00 00 00 00 00 00 00 00 00 00 00 00 00 00  ................
114a0  00 00 00 00 00 00 00 00 00 00 00 00 00 00 00 00  ................
114b0  00 00 00 00 00 00 00 00 00 00 00 00 00 00 00 00  ................
114c0  00 00 00 00 00 00 00 00 00 00 00 00 00 00 00 00  ................
114d0  00 00 00 00 00 00 00 00 00 00 00 00 00 00 00 00  ................
114e0  00 00 00 00 00 00 00 00 00 00 00 00 00 00 00 00  ................
114f0  00 00 00 00 00 00 00 00 00 00 00 00 00 00 00 00  ................
11500  00 00 00 00 00 00 00 00 00 00 00 00 00 00 00 00  ................
11510  00 00 00 00 00 00 00 00 00 00 00 00 00 00 00 00  ................
11520  00 00 00 00 00 00 00 00 00 00 00 00 00 00 00 00  ................
11530  00 00 00 00 00 00 00 00 00 00 00 00 00 00 00 00  ................
11540  00 00 00 00 00 00 00 00 00 00 00 00 00 00 00 00  ................
11550  00 00 00 00 00 00 00 00 00 00 00 00 00 00 00 00  ................
11560  00 00 00 00 00 00 00 00 00 00 00 00 00 00 00 00  ................
11570  00 00 00 00 00 00 00 00 00 00 00 00 00 00 00 00  ................
11580  00 00 00 00 00 00 00 00 00 00 00 00 00 00 00 00  ................
11590  00 00 00 00 00 00 00 00 00 00 00 00 00 00 00 00  ................
115a0  00 00 00 00 00 00 00 00 00 00 00 00 00 00 00 00  ................
115b0  00 00 00 00 00 00 00 00 00 00 00 00 00 00 00 00  ................
115c0  00 00 00 00 00 00 00 00 00 00 00 00 00 00 00 00  ................
115d0  00 00 00 00 00 00 00 00 00 00 00 00 00 00 00 00  ................
115e0  00 00 00 00 00 00 00 00 00 00 00 00 00 00 00 00  ................
115f0  00 00 00 00 00 00 00 00 00 00 00 00 00 00 00 00  ................
11600  00 00 00 00 00 00 00 00 00 00 00 00 00 00 00 00  ................
11610  00 00 00 00 00 00 00 00 00 00 00 00 00 00 00 00  ................
11620  00 00 00 00 00 00 00 00 00 00 00 00 00 00 00 00  ................
11630  00 00 00 00 00 00 00 00 00 00 00 00 00 00 00 00  ................
11640  00 00 00 00 00 00 00 00 00 00 00 00 00 00 00 00  ................
11650  00 00 00 00 00 00 00 00 00 00 00 00 00 00 00 00  ................
11660  00 00 00 00 00 00 00 00 00 00 00 00 00 00 00 00  ................
11670  00 00 00 00 00 00 00 00 00 00 00 00 00 00 00 00  ................
11680  00 00 00 00 00 00 00 00 00 00 00 00 00 00 00 00  ................
11690  00 00 00 00 00 00 00 00 00 00 00 00 00 00 00 00  ................
116a0  00 00 00 00 00 00 00 00 00 00 00 00 00 00 00 00  ................
116b0  00 00 00 00 00 00 00 00 00 00 00 00 00 00 00 00  ................
116c0  00 00 00 00 00 00 00 00 00 00 00 00 00 00 00 00  ................
116d0  00 00 00 00 00 00 00 00 00 00 00 00 00 00 00 00  ................
116e0  00 00 00 00 00 00 00 00 00 00 00 00 00 00 00 00  ................
116f0  00 00 00 00 00 00 00 00 00 00 00 00 00 00 00 00  ................
11700  00 00 00 00 00 00 00 00 00 00 00 00 00 00 00 00  ................
11710  00 00 00 00 00 00 00 00 00 00 00 00 00 00 00 00  ................
11720  00 00 00 00 00 00 00 00 00 00 00 00 00 00 00 00  ................
11730  00 00 00 00 00 00 00 00 00 00 00 00 00 00 00 00  ................
11740  00 00 00 00 00 00 00 00 00 00 00 00 00 00 00 00  ................
11750  00 00 00 00 00 00 00 00 00 00 00 00 00 00 00 00  ................
11760  00 00 00 00 00 00 00 00 00 00 00 00 00 00 00 00  ................
11770  00 00 00 00 00 00 00 00 00 00 00 00 00 00 00 00  ................
11780  00 00 00 00 00 00 00 00 00 00 00 00 00 00 00 00  ................
11790  00 00 00 00 00 00 00 00 00 00 00 00 00 00 00 00  ................
117a0  00 00 00 00 00 00 00 00 00 00 00 00 00 00 00 00  ................
117b0  00 00 00 00 00 00 00 00 00 00 00 00 00 00 00 00  ................
117c0  00 00 00 00 00 00 00 00 00 00 00 00 00 00 00 00  ................
117d0  00 00 00 00 00 00 00 00 00 00 00 00 00 00 00 00  ................
117e0  00 00 00 00 00 00 00 00 00 00 00 00 00 00 00 00  ................
117f0  00 00 00 00 00 00 00 00 00 00 00 00 00 00 00 00  ................
11800  00 00 00 00 00 00 00 00 00 00 00 00 00 00 00 00  ................
11810  00 00 00 00 00 00 00 00 00 00 00 00 00 00 00 00  ................
11820  00 00 00 00 00 00 00 00 00 00 00 00 00 00 00 00  ................
11830  00 00 00 00 00 00 00 00 00 00 00 00 00 00 00 00  ................
11840  00 00 00 00 00 00 00 00 00 00 00 00 00 00 00 00  ................
11850  00 00 00 00 00 00 00 00 00 00 00 00 00 00 00 00  ................
11860  00 00 00 00 00 00 00 00 00 00 00 00 00 00 00 00  ................
11870  00 00 00 00 00 00 00 00 00 00 00 00 00 00 00 00  ................
11880  00 00 00 00 00 00 00 00 00 00 00 00 00 00 00 00  ................
11890  00 00 00 00 00 00 00 00 00 00 00 00 00 00 00 00  ................
118a0  00 00 00 00 00 00 00 00 00 00 00 00 00 00 00 00  ................
118b0  00 00 00 00 00 00 00 00 00 00 00 00 00 00 00 00  ................
118c0  00 00 00 00 00 00 00 00 00 00 00 00 00 00 00 00  ................
118d0  00 00 00 00 00 00 00 00 00 00 00 00 00 00 00 00  ................
118e0  00 00 00 00 00 00 00 00 00 00 00 00 00 00 00 00  ................
118f0  00 00 00 00 00 00 00 00 00 00 00 00 00 00 00 00  ................
11900  00 00 00 00 00 00 00 00 00 00 00 00 00 00 00 00  ................
11910  00 00 00 00 00 00 00 00 00 00 00 00 00 00 00 00  ................
11920  00 00 00 00 00 00 00 00 00 00 00 00 00 00 00 00  ................
11930  00 00 00 00 00 00 00 00 00 00 00 00 00 00 00 00  ................
11940  00 00 00 00 00 00 00 00 00 00 00 00 00 00 00 00  ................
11950  00 00 00 00 00 00 00 00 00 00 00 00 00 00 00 00  ................
11960  00 00 00 00 00 00 00 00 00 00 00 00 00 00 00 00  ................
11970  00 00 00 00 00 00 00 00 00 00 00 00 00 00 00 00  ................
11980  00 00 00 00 00 00 00 00 00 00 00 00 00 00 00 00  ................
11990  00 00 00 00 00 00 00 00 00 00 00 00 00 00 00 00  ................
119a0  00 00 00 00 00 00 00 00 00 00 00 00 00 00 00 00  ................
119b0  00 00 00 00 00 00 00 00 00 00 00 00 00 00 00 00  ................
119c0  00 00 00 00 00 00 00 00 00 00 00 00 00 00 00 00  ................
119d0  00 00 00 00 00 00 00 00 00 00 00 00 00 00 00 00  ................
119e0  00 00 00 00 00 00 00 00 00 00 00 00 00 00 00 00  ................
119f0  00 00 00 00 00 00 00 00 00 00 00 00 00 00 00 00  ................
11a00  00 00 00 00 00 00 00 00 00 00 00 00 00 00 00 00  ................
11a10  00 00 00 00 00 00 00 00 00 00 00 00 00 00 00 00  ................
11a20  00 00 00 00 00 00 00 00 00 00 00 00 00 00 00 00  ................
11a30  00 00 00 00 00 00 00 00 00 00 00 00 00 00 00 00  ................
11a40  00 00 00 00 00 00 00 00 00 00 00 00 00 00 00 00  ................
11a50  00 00 00 00 00 00 00 00 00 00 00 00 00 00 00 00  ................
11a60  00 00 00 00 00 00 00 00 00 00 00 00 00 00 00 00  ................
11a70  00 00 00 00 00 00 00 00 00 00 00 00 00 00 00 00  ................
11a80  00 00 00 00 00 00 00 00 00 00 00 00 00 00 00 00  ................
11a90  00 00 00 00 00 00 00 00 00 00 00 00 00 00 00 00  ................
11aa0  00 00 00 00 00 00 00 00 00 00 00 00 00 00 00 00  ................
11ab0  00 00 00 00 00 00 00 00 00 00 00 00 00 00 00 00  ................
11ac0  00 00 00 00 00 00 00 00 00 00 00 00 00 00 00 00  ................
11ad0  00 00 00 00 00 00 00 00 00 00 00 00 00 00 00 00  ................
11ae0  00 00 00 00 00 00 00 00 00 00 00 00 00 00 00 00  ................
11af0  00 00 00 00 00 00 00 00 00 00 00 00 00 00 00 00  ................
11b00  00 00 00 00 00 00 00 00 00 00 00 00 00 00 00 00  ................
11b10  00 00 00 00 00 00 00 00 00 00 00 00 00 00 00 00  ................
11b20  00 00 00 00 00 00 00 00 00 00 00 00 00 00 00 00  ................
11b30  00 00 00 00 00 00 00 00 00 00 00 00 00 00 00 00  ................
11b40  00 00 00 00 00 00 00 00 00 00 00 00 00 00 00 00  ................
11b50  00 00 00 00 00 00 00 00 00 00 00 00 00 00 00 00  ................
11b60  00 00 00 00 00 00 00 00 00 00 00 00 00 00 00 00  ................
11b70  00 00 00 00 00 00 00 00 00 00 00 00 00 00 00 00  ................
11b80  00 00 00 00 00 00 00 00 00 00 00 00 00 00 00 00  ................
11b90  00 00 00 00 00 00 00 00 00 00 00 00 00 00 00 00  ................
11ba0  00 00 00 00 00 00 00 00 00 00 00 00 00 00 00 00  ................
11bb0  00 00 00 00 00 00 00 00 00 00 00 00 00 00 00 00  ................
11bc0  00 00 00 00 00 00 00 00 00 00 00 00 00 00 00 00  ................
11bd0  00 00 00 00 00 00 00 00 00 00 00 00 00 00 00 00  ................
11be0  00 00 00 00 00 00 00 00 00 00 00 00 00 00 00 00  ................
11bf0  00 00 00 00 00 00 00 00 00 00 00 00 00 00 00 00  ................
11c00  00 00 00 00 00 00 00 00 00 00 00 00 00 00 00 00  ................
11c10  00 00 00 00 00 00 00 00 00 00 00 00 00 00 00 00  ................
11c20  00 00 00 00 00 00 00 00 00 00 00 00 00 00 00 00  ................
11c30  00 00 00 00 00 00 00 00 00 00 00 00 00 00 00 00  ................
11c40  00 00 00 00 00 00 00 00 00 00 00 00 00 00 00 00  ................
11c50  00 00 00 00 00 00 00 00 00 00 00 00 00 00 00 00  ................
11c60  00 00 00 00 00 00 00 00 00 00 00 00 00 00 00 00  ................
11c70  00 00 00 00 00 00 00 00 00 00 00 00 00 00 00 00  ................
11c80  00 00 00 00 00 00 00 00 00 00 00 00 00 00 00 00  ................
11c90  00 00 00 00 00 00 00 00 00 00 00 00 00 00 00 00  ................
11ca0  00 00 00 00 00 00 00 00 00 00 00 00 00 00 00 00  ................
11cb0  00 00 00 00 00 00 00 00 00 00 00 00 00 00 00 00  ................
11cc0  00 00 00 00 00 00 00 00 00 00 00 00 00 00 00 00  ................
11cd0  00 00 00 00 00 00 00 00 00 00 00 00 00 00 00 00  ................
11ce0  00 00 00 00 00 00 00 00 00 00 00 00 00 00 00 00  ................
11cf0  00 00 00 00 00 00 00 00 00 00 00 00 00 00 00 00  ................
11d00  00 00 00 00 00 00 00 00 00 00 00 00 00 00 00 00  ................
11d10  00 00 00 00 00 00 00 00 00 00 00 00 00 00 00 00  ................
11d20  00 00 00 00 00 00 00 00 00 00 00 00 00 00 00 00  ................
11d30  00 00 00 00 00 00 00 00 00 00 00 00 00 00 00 00  ................
11d40  00 00 00 00 00 00 00 00 00 00 00 00 00 00 00 00  ................
11d50  00 00 00 00 00 00 00 00 00 00 00 00 00 00 00 00  ................
11d60  00 00 00 00 00 00 00 00 00 00 00 00 00 00 00 00  ................
11d70  00 00 00 00 00 00 00 00 00 00 00 00 00 00 00 00  ................
11d80  00 00 00 00 00 00 00 00 00 00 00 00 00 00 00 00  ................
11d90  00 00 00 00 00 00 00 00 00 00 00 00 00 00 00 00  ................
11da0  00 00 00 00 00 00 00 00 00 00 00 00 00 00 00 00  ................
11db0  00 00 00 00 00 00 00 00 00 00 00 00 00 00 00 00  ................
11dc0  00 00 00 00 00 00 00 00 00 00 00 00 00 00 00 00  ................
11dd0  00 00 00 00 00 00 00 00 00 00 00 00 00 00 00 00  ................
11de0  00 00 00 00 00 00 00 00 00 00 00 00 00 00 00 00  ................
11df0  00 00 00 00 00 00 00 00 00 00 00 00 00 00 00 00  ................
11e00  00 00 00 00 00 00 00 00 00 00 00 00 00 00 00 00  ................
11e10  00 00 00 00 00 00 00 00 00 00 00 00 00 00 00 00  ................
11e20  00 00 00 00 00 00 00 00 00 00 00 00 00 00 00 00  ................
11e30  00 00 00 00 00 00 00 00 00 00 00 00 00 00 00 00  ................
11e40  00 00 00 00 00 00 00 00 00 00 00 00 00 00 00 00  ................
11e50  00 00 00 00 00 00 00 00 00 00 00 00 00 00 00 00  ................
11e60  00 00 00 00 00 00 00 00 00 00 00 00 00 00 00 00  ................
11e70  00 00 00 00 00 00 00 00 00 00 00 00 00 00 00 00  ................
11e80  00 00 00 00 00 00 00 00 00 00 00 00 00 00 00 00  ................
11e90  00 00 00 00 00 00 00 00 00 00 00 00 00 00 00 00  ................
11ea0  00 00 00 00 00 00 00 00 00 00 00 00 00 00 00 00  ................
11eb0  00 00 00 00 00 00 00 00 00 00 00 00 00 00 00 00  ................
11ec0  00 00 00 00 00 00 00 00 00 00 00 00 00 00 00 00  ................
11ed0  00 00 00 00 00 00 00 00 00 00 00 00 00 00 00 00  ................
11ee0  00 00 00 00 00 00 00 00 00 00 00 00 00 00 00 00  ................
11ef0  00 00 00 00 00 00 00 00 00 00 00 00 00 00 00 00  ................
11f00  00 00 00 00 00 00 00 00 00 00 00 00 00 00 00 00  ................
11f10  00 00 00 00 00 00 00 00 00 00 00 00 00 00 00 00  ................
11f20  00 00 00 00 00 00 00 00 00 00 00 00 00 00 00 00  ................
11f30  00 00 00 00 00 00 00 00 00 00 00 00 00 00 00 00  ................
11f40  00 00 00 00 00 00 00 00 00 00 00 00 00 00 00 00  ................
11f50  00 00 00 00 00 00 00 00 00 00 00 00 00 00 00 00  ................
11f60  00 00 00 00 00 00 00 00 00 00 00 00 00 00 00 00  ................
11f70  00 00 00 00 00 00 00 00 00 00 00 00 00 00 00 00  ................
11f80  00 00 00 00 00 00 00 00 00 00 00 00 00 00 00 00  ................
11f90  00 00 00 00 00 00 00 00 00 00 00 00 00 00 00 00  ................
11fa0  00 00 00 00 00 00 00 00 00 00 00 00 00 00 00 00  ................
11fb0  00 00 00 00 00 00 00 00 00 00 00 00 00 00 00 00  ................
11fc0  00 00 00 00 00 00 00 00 00 00 00 00 00 00 00 00  ................
11fd0  00 00 00 00 00 00 00 00 00 00 00 00 00 00 00 00  ................
11fe0  00 00 00 00 00 00 00 00 00 00 00 00 00 00 00 00  ................
11ff0  00 00 00 00 00 00 00 00 00 00 00 00 00 00 00 00  ................
12000  00 00 00 00 00 00 00 00 00 00 00 00 00 00 00 00  ................
12010  00 00 00 00 00 00 00 00 00 00 00 00 00 00 00 00  ................
12020  00 00 00 00 00 00 00 00 00 00 00 00 00 00 00 00  ................
12030  00 00 00 00 00 00 00 00 00 00 00 00 00 00 00 00  ................
12040  00 00 00 00 00 00 00 00 00 00 00 00 00 00 00 00  ................
12050  00 00 00 00 00 00 00 00 00 00 00 00 00 00 00 00  ................
12060  00 00 00 00 00 00 00 00 00 00 00 00 00 00 00 00  ................
12070  00 00 00 00 00 00 00 00 00 00 00 00 00 00 00 00  ................
12080  00 00 00 00 00 00 00 00 00 00 00 00 00 00 00 00  ................
12090  00 00 00 00 00 00 00 00 00 00 00 00 00 00 00 00  ................
120a0  00 00 00 00 00 00 00 00 00 00 00 00 00 00 00 00  ................
120b0  00 00 00 00 00 00 00 00 00 00 00 00 00 00 00 00  ................
120c0  00 00 00 00 00 00 00 00 00 00 00 00 00 00 00 00  ................
120d0  00 00 00 00 00 00 00 00 00 00 00 00 00 00 00 00  ................
120e0  00 00 00 00 00 00 00 00 00 00 00 00 00 00 00 00  ................
120f0  00 00 00 00 00 00 00 00 00 00 00 00 00 00 00 00  ................
12100  00 00 00 00 00 00 00 00 00 00 00 00 00 00 00 00  ................
12110  00 00 00 00 00 00 00 00 00 00 00 00 00 00 00 00  ................
12120  00 00 00 00 00 00 00 00 00 00 00 00 00 00 00 00  ................
12130  00 00 00 00 00 00 00 00 00 00 00 00 00 00 00 00  ................
12140  00 00 00 00 00 00 00 00 00 00 00 00 00 00 00 00  ................
12150  00 00 00 00 00 00 00 00 00 00 00 00 00 00 00 00  ................
12160  00 00 00 00 00 00 00 00 00 00 00 00 00 00 00 00  ................
12170  00 00 00 00 00 00 00 00 00 00 00 00 00 00 00 00  ................
12180  00 00 00 00 00 00 00 00 00 00 00 00 00 00 00 00  ................
12190  00 00 00 00 00 00 00 00 00 00 00 00 00 00 00 00  ................
121a0  00 00 00 00 00 00 00 00 00 00 00 00 00 00 00 00  ................
121b0  00 00 00 00 00 00 00 00 00 00 00 00 00 00 00 00  ................
121c0  00 00 00 00 00 00 00 00 00 00 00 00 00 00 00 00  ................
121d0  00 00 00 00 00 00 00 00 00 00 00 00 00 00 00 00  ................
121e0  00 00 00 00 00 00 00 00 00 00 00 00 00 00 00 00  ................
121f0  00 00 00 00 00 00 00 00 00 00 00 00 00 00 00 00  ................
12200  00 00 00 00 00 00 00 00 00 00 00 00 00 00 00 00  ................
12210  00 00 00 00 00 00 00 00 00 00 00 00 00 00 00 00  ................
12220  00 00 00 00 00 00 00 00 00 00 00 00 00 00 00 00  ................
12230  00 00 00 00 00 00 00 00 00 00 00 00 00 00 00 00  ................
12240  00 00 00 00 00 00 00 00 00 00 00 00 00 00 00 00  ................
12250  00 00 00 00 00 00 00 00 00 00 00 00 00 00 00 00  ................
12260  00 00 00 00 00 00 00 00 00 00 00 00 00 00 00 00  ................
12270  00 00 00 00 00 00 00 00 00 00 00 00 00 00 00 00  ................
12280  00 00 00 00 00 00 00 00 00 00 00 00 00 00 00 00  ................
12290  00 00 00 00 00 00 00 00 00 00 00 00 00 00 00 00  ................
122a0  00 00 00 00 00 00 00 00 00 00 00 00 00 00 00 00  ................
122b0  00 00 00 00 00 00 00 00 00 00 00 00 00 00 00 00  ................
122c0  00 00 00 00 00 00 00 00 00 00 00 00 00 00 00 00  ................
122d0  00 00 00 00 00 00 00 00 00 00 00 00 00 00 00 00  ................
122e0  00 00 00 00 00 00 00 00 00 00 00 00 00 00 00 00  ................
122f0  00 00 00 00 00 00 00 00 00 00 00 00 00 00 00 00  ................
12300  00 00 00 00 00 00 00 00 00 00 00 00 00 00 00 00  ................
12310  00 00 00 00 00 00 00 00 00 00 00 00 00 00 00 00  ................
12320  00 00 00 00 00 00 00 00 00 00 00 00 00 00 00 00  ................
12330  00 00 00 00 00 00 00 00 00 00 00 00 00 00 00 00  ................
12340  00 00 00 00 00 00 00 00 00 00 00 00 00 00 00 00  ................
12350  00 00 00 00 00 00 00 00 00 00 00 00 00 00 00 00  ................
12360  00 00 00 00 00 00 00 00 00 00 00 00 00 00 00 00  ................
12370  00 00 00 00 00 00 00 00 00 00 00 00 00 00 00 00  ................
12380  00 00 00 00 00 00 00 00 00 00 00 00 00 00 00 00  ................
12390  00 00 00 00 00 00 00 00 00 00 00 00 00 00 00 00  ................
123a0  00 00 00 00 00 00 00 00 00 00 00 00 00 00 00 00  ................
123b0  00 00 00 00 00 00 00 00 00 00 00 00 00 00 00 00  ................
123c0  00 00 00 00 00 00 00 00 00 00 00 00 00 00 00 00  ................
123d0  00 00 00 00 00 00 00 00 00 00 00 00 00 00 00 00  ................
123e0  00 00 00 00 00 00 00 00 00 00 00 00 00 00 00 00  ................
123f0  00 00 00 00 00 00 00 00 00 00 00 00 00 00 00 00  ................
12400  00 00 00 00 00 00 00 00 00 00 00 00 00 00 00 00  ................
12410  00 00 00 00 00 00 00 00 00 00 00 00 00 00 00 00  ................
12420  00 00 00 00 00 00 00 00 00 00 00 00 00 00 00 00  ................
12430  00 00 00 00 00 00 00 00 00 00 00 00 00 00 00 00  ................
12440  00 00 00 00 00 00 00 00 00 00 00 00 00 00 00 00  ................
12450  00 00 00 00 00 00 00 00 00 00 00 00 00 00 00 00  ................
12460  00 00 00 00 00 00 00 00 00 00 00 00 00 00 00 00  ................
12470  00 00 00 00 00 00 00 00 00 00 00 00 00 00 00 00  ................
12480  00 00 00 00 00 00 00 00 00 00 00 00 00 00 00 00  ................
12490  00 00 00 00 00 00 00 00 00 00 00 00 00 00 00 00  ................
124a0  00 00 00 00 00 00 00 00 00 00 00 00 00 00 00 00  ................
124b0  00 00 00 00 00 00 00 00 00 00 00 00 00 00 00 00  ................
124c0  00 00 00 00 00 00 00 00 00 00 00 00 00 00 00 00  ................
124d0  00 00 00 00 00 00 00 00 00 00 00 00 00 00 00 00  ................
124e0  00 00 00 00 00 00 00 00 00 00 00 00 00 00 00 00  ................
124f0  00 00 00 00 00 00 00 00 00 00 00 00 00 00 00 00  ................
12500  00 00 00 00 00 00 00 00 00 00 00 00 00 00 00 00  ................
12510  00 00 00 00 00 00 00 00 00 00 00 00 00 00 00 00  ................
12520  00 00 00 00 00 00 00 00 00 00 00 00 00 00 00 00  ................
12530  00 00 00 00 00 00 00 00 00 00 00 00 00 00 00 00  ................
12540  00 00 00 00 00 00 00 00 00 00 00 00 00 00 00 00  ................
12550  00 00 00 00 00 00 00 00 00 00 00 00 00 00 00 00  ................
12560  00 00 00 00 00 00 00 00 00 00 00 00 00 00 00 00  ................
12570  00 00 00 00 00 00 00 00 00 00 00 00 00 00 00 00  ................
12580  00 00 00 00 00 00 00 00 00 00 00 00 00 00 00 00  ................
12590  00 00 00 00 00 00 00 00 00 00 00 00 00 00 00 00  ................
125a0  00 00 00 00 00 00 00 00 00 00 00 00 00 00 00 00  ................
125b0  00 00 00 00 00 00 00 00 00 00 00 00 00 00 00 00  ................
125c0  00 00 00 00 00 00 00 00 00 00 00 00 00 00 00 00  ................
125d0  00 00 00 00 00 00 00 00 00 00 00 00 00 00 00 00  ................
125e0  00 00 00 00 00 00 00 00 00 00 00 00 00 00 00 00  ................
125f0  00 00 00 00 00 00 00 00 00 00 00 00 00 00 00 00  ................
12600  00 00 00 00 00 00 00 00 00 00 00 00 00 00 00 00  ................
12610  00 00 00 00 00 00 00 00 00 00 00 00 00 00 00 00  ................
12620  00 00 00 00 00 00 00 00 00 00 00 00 00 00 00 00  ................
12630  00 00 00 00 00 00 00 00 00 00 00 00 00 00 00 00  ................
12640  00 00 00 00 00 00 00 00 00 00 00 00 00 00 00 00  ................
12650  00 00 00 00 00 00 00 00 00 00 00 00 00 00 00 00  ................
12660  00 00 00 00 00 00 00 00 00 00 00 00 00 00 00 00  ................
12670  00 00 00 00 00 00 00 00 00 00 00 00 00 00 00 00  ................
12680  00 00 00 00 00 00 00 00 00 00 00 00 00 00 00 00  ................
12690  00 00 00 00 00 00 00 00 00 00 00 00 00 00 00 00  ................
126a0  00 00 00 00 00 00 00 00 00 00 00 00 00 00 00 00  ................
126b0  00 00 00 00 00 00 00 00 00 00 00 00 00 00 00 00  ................
126c0  00 00 00 00 00 00 00 00 00 00 00 00 00 00 00 00  ................
126d0  00 00 00 00 00 00 00 00 00 00 00 00 00 00 00 00  ................
126e0  00 00 00 00 00 00 00 00 00 00 00 00 00 00 00 00  ................
126f0  00 00 00 00 00 00 00 00 00 00 00 00 00 00 00 00  ................
12700  00 00 00 00 00 00 00 00 00 00 00 00 00 00 00 00  ................
12710  00 00 00 00 00 00 00 00 00 00 00 00 00 00 00 00  ................
12720  00 00 00 00 00 00 00 00 00 00 00 00 00 00 00 00  ................
12730  00 00 00 00 00 00 00 00 00 00 00 00 00 00 00 00  ................
12740  00 00 00 00 00 00 00 00 00 00 00 00 00 00 00 00  ................
12750  00 00 00 00 00 00 00 00 00 00 00 00 00 00 00 00  ................
12760  00 00 00 00 00 00 00 00 00 00 00 00 00 00 00 00  ................
12770  00 00 00 00 00 00 00 00 00 00 00 00 00 00 00 00  ................
12780  00 00 00 00 00 00 00 00 00 00 00 00 00 00 00 00  ................
12790  00 00 00 00 00 00 00 00 00 00 00 00 00 00 00 00  ................
127a0  00 00 00 00 00 00 00 00 00 00 00 00 00 00 00 00  ................
127b0  00 00 00 00 00 00 00 00 00 00 00 00 00 00 00 00  ................
127c0  00 00 00 00 00 00 00 00 00 00 00 00 00 00 00 00  ................
127d0  00 00 00 00 00 00 00 00 00 00 00 00 00 00 00 00  ................
127e0  00 00 00 00 00 00 00 00 00 00 00 00 00 00 00 00  ................
127f0  00 00 00 00 00 00 00 00 00 00 00 00 00 00 00 00  ................
12800  00 00 00 00 00 00 00 00 00 00 00 00 00 00 00 00  ................
12810  00 00 00 00 00 00 00 00 00 00 00 00 00 00 00 00  ................
12820  00 00 00 00 00 00 00 00 00 00 00 00 00 00 00 00  ................
12830  00 00 00 00 00 00 00 00 00 00 00 00 00 00 00 00  ................
12840  00 00 00 00 00 00 00 00 00 00 00 00 00 00 00 00  ................
12850  00 00 00 00 00 00 00 00 00 00 00 00 00 00 00 00  ................
12860  00 00 00 00 00 00 00 00 00 00 00 00 00 00 00 00  ................
12870  00 00 00 00 00 00 00 00 00 00 00 00 00 00 00 00  ................
12880  00 00 00 00 00 00 00 00 00 00 00 00 00 00 00 00  ................
12890  00 00 00 00 00 00 00 00 00 00 00 00 00 00 00 00  ................
128a0  00 00 00 00 00 00 00 00 00 00 00 00 00 00 00 00  ................
128b0  00 00 00 00 00 00 00 00 00 00 00 00 00 00 00 00  ................
128c0  00 00 00 00 00 00 00 00 00 00 00 00 00 00 00 00  ................
128d0  00 00 00 00 00 00 00 00 00 00 00 00 00 00 00 00  ................
128e0  00 00 00 00 00 00 00 00 00 00 00 00 00 00 00 00  ................
128f0  00 00 00 00 00 00 00 00 00 00 00 00 00 00 00 00  ................
12900  00 00 00 00 00 00 00 00 00 00 00 00 00 00 00 00  ................
12910  00 00 00 00 00 00 00 00 00 00 00 00 00 00 00 00  ................
12920  00 00 00 00 00 00 00 00 00 00 00 00 00 00 00 00  ................
12930  00 00 00 00 00 00 00 00 00 00 00 00 00 00 00 00  ................
12940  00 00 00 00 00 00 00 00 00 00 00 00 00 00 00 00  ................
12950  00 00 00 00 00 00 00 00 00 00 00 00 00 00 00 00  ................
12960  00 00 00 00 00 00 00 00 00 00 00 00 00 00 00 00  ................
12970  00 00 00 00 00 00 00 00 00 00 00 00 00 00 00 00  ................
12980  00 00 00 00 00 00 00 00 00 00 00 00 00 00 00 00  ................
12990  00 00 00 00 00 00 00 00 00 00 00 00 00 00 00 00  ................
129a0  00 00 00 00 00 00 00 00 00 00 00 00 00 00 00 00  ................
129b0  00 00 00 00 00 00 00 00 00 00 00 00 00 00 00 00  ................
129c0  00 00 00 00 00 00 00 00 00 00 00 00 00 00 00 00  ................
129d0  00 00 00 00 00 00 00 00 00 00 00 00 00 00 00 00  ................
129e0  00 00 00 00 00 00 00 00 00 00 00 00 00 00 00 00  ................
129f0  00 00 00 00 00 00 00 00 00 00 00 00 00 00 00 00  ................
12a00  00 00 00 00 00 00 00 00 00 00 00 00 00 00 00 00  ................
12a10  00 00 00 00 00 00 00 00 00 00 00 00 00 00 00 00  ................
12a20  00 00 00 00 00 00 00 00 00 00 00 00 00 00 00 00  ................
12a30  00 00 00 00 00 00 00 00 00 00 00 00 00 00 00 00  ................
12a40  00 00 00 00 00 00 00 00 00 00 00 00 00 00 00 00  ................
12a50  00 00 00 00 00 00 00 00 00 00 00 00 00 00 00 00  ................
12a60  00 00 00 00 00 00 00 00 00 00 00 00 00 00 00 00  ................
12a70  00 00 00 00 00 00 00 00 00 00 00 00 00 00 00 00  ................
12a80  00 00 00 00 00 00 00 00 00 00 00 00 00 00 00 00  ................
12a90  00 00 00 00 00 00 00 00 00 00 00 00 00 00 00 00  ................
12aa0  00 00 00 00 00 00 00 00 00 00 00 00 00 00 00 00  ................
12ab0  00 00 00 00 00 00 00 00 00 00 00 00 00 00 00 00  ................
12ac0  00 00 00 00 00 00 00 00 00 00 00 00 00 00 00 00  ................
12ad0  00 00 00 00 00 00 00 00 00 00 00 00 00 00 00 00  ................
12ae0  00 00 00 00 00 00 00 00 00 00 00 00 00 00 00 00  ................
12af0  00 00 00 00 00 00 00 00 00 00 00 00 00 00 00 00  ................
12b00  00 00 00 00 00 00 00 00 00 00 00 00 00 00 00 00  ................
12b10  00 00 00 00 00 00 00 00 00 00 00 00 00 00 00 00  ................
12b20  00 00 00 00 00 00 00 00 00 00 00 00 00 00 00 00  ................
12b30  00 00 00 00 00 00 00 00 00 00 00 00 00 00 00 00  ................
12b40  00 00 00 00 00 00 00 00 00 00 00 00 00 00 00 00  ................
12b50  00 00 00 00 00 00 00 00 00 00 00 00 00 00 00 00  ................
12b60  00 00 00 00 00 00 00 00 00 00 00 00 00 00 00 00  ................
12b70  00 00 00 00 00 00 00 00 00 00 00 00 00 00 00 00  ................
12b80  00 00 00 00 00 00 00 00 00 00 00 00 00 00 00 00  ................
12b90  00 00 00 00 00 00 00 00 00 00 00 00 00 00 00 00  ................
12ba0  00 00 00 00 00 00 00 00 00 00 00 00 00 00 00 00  ................
12bb0  00 00 00 00 00 00 00 00 00 00 00 00 00 00 00 00  ................
12bc0  00 00 00 00 00 00 00 00 00 00 00 00 00 00 00 00  ................
12bd0  00 00 00 00 00 00 00 00 00 00 00 00 00 00 00 00  ................
12be0  00 00 00 00 00 00 00 00 00 00 00 00 00 00 00 00  ................
12bf0  00 00 00 00 00 00 00 00 00 00 00 00 00 00 00 00  ................
12c00  00 00 00 00 00 00 00 00 00 00 00 00 00 00 00 00  ................
12c10  00 00 00 00 00 00 00 00 00 00 00 00 00 00 00 00  ................
12c20  00 00 00 00 00 00 00 00 00 00 00 00 00 00 00 00  ................
12c30  00 00 00 00 00 00 00 00 00 00 00 00 00 00 00 00  ................
12c40  00 00 00 00 00 00 00 00 00 00 00 00 00 00 00 00  ................
12c50  00 00 00 00 00 00 00 00 00 00 00 00 00 00 00 00  ................
12c60  00 00 00 00 00 00 00 00 00 00 00 00 00 00 00 00  ................
12c70  00 00 00 00 00 00 00 00 00 00 00 00 00 00 00 00  ................
12c80  00 00 00 00 00 00 00 00 00 00 00 00 00 00 00 00  ................
12c90  00 00 00 00 00 00 00 00 00 00 00 00 00 00 00 00  ................
12ca0  00 00 00 00 00 00 00 00 00 00 00 00 00 00 00 00  ................
12cb0  00 00 00 00 00 00 00 00 00 00 00 00 00 00 00 00  ................
12cc0  00 00 00 00 00 00 00 00 00 00 00 00 00 00 00 00  ................
12cd0  00 00 00 00 00 00 00 00 00 00 00 00 00 00 00 00  ................
12ce0  00 00 00 00 00 00 00 00 00 00 00 00 00 00 00 00  ................
12cf0  00 00 00 00 00 00 00 00 00 00 00 00 00 00 00 00  ................
12d00  00 00 00 00 00 00 00 00 00 00 00 00 00 00 00 00  ................
12d10  00 00 00 00 00 00 00 00 00 00 00 00 00 00 00 00  ................
12d20  00 00 00 00 00 00 00 00 00 00 00 00 00 00 00 00  ................
12d30  00 00 00 00 00 00 00 00 00 00 00 00 00 00 00 00  ................
12d40  00 00 00 00 00 00 00 00 00 00 00 00 00 00 00 00  ................
12d50  00 00 00 00 00 00 00 00 00 00 00 00 00 00 00 00  ................
12d60  00 00 00 00 00 00 00 00 00 00 00 00 00 00 00 00  ................
12d70  00 00 00 00 00 00 00 00 00 00 00 00 00 00 00 00  ................
12d80  00 00 00 00 00 00 00 00 00 00 00 00 00 00 00 00  ................
12d90  00 00 00 00 00 00 00 00 00 00 00 00 00 00 00 00  ................
12da0  00 00 00 00 00 00 00 00 00 00 00 00 00 00 00 00  ................
12db0  00 00 00 00 00 00 00 00 00 00 00 00 00 00 00 00  ................
12dc0  00 00 00 00 00 00 00 00 00 00 00 00 00 00 00 00  ................
12dd0  00 00 00 00 00 00 00 00 00 00 00 00 00 00 00 00  ................
12de0  00 00 00 00 00 00 00 00 00 00 00 00 00 00 00 00  ................
12df0  00 00 00 00 00 00 00 00 00 00 00 00 00 00 00 00  ................
12e00  00 00 00 00 00 00 00 00 00 00 00 00 00 00 00 00  ................
12e10  00 00 00 00 00 00 00 00 00 00 00 00 00 00 00 00  ................
12e20  00 00 00 00 00 00 00 00 00 00 00 00 00 00 00 00  ................
12e30  00 00 00 00 00 00 00 00 00 00 00 00 00 00 00 00  ................
12e40  00 00 00 00 00 00 00 00 00 00 00 00 00 00 00 00  ................
12e50  00 00 00 00 00 00 00 00 00 00 00 00 00 00 00 00  ................
12e60  00 00 00 00 00 00 00 00 00 00 00 00 00 00 00 00  ................
12e70  00 00 00 00 00 00 00 00 00 00 00 00 00 00 00 00  ................
12e80  00 00 00 00 00 00 00 00 00 00 00 00 00 00 00 00  ................
12e90  00 00 00 00 00 00 00 00 00 00 00 00 00 00 00 00  ................
12ea0  00 00 00 00 00 00 00 00 00 00 00 00 00 00 00 00  ................
12eb0  00 00 00 00 00 00 00 00 00 00 00 00 00 00 00 00  ................
12ec0  00 00 00 00 00 00 00 00 00 00 00 00 00 00 00 00  ................
12ed0  00 00 00 00 00 00 00 00 00 00 00 00 00 00 00 00  ................
12ee0  00 00 00 00 00 00 00 00 00 00 00 00 00 00 00 00  ................
12ef0  00 00 00 00 00 00 00 00 00 00 00 00 00 00 00 00  ................
12f00  00 00 00 00 00 00 00 00 00 00 00 00 00 00 00 00  ................
12f10  00 00 00 00 00 00 00 00 00 00 00 00 00 00 00 00  ................
12f20  00 00 00 00 00 00 00 00 00 00 00 00 00 00 00 00  ................
12f30  00 00 00 00 00 00 00 00 00 00 00 00 00 00 00 00  ................
12f40  00 00 00 00 00 00 00 00 00 00 00 00 00 00 00 00  ................
12f50  00 00 00 00 00 00 00 00 00 00 00 00 00 00 00 00  ................
12f60  00 00 00 00 00 00 00 00 00 00 00 00 00 00 00 00  ................
12f70  00 00 00 00 00 00 00 00 00 00 00 00 00 00 00 00  ................
12f80  00 00 00 00 00 00 00 00 00 00 00 00 00 00 00 00  ................
12f90  00 00 00 00 00 00 00 00 00 00 00 00 00 00 00 00  ................
12fa0  00 00 00 00 00 00 00 00 00 00 00 00 00 00 00 00  ................
12fb0  00 00 00 00 00 00 00 00 00 00 00 00 00 00 00 00  ................
12fc0  00 00 00 00 00 00 00 00 00 00 00 00 00 00 00 00  ................
12fd0  00 00 00 00 00 00 00 00 00 00 00 00 00 00 00 00  ................
12fe0  00 00 00 00 00 00 00 00 00 00 00 00 00 00 00 00  ................
12ff0  00 00 00 00 00 00 00 00 00 00 00 00 00 00 00 00  ................
13000  00 00 00 00 00 00 00 00 00 00 00 00 00 00 00 00  ................
13010  00 00 00 00 00 00 00 00 00 00 00 00 00 00 00 00  ................
13020  00 00 00 00 00 00 00 00 00 00 00 00 00 00 00 00  ................
13030  00 00 00 00 00 00 00 00 00 00 00 00 00 00 00 00  ................
13040  00 00 00 00 00 00 00 00 00 00 00 00 00 00 00 00  ................
13050  00 00 00 00 00 00 00 00 00 00 00 00 00 00 00 00  ................
13060  00 00 00 00 00 00 00 00 00 00 00 00 00 00 00 00  ................
13070  00 00 00 00 00 00 00 00 00 00 00 00 00 00 00 00  ................
13080  00 00 00 00 00 00 00 00 00 00 00 00 00 00 00 00  ................
13090  00 00 00 00 00 00 00 00 00 00 00 00 00 00 00 00  ................
130a0  00 00 00 00 00 00 00 00 00 00 00 00 00 00 00 00  ................
130b0  00 00 00 00 00 00 00 00 00 00 00 00 00 00 00 00  ................
130c0  00 00 00 00 00 00 00 00 00 00 00 00 00 00 00 00  ................
130d0  00 00 00 00 00 00 00 00 00 00 00 00 00 00 00 00  ................
130e0  00 00 00 00 00 00 00 00 00 00 00 00 00 00 00 00  ................
130f0  00 00 00 00 00 00 00 00 00 00 00 00 00 00 00 00  ................
13100  00 00 00 00 00 00 00 00 00 00 00 00 00 00 00 00  ................
13110  00 00 00 00 00 00 00 00 00 00 00 00 00 00 00 00  ................
13120  00 00 00 00 00 00 00 00 00 00 00 00 00 00 00 00  ................
13130  00 00 00 00 00 00 00 00 00 00 00 00 00 00 00 00  ................
13140  00 00 00 00 00 00 00 00 00 00 00 00 00 00 00 00  ................
13150  00 00 00 00 00 00 00 00 00 00 00 00 00 00 00 00  ................
13160  00 00 00 00 00 00 00 00 00 00 00 00 00 00 00 00  ................
13170  00 00 00 00 00 00 00 00 00 00 00 00 00 00 00 00  ................
13180  00 00 00 00 00 00 00 00 00 00 00 00 00 00 00 00  ................
13190  00 00 00 00 00 00 00 00 00 00 00 00 00 00 00 00  ................
131a0  00 00 00 00 00 00 00 00 00 00 00 00 00 00 00 00  ................
131b0  00 00 00 00 00 00 00 00 00 00 00 00 00 00 00 00  ................
131c0  00 00 00 00 00 00 00 00 00 00 00 00 00 00 00 00  ................
131d0  00 00 00 00 00 00 00 00 00 00 00 00 00 00 00 00  ................
131e0  00 00 00 00 00 00 00 00 00 00 00 00 00 00 00 00  ................
131f0  00 00 00 00 00 00 00 00 00 00 00 00 00 00 00 00  ................
13200  00 00 00 00 00 00 00 00 00 00 00 00 00 00 00 00  ................
13210  00 00 00 00 00 00 00 00 00 00 00 00 00 00 00 00  ................
13220  00 00 00 00 00 00 00 00 00 00 00 00 00 00 00 00  ................
13230  00 00 00 00 00 00 00 00 00 00 00 00 00 00 00 00  ................
13240  00 00 00 00 00 00 00 00 00 00 00 00 00 00 00 00  ................
13250  00 00 00 00 00 00 00 00 00 00 00 00 00 00 00 00  ................
13260  00 00 00 00 00 00 00 00 00 00 00 00 00 00 00 00  ................
13270  00 00 00 00 00 00 00 00 00 00 00 00 00 00 00 00  ................
13280  00 00 00 00 00 00 00 00 00 00 00 00 00 00 00 00  ................
13290  00 00 00 00 00 00 00 00 00 00 00 00 00 00 00 00  ................
132a0  00 00 00 00 00 00 00 00 00 00 00 00 00 00 00 00  ................
132b0  00 00 00 00 00 00 00 00 00 00 00 00 00 00 00 00  ................
132c0  00 00 00 00 00 00 00 00 00 00 00 00 00 00 00 00  ................
132d0  00 00 00 00 00 00 00 00 00 00 00 00 00 00 00 00  ................
132e0  00 00 00 00 00 00 00 00 00 00 00 00 00 00 00 00  ................
132f0  00 00 00 00 00 00 00 00 00 00 00 00 00 00 00 00  ................
13300  00 00 00 00 00 00 00 00 00 00 00 00 00 00 00 00  ................
13310  00 00 00 00 00 00 00 00 00 00 00 00 00 00 00 00  ................
13320  00 00 00 00 00 00 00 00 00 00 00 00 00 00 00 00  ................
13330  00 00 00 00 00 00 00 00 00 00 00 00 00 00 00 00  ................
13340  00 00 00 00 00 00 00 00 00 00 00 00 00 00 00 00  ................
13350  00 00 00 00 00 00 00 00 00 00 00 00 00 00 00 00  ................
13360  00 00 00 00 00 00 00 00 00 00 00 00 00 00 00 00  ................
13370  00 00 00 00 00 00 00 00 00 00 00 00 00 00 00 00  ................
13380  00 00 00 00 00 00 00 00 00 00 00 00 00 00 00 00  ................
13390  00 00 00 00 00 00 00 00 00 00 00 00 00 00 00 00  ................
133a0  00 00 00 00 00 00 00 00 00 00 00 00 00 00 00 00  ................
133b0  00 00 00 00 00 00 00 00 00 00 00 00 00 00 00 00  ................
133c0  00 00 00 00 00 00 00 00 00 00 00 00 00 00 00 00  ................
133d0  00 00 00 00 00 00 00 00 00 00 00 00 00 00 00 00  ................
133e0  00 00 00 00 00 00 00 00 00 00 00 00 00 00 00 00  ................
133f0  00 00 00 00 00 00 00 00 00 00 00 00 00 00 00 00  ................
13400  00 00 00 00 00 00 00 00 00 00 00 00 00 00 00 00  ................
13410  00 00 00 00 00 00 00 00 00 00 00 00 00 00 00 00  ................
13420  00 00 00 00 00 00 00 00 00 00 00 00 00 00 00 00  ................
13430  00 00 00 00 00 00 00 00 00 00 00 00 00 00 00 00  ................
13440  00 00 00 00 00 00 00 00 00 00 00 00 00 00 00 00  ................
13450  00 00 00 00 00 00 00 00 00 00 00 00 00 00 00 00  ................
13460  00 00 00 00 00 00 00 00 00 00 00 00 00 00 00 00  ................
13470  00 00 00 00 00 00 00 00 00 00 00 00 00 00 00 00  ................
13480  00 00 00 00 00 00 00 00 00 00 00 00 00 00 00 00  ................
13490  00 00 00 00 00 00 00 00 00 00 00 00 00 00 00 00  ................
134a0  00 00 00 00 00 00 00 00 00 00 00 00 00 00 00 00  ................
134b0  00 00 00 00 00 00 00 00 00 00 00 00 00 00 00 00  ................
134c0  00 00 00 00 00 00 00 00 00 00 00 00 00 00 00 00  ................
134d0  00 00 00 00 00 00 00 00 00 00 00 00 00 00 00 00  ................
134e0  00 00 00 00 00 00 00 00 00 00 00 00 00 00 00 00  ................
134f0  00 00 00 00 00 00 00 00 00 00 00 00 00 00 00 00  ................
13500  00 00 00 00 00 00 00 00 00 00 00 00 00 00 00 00  ................
13510  00 00 00 00 00 00 00 00 00 00 00 00 00 00 00 00  ................
13520  00 00 00 00 00 00 00 00 00 00 00 00 00 00 00 00  ................
13530  00 00 00 00 00 00 00 00 00 00 00 00 00 00 00 00  ................
13540  00 00 00 00 00 00 00 00 00 00 00 00 00 00 00 00  ................
13550  00 00 00 00 00 00 00 00 00 00 00 00 00 00 00 00  ................
13560  00 00 00 00 00 00 00 00 00 00 00 00 00 00 00 00  ................
13570  00 00 00 00 00 00 00 00 00 00 00 00 00 00 00 00  ................
13580  00 00 00 00 00 00 00 00 00 00 00 00 00 00 00 00  ................
13590  00 00 00 00 00 00 00 00 00 00 00 00 00 00 00 00  ................
135a0  00 00 00 00 00 00 00 00 00 00 00 00 00 00 00 00  ................
135b0  00 00 00 00 00 00 00 00 00 00 00 00 00 00 00 00  ................
135c0  00 00 00 00 00 00 00 00 00 00 00 00 00 00 00 00  ................
135d0  00 00 00 00 00 00 00 00 00 00 00 00 00 00 00 00  ................
135e0  00 00 00 00 00 00 00 00 00 00 00 00 00 00 00 00  ................
135f0  00 00 00 00 00 00 00 00 00 00 00 00 00 00 00 00  ................
13600  00 00 00 00 00 00 00 00 00 00 00 00 00 00 00 00  ................
13610  00 00 00 00 00 00 00 00 00 00 00 00 00 00 00 00  ................
13620  00 00 00 00 00 00 00 00 00 00 00 00 00 00 00 00  ................
13630  00 00 00 00 00 00 00 00 00 00 00 00 00 00 00 00  ................
13640  00 00 00 00 00 00 00 00 00 00 00 00 00 00 00 00  ................
13650  00 00 00 00 00 00 00 00 00 00 00 00 00 00 00 00  ................
13660  00 00 00 00 00 00 00 00 00 00 00 00 00 00 00 00  ................
13670  00 00 00 00 00 00 00 00 00 00 00 00 00 00 00 00  ................
13680  00 00 00 00 00 00 00 00 00 00 00 00 00 00 00 00  ................
13690  00 00 00 00 00 00 00 00 00 00 00 00 00 00 00 00  ................
136a0  00 00 00 00 00 00 00 00 00 00 00 00 00 00 00 00  ................
136b0  00 00 00 00 00 00 00 00 00 00 00 00 00 00 00 00  ................
136c0  00 00 00 00 00 00 00 00 00 00 00 00 00 00 00 00  ................
136d0  00 00 00 00 00 00 00 00 00 00 00 00 00 00 00 00  ................
136e0  00 00 00 00 00 00 00 00 00 00 00 00 00 00 00 00  ................
136f0  00 00 00 00 00 00 00 00 00 00 00 00 00 00 00 00  ................
13700  00 00 00 00 00 00 00 00 00 00 00 00 00 00 00 00  ................
13710  00 00 00 00 00 00 00 00 00 00 00 00 00 00 00 00  ................
13720  00 00 00 00 00 00 00 00 00 00 00 00 00 00 00 00  ................
13730  00 00 00 00 00 00 00 00 00 00 00 00 00 00 00 00  ................
13740  00 00 00 00 00 00 00 00 00 00 00 00 00 00 00 00  ................
13750  00 00 00 00 00 00 00 00 00 00 00 00 00 00 00 00  ................
13760  00 00 00 00 00 00 00 00 00 00 00 00 00 00 00 00  ................
13770  00 00 00 00 00 00 00 00 00 00 00 00 00 00 00 00  ................
13780  00 00 00 00 00 00 00 00 00 00 00 00 00 00 00 00  ................
13790  00 00 00 00 00 00 00 00 00 00 00 00 00 00 00 00  ................
137a0  00 00 00 00 00 00 00 00 00 00 00 00 00 00 00 00  ................
137b0  00 00 00 00 00 00 00 00 00 00 00 00 00 00 00 00  ................
137c0  00 00 00 00 00 00 00 00 00 00 00 00 00 00 00 00  ................
137d0  00 00 00 00 00 00 00 00 00 00 00 00 00 00 00 00  ................
137e0  00 00 00 00 00 00 00 00 00 00 00 00 00 00 00 00  ................
137f0  00 00 00 00 00 00 00 00 00 00 00 00 00 00 00 00  ................
13800  00 00 00 00 00 00 00 00 00 00 00 00 00 00 00 00  ................
13810  00 00 00 00 00 00 00 00 00 00 00 00 00 00 00 00  ................
13820  00 00 00 00 00 00 00 00 00 00 00 00 00 00 00 00  ................
13830  00 00 00 00 00 00 00 00 00 00 00 00 00 00 00 00  ................
13840  00 00 00 00 00 00 00 00 00 00 00 00 00 00 00 00  ................
13850  00 00 00 00 00 00 00 00 00 00 00 00 00 00 00 00  ................
13860  00 00 00 00 00 00 00 00 00 00 00 00 00 00 00 00  ................
13870  00 00 00 00 00 00 00 00 00 00 00 00 00 00 00 00  ................
13880  00 00 00 00 00 00 00 00 00 00 00 00 00 00 00 00  ................
13890  00 00 00 00 00 00 00 00 00 00 00 00 00 00 00 00  ................
138a0  00 00 00 00 00 00 00 00 00 00 00 00 00 00 00 00  ................
138b0  00 00 00 00 00 00 00 00 00 00 00 00 00 00 00 00  ................
138c0  00 00 00 00 00 00 00 00 00 00 00 00 00 00 00 00  ................
138d0  00 00 00 00 00 00 00 00 00 00 00 00 00 00 00 00  ................
138e0  00 00 00 00 00 00 00 00 00 00 00 00 00 00 00 00  ................
138f0  00 00 00 00 00 00 00 00 00 00 00 00 00 00 00 00  ................
13900  00 00 00 00 00 00 00 00 00 00 00 00 00 00 00 00  ................
13910  00 00 00 00 00 00 00 00 00 00 00 00 00 00 00 00  ................
13920  00 00 00 00 00 00 00 00 00 00 00 00 00 00 00 00  ................
13930  00 00 00 00 00 00 00 00 00 00 00 00 00 00 00 00  ................
13940  00 00 00 00 00 00 00 00 00 00 00 00 00 00 00 00  ................
13950  00 00 00 00 00 00 00 00 00 00 00 00 00 00 00 00  ................
13960  00 00 00 00 00 00 00 00 00 00 00 00 00 00 00 00  ................
13970  00 00 00 00 00 00 00 00 00 00 00 00 00 00 00 00  ................
13980  00 00 00 00 00 00 00 00 00 00 00 00 00 00 00 00  ................
13990  00 00 00 00 00 00 00 00 00 00 00 00 00 00 00 00  ................
139a0  00 00 00 00 00 00 00 00 00 00 00 00 00 00 00 00  ................
139b0  00 00 00 00 00 00 00 00 00 00 00 00 00 00 00 00  ................
139c0  00 00 00 00 00 00 00 00 00 00 00 00 00 00 00 00  ................
139d0  00 00 00 00 00 00 00 00 00 00 00 00 00 00 00 00  ................
139e0  00 00 00 00 00 00 00 00 00 00 00 00 00 00 00 00  ................
139f0  00 00 00 00 00 00 00 00 00 00 00 00 00 00 00 00  ................
13a00  00 00 00 00 00 00 00 00 00 00 00 00 00 00 00 00  ................
13a10  00 00 00 00 00 00 00 00 00 00 00 00 00 00 00 00  ................
13a20  00 00 00 00 00 00 00 00 00 00 00 00 00 00 00 00  ................
13a30  00 00 00 00 00 00 00 00 00 00 00 00 00 00 00 00  ................
13a40  00 00 00 00 00 00 00 00 00 00 00 00 00 00 00 00  ................
13a50  00 00 00 00 00 00 00 00 00 00 00 00 00 00 00 00  ................
13a60  00 00 00 00 00 00 00 00 00 00 00 00 00 00 00 00  ................
13a70  00 00 00 00 00 00 00 00 00 00 00 00 00 00 00 00  ................
13a80  00 00 00 00 00 00 00 00 00 00 00 00 00 00 00 00  ................
13a90  00 00 00 00 00 00 00 00 00 00 00 00 00 00 00 00  ................
13aa0  00 00 00 00 00 00 00 00 00 00 00 00 00 00 00 00  ................
13ab0  00 00 00 00 00 00 00 00 00 00 00 00 00 00 00 00  ................
13ac0  00 00 00 00 00 00 00 00 00 00 00 00 00 00 00 00  ................
13ad0  00 00 00 00 00 00 00 00 00 00 00 00 00 00 00 00  ................
13ae0  00 00 00 00 00 00 00 00 00 00 00 00 00 00 00 00  ................
13af0  00 00 00 00 00 00 00 00 00 00 00 00 00 00 00 00  ................
13b00  00 00 00 00 00 00 00 00 00 00 00 00 00 00 00 00  ................
13b10  00 00 00 00 00 00 00 00 00 00 00 00 00 00 00 00  ................
13b20  00 00 00 00 00 00 00 00 00 00 00 00 00 00 00 00  ................
13b30  00 00 00 00 00 00 00 00 00 00 00 00 00 00 00 00  ................
13b40  00 00 00 00 00 00 00 00 00 00 00 00 00 00 00 00  ................
13b50  00 00 00 00 00 00 00 00 00 00 00 00 00 00 00 00  ................
13b60  00 00 00 00 00 00 00 00 00 00 00 00 00 00 00 00  ................
13b70  00 00 00 00 00 00 00 00 00 00 00 00 00 00 00 00  ................
13b80  00 00 00 00 00 00 00 00 00 00 00 00 00 00 00 00  ................
13b90  00 00 00 00 00 00 00 00 00 00 00 00 00 00 00 00  ................
13ba0  00 00 00 00 00 00 00 00 00 00 00 00 00 00 00 00  ................
13bb0  00 00 00 00 00 00 00 00 00 00 00 00 00 00 00 00  ................
13bc0  00 00 00 00 00 00 00 00 00 00 00 00 00 00 00 00  ................
13bd0  00 00 00 00 00 00 00 00 00 00 00 00 00 00 00 00  ................
13be0  00 00 00 00 00 00 00 00 00 00 00 00 00 00 00 00  ................
13bf0  00 00 00 00 00 00 00 00 00 00 00 00 00 00 00 00  ................
13c00  00 00 00 00 00 00 00 00 00 00 00 00 00 00 00 00  ................
13c10  00 00 00 00 00 00 00 00 00 00 00 00 00 00 00 00  ................
13c20  00 00 00 00 00 00 00 00 00 00 00 00 00 00 00 00  ................
13c30  00 00 00 00 00 00 00 00 00 00 00 00 00 00 00 00  ................
13c40  00 00 00 00 00 00 00 00 00 00 00 00 00 00 00 00  ................
13c50  00 00 00 00 00 00 00 00 00 00 00 00 00 00 00 00  ................
13c60  00 00 00 00 00 00 00 00 00 00 00 00 00 00 00 00  ................
13c70  00 00 00 00 00 00 00 00 00 00 00 00 00 00 00 00  ................
13c80  00 00 00 00 00 00 00 00 00 00 00 00 00 00 00 00  ................
13c90  00 00 00 00 00 00 00 00 00 00 00 00 00 00 00 00  ................
13ca0  00 00 00 00 00 00 00 00 00 00 00 00 00 00 00 00  ................
13cb0  00 00 00 00 00 00 00 00 00 00 00 00 00 00 00 00  ................
13cc0  00 00 00 00 00 00 00 00 00 00 00 00 00 00 00 00  ................
13cd0  00 00 00 00 00 00 00 00 00 00 00 00 00 00 00 00  ................
13ce0  00 00 00 00 00 00 00 00 00 00 00 00 00 00 00 00  ................
13cf0  00 00 00 00 00 00 00 00 00 00 00 00 00 00 00 00  ................
13d00  00 00 00 00 00 00 00 00 00 00 00 00 00 00 00 00  ................
13d10  00 00 00 00 00 00 00 00 00 00 00 00 00 00 00 00  ................
13d20  00 00 00 00 00 00 00 00 00 00 00 00 00 00 00 00  ................
13d30  00 00 00 00 00 00 00 00 00 00 00 00 00 00 00 00  ................
13d40  00 00 00 00 00 00 00 00 00 00 00 00 00 00 00 00  ................
13d50  00 00 00 00 00 00 00 00 00 00 00 00 00 00 00 00  ................
13d60  00 00 00 00 00 00 00 00 00 00 00 00 00 00 00 00  ................
13d70  00 00 00 00 00 00 00 00 00 00 00 00 00 00 00 00  ................
13d80  00 00 00 00 00 00 00 00 00 00 00 00 00 00 00 00  ................
13d90  00 00 00 00 00 00 00 00 00 00 00 00 00 00 00 00  ................
13da0  00 00 00 00 00 00 00 00 00 00 00 00 00 00 00 00  ................
13db0  00 00 00 00 00 00 00 00 00 00 00 00 00 00 00 00  ................
13dc0  00 00 00 00 00 00 00 00 00 00 00 00 00 00 00 00  ................
13dd0  00 00 00 00 00 00 00 00 00 00 00 00 00 00 00 00  ................
13de0  00 00 00 00 00 00 00 00 00 00 00 00 00 00 00 00  ................
13df0  00 00 00 00 00 00 00 00 00 00 00 00 00 00 00 00  ................
13e00  00 00 00 00 00 00 00 00 00 00 00 00 00 00 00 00  ................
13e10  00 00 00 00 00 00 00 00 00 00 00 00 00 00 00 00  ................
13e20  00 00 00 00 00 00 00 00 00 00 00 00 00 00 00 00  ................
13e30  00 00 00 00 00 00 00 00 00 00 00 00 00 00 00 00  ................
13e40  00 00 00 00 00 00 00 00 00 00 00 00 00 00 00 00  ................
13e50  00 00 00 00 00 00 00 00 00 00 00 00 00 00 00 00  ................
13e60  00 00 00 00 00 00 00 00 00 00 00 00 00 00 00 00  ................
13e70  00 00 00 00 00 00 00 00 00 00 00 00 00 00 00 00  ................
13e80  00 00 00 00 00 00 00 00 00 00 00 00 00 00 00 00  ................
13e90  00 00 00 00 00 00 00 00 00 00 00 00 00 00 00 00  ................
13ea0  00 00 00 00 00 00 00 00 00 00 00 00 00 00 00 00  ................
13eb0  00 00 00 00 00 00 00 00 00 00 00 00 00 00 00 00  ................
13ec0  00 00 00 00 00 00 00 00 00 00 00 00 00 00 00 00  ................
13ed0  00 00 00 00 00 00 00 00 00 00 00 00 00 00 00 00  ................
13ee0  00 00 00 00 00 00 00 00 00 00 00 00 00 00 00 00  ................
13ef0  00 00 00 00 00 00 00 00 00 00 00 00 00 00 00 00  ................
13f00  00 00 00 00 00 00 00 00 00 00 00 00 00 00 00 00  ................
13f10  00 00 00 00 00 00 00 00 00 00 00 00 00 00 00 00  ................
13f20  00 00 00 00 00 00 00 00 00 00 00 00 00 00 00 00  ................
13f30  00 00 00 00 00 00 00 00 00 00 00 00 00 00 00 00  ................
13f40  00 00 00 00 00 00 00 00 00 00 00 00 00 00 00 00  ................
13f50  00 00 00 00 00 00 00 00 00 00 00 00 00 00 00 00  ................
13f60  00 00 00 00 00 00 00 00 00 00 00 00 00 00 00 00  ................
13f70  00 00 00 00 00 00 00 00 00 00 00 00 00 00 00 00  ................
13f80  00 00 00 00 00 00 00 00 00 00 00 00 00 00 00 00  ................
13f90  00 00 00 00 00 00 00 00 00 00 00 00 00 00 00 00  ................
13fa0  00 00 00 00 00 00 00 00 00 00 00 00 00 00 00 00  ................
13fb0  00 00 00 00 00 00 00 00 00 00 00 00 00 00 00 00  ................
13fc0  00 00 00 00 00 00 00 00 00 00 00 00 00 00 00 00  ................
13fd0  00 00 00 00 00 00 00 00 00 00 00 00 00 00 00 00  ................
13fe0  00 00 00 00 00 00 00 00 00 00 00 00 00 00 00 00  ................
13ff0  00 00 00 00 00 00 00 00 00 00 00 00 00 00 00 00  ................
